user_id,trial_id,sample_id,a_x,a_y,a_z,w_x,w_y,w_z,m_x,m_y,m_z,Direccion,velocidad_objetivo
0,1,1,-0.97380,-0.09882,0.01763,0.02077,-0.04826,-0.02520,0.00,0.00,0.00,Neutra,0.00
0,1,2,-0.97990,-0.09077,0.02739,0.02917,-0.04627,-0.01787,0.00,0.00,0.00,Neutra,0.00
0,1,3,-0.98259,-0.09870,0.02416,0.03803,-0.04169,-0.01206,0.00,0.00,0.00,Neutra,0.00
0,1,4,-0.97643,-0.09485,0.00647,0.04490,-0.03329,-0.01451,0.00,0.00,0.00,Neutra,0.00
0,1,5,-0.96508,-0.10120,0.01440,0.06994,-0.04917,-0.04490,0.00,0.00,0.00,Neutra,0.00
0,1,6,-0.97033,-0.09656,0.02361,0.04016,-0.01924,-0.03757,0.00,0.00,0.00,Neutra,0.00
0,1,7,-0.96929,-0.10724,0.01696,0.07957,-0.06536,-0.05956,0.00,0.00,0.00,Neutra,0.00
0,1,8,-0.96813,-0.11291,0.01775,0.06322,-0.05910,-0.03971,0.00,0.00,0.00,Neutra,0.00
0,1,9,-0.97307,-0.12481,0.01177,0.04597,-0.04704,-0.02917,0.00,0.00,0.00,Neutra,0.00
0,1,10,-0.98558,-0.11023,0.02355,0.06826,-0.02703,-0.02260,0.00,0.00,0.00,Neutra,0.00
0,1,11,-0.97923,-0.11712,0.01202,0.04246,-0.02581,-0.03207,0.00,0.00,0.00,Neutra,0.00
0,1,12,-0.97533,-0.12389,0.00464,0.05467,-0.04963,-0.05651,0.00,0.00,0.00,Neutra,0.00
0,1,13,-0.97624,-0.12261,0.02379,0.05101,-0.03558,-0.04887,0.00,0.00,0.00,Neutra,0.00
0,1,14,-0.97569,-0.11596,0.02928,0.02153,-0.04337,-0.04597,0.00,0.00,0.00,Neutra,0.00
0,1,15,-0.97588,-0.11029,0.02123,0.02963,-0.05528,-0.04612,0.00,0.00,0.00,Neutra,0.00
0,1,16,-0.97734,-0.10852,0.02538,0.03375,-0.01359,-0.01619,0.00,0.00,0.00,Neutra,0.00
0,1,17,-0.97765,-0.11999,0.03941,0.04001,-0.05544,-0.02520,0.00,0.00,0.00,Neutra,0.00
0,1,18,-0.97454,-0.10712,0.02599,0.02352,-0.05330,-0.01604,0.00,0.00,0.00,Neutra,0.00
0,1,19,-0.97332,-0.10803,0.01842,0.01573,-0.04948,-0.00977,0.00,0.00,0.00,Neutra,0.00
0,1,20,-0.97832,-0.09760,0.02269,-0.01848,-0.02230,-0.01710,0.00,0.00,0.00,Neutra,0.00
0,1,21,-0.97136,-0.09309,0.03733,0.01405,-0.04169,-0.03467,0.00,0.00,0.00,Neutra,0.00
0,1,22,-0.97002,-0.09150,0.03233,0.01420,-0.04429,-0.07132,0.00,0.00,0.00,Neutra,0.00
0,1,23,-0.96600,-0.08991,0.03239,0.00611,-0.03314,-0.01710,0.00,0.00,0.00,Neutra,0.00
0,1,24,-0.97478,-0.08607,0.01842,0.03314,-0.05421,-0.00611,0.00,0.00,0.00,Neutra,0.00
0,1,25,-0.97722,-0.08528,0.03044,0.05299,-0.04658,-0.02871,0.00,0.00,0.00,Neutra,0.00
0,1,26,-0.97594,-0.09864,0.02287,0.04765,-0.04322,-0.02825,0.00,0.00,0.00,Neutra,0.00
0,1,27,-0.97149,-0.08333,0.01702,0.05681,-0.06093,-0.00305,0.00,0.00,0.00,Neutra,0.00
0,1,28,-0.96673,-0.09589,0.02068,0.00229,-0.04154,-0.01955,0.00,0.00,0.00,Neutra,0.00
0,1,29,-0.95587,-0.10644,0.01519,0.04001,-0.05620,-0.02917,0.00,0.00,0.00,Neutra,0.00
0,1,30,-0.96837,-0.10181,0.00604,0.04902,-0.07483,-0.03299,0.00,0.00,0.00,Neutra,0.00
0,1,31,-0.97380,-0.09797,0.00207,0.04261,-0.05880,-0.01359,0.00,0.00,0.00,Neutra,0.00
0,1,32,-0.97624,-0.09681,0.02544,0.04459,-0.05376,-0.03406,0.00,0.00,0.00,Neutra,0.00
0,1,33,-0.98039,-0.09626,0.02434,0.08323,-0.07865,-0.05085,0.00,0.00,0.00,Neutra,0.00
0,1,34,-0.97563,-0.09126,0.02739,0.05589,-0.04276,-0.02734,0.00,0.00,0.00,Neutra,0.00
0,1,35,-0.98003,-0.10321,0.01372,0.06674,-0.04933,-0.01420,0.00,0.00,0.00,Neutra,0.00
0,1,36,-0.97765,-0.10571,0.01574,0.07025,-0.04276,-0.00428,0.00,0.00,0.00,Neutra,0.00
0,1,37,-0.98375,-0.09888,0.00915,0.04475,-0.04093,-0.02031,0.00,0.00,0.00,Neutra,0.00
0,1,38,-0.98667,-0.10913,0.01232,0.05467,-0.03436,-0.00290,0.00,0.00,0.00,Neutra,0.00
0,1,39,-0.97832,-0.10724,0.02416,0.06414,-0.02062,-0.00153,0.00,0.00,0.00,Neutra,0.00
0,1,40,-0.97521,-0.12389,0.02946,0.05192,-0.04749,-0.03207,0.00,0.00,0.00,Neutra,0.00
0,1,41,-0.99253,-0.10413,0.03379,0.05437,-0.03558,-0.04108,0.00,0.00,0.00,Neutra,0.00
0,1,42,-0.98509,-0.10919,0.00750,0.06414,-0.07040,-0.05467,0.00,0.00,0.00,Neutra,0.00
0,1,43,-0.98710,-0.11431,0.03105,0.04963,-0.03512,-0.06063,0.00,0.00,0.00,Neutra,0.00
0,1,44,-0.99241,-0.11376,0.01305,0.06429,-0.02703,-0.05376,0.00,0.00,0.00,Neutra,0.00
0,1,45,-0.98356,-0.10949,0.02281,0.05467,-0.02138,-0.04078,0.00,0.00,0.00,Neutra,0.00
0,1,46,-0.97277,-0.10803,0.02111,0.05345,-0.03207,-0.02978,0.00,0.00,0.00,Neutra,0.00
0,1,47,-0.97197,-0.11639,0.00903,0.05727,-0.03436,-0.00351,0.00,0.00,0.00,Neutra,0.00
0,1,48,-0.97033,-0.11852,0.03160,0.04062,-0.03314,-0.00962,0.00,0.00,0.00,Neutra,0.00
0,1,49,-0.96795,-0.11651,0.01873,0.00428,-0.03238,-0.02031,0.00,0.00,0.00,Neutra,0.00
0,1,50,-0.97338,-0.11456,0.00958,0.03299,-0.03803,-0.02062,0.00,0.00,0.00,Neutra,0.00
0,1,51,-0.95965,-0.11822,0.00732,-0.00916,-0.00886,-0.00779,0.00,0.00,0.00,Neutra,0.00
0,1,52,-0.96581,-0.11413,0.03544,0.00367,-0.03665,-0.02703,0.00,0.00,0.00,Neutra,0.00
0,1,53,-0.96709,-0.10699,0.02519,0.00565,-0.04612,-0.00122,0.00,0.00,0.00,Neutra,0.00
0,1,54,-0.96105,-0.10681,0.02788,0.03222,-0.06277,-0.05910,0.00,0.00,0.00,Neutra,0.00
0,1,55,-0.97130,-0.09449,0.01934,0.02688,-0.06124,-0.05253,0.00,0.00,0.00,Neutra,0.00
0,1,56,-0.97911,-0.09717,0.02965,0.01023,-0.03467,-0.03299,0.00,0.00,0.00,Neutra,0.00
0,1,57,-0.98936,-0.09949,0.02513,0.01359,-0.06490,-0.05299,0.00,0.00,0.00,Neutra,0.00
0,1,58,-0.98643,-0.10041,0.01244,0.04078,-0.05269,-0.03772,0.00,0.00,0.00,Neutra,0.00
0,1,59,-0.98234,-0.09906,0.01135,0.02505,-0.02459,-0.02031,0.00,0.00,0.00,Neutra,0.00
0,1,60,-0.97673,-0.10047,0.01574,0.01206,-0.01115,-0.02184,0.00,0.00,0.00,Neutra,0.00
0,1,61,-0.96478,-0.10577,0.02556,0.03207,-0.04398,-0.04566,0.00,0.00,0.00,Neutra,0.00
0,1,62,-0.95758,-0.10724,0.00762,-0.02291,-0.00565,-0.02291,0.00,0.00,0.00,Neutra,0.00
0,1,63,-0.96331,-0.10303,0.01879,0.00336,-0.03803,-0.06399,0.00,0.00,0.00,Neutra,0.00
0,1,64,-0.96966,-0.09577,0.02251,0.00947,-0.05208,-0.06720,0.00,0.00,0.00,Neutra,0.00
0,1,65,-0.96301,-0.08619,0.01000,0.00107,-0.07391,-0.06368,0.00,0.00,0.00,Neutra,0.00
0,1,66,-0.97118,-0.08876,0.01025,0.02535,-0.05712,-0.01252,0.00,0.00,0.00,Neutra,0.00
0,1,67,-0.96154,-0.08070,0.02117,0.03085,-0.04826,-0.02489,0.00,0.00,0.00,Neutra,0.00
0,1,68,-0.97142,-0.08577,0.03318,0.00993,-0.02917,0.00443,0.00,0.00,0.00,Neutra,0.00
0,1,69,-0.97691,-0.09754,0.01324,0.02581,-0.03940,-0.00290,0.00,0.00,0.00,Neutra,0.00
0,1,70,-0.97228,-0.10022,0.02434,0.03253,-0.05269,-0.01527,0.00,0.00,0.00,Neutra,0.00
0,1,71,-0.97698,-0.09797,0.01311,0.00748,-0.03726,-0.02902,0.00,0.00,0.00,Neutra,0.00
0,1,72,-0.98228,-0.08900,0.03562,0.03512,-0.05391,-0.07010,0.00,0.00,0.00,Neutra,0.00
0,1,73,-0.98271,-0.08528,0.03160,0.03955,-0.05223,-0.08781,0.00,0.00,0.00,Neutra,0.00
0,1,74,-0.97917,-0.08467,0.02123,0.04307,-0.04994,-0.06643,0.00,0.00,0.00,Neutra,0.00
0,1,75,-0.98399,-0.09559,0.02166,0.06445,-0.05620,-0.06628,0.00,0.00,0.00,Neutra,0.00
0,1,76,-0.98356,-0.10041,0.01995,0.04123,-0.03574,-0.07590,0.00,0.00,0.00,Neutra,0.00
0,1,77,-0.98491,-0.10370,0.01677,0.06063,-0.04398,-0.03543,0.00,0.00,0.00,Neutra,0.00
0,1,78,-0.97838,-0.11200,0.01434,0.06307,-0.05589,-0.02275,0.00,0.00,0.00,Neutra,0.00
0,1,79,-0.96886,-0.11059,0.02239,0.03085,-0.04139,-0.02031,0.00,0.00,0.00,Neutra,0.00
0,1,80,-0.97508,-0.11035,0.02196,0.03283,-0.06384,-0.04749,0.00,0.00,0.00,Neutra,0.00
0,1,81,-0.97667,-0.10388,0.02721,0.01863,-0.05009,-0.02978,0.00,0.00,0.00,Neutra,0.00
0,1,82,-0.97576,-0.09870,0.02373,0.00412,-0.03803,-0.03070,0.00,0.00,0.00,Neutra,0.00
0,1,83,-0.98106,-0.09485,0.03880,0.02199,-0.00443,-0.03253,0.00,0.00,0.00,Neutra,0.00
0,1,84,-0.97618,-0.08070,0.02891,0.03467,-0.05269,-0.07269,0.00,0.00,0.00,Neutra,0.00
0,1,85,-0.97380,-0.09467,0.02836,0.01023,-0.02902,-0.01955,0.00,0.00,0.00,Neutra,0.00
0,1,86,-0.97618,-0.09906,0.02782,0.01924,-0.03268,-0.00367,0.00,0.00,0.00,Neutra,0.00
0,1,87,-0.97466,-0.09943,0.02788,0.00855,-0.02718,-0.01649,0.00,0.00,0.00,Neutra,0.00
0,1,88,-0.97502,-0.09943,0.02355,0.00779,-0.05437,-0.03833,0.00,0.00,0.00,Neutra,0.00
0,1,89,-0.97185,-0.09223,0.02782,0.02489,-0.04261,-0.00031,0.00,0.00,0.00,Neutra,0.00
0,1,90,-0.96862,-0.09010,0.04514,0.06918,-0.05773,-0.06185,0.00,0.00,0.00,Neutra,0.00
0,1,91,-0.97069,-0.09479,0.01147,0.03283,-0.07437,-0.06078,0.00,0.00,0.00,Neutra,0.00
0,1,92,-0.96813,-0.09339,0.01598,0.05712,-0.05620,-0.05360,0.00,0.00,0.00,Neutra,0.00
0,1,93,-0.96166,-0.09937,0.00525,0.04811,-0.02688,-0.02001,0.00,0.00,0.00,Neutra,0.00
0,1,94,-0.96209,-0.09681,0.03306,0.05223,-0.04016,-0.01787,0.00,0.00,0.00,Neutra,0.00
0,1,95,-0.96087,-0.09723,0.02269,0.08751,-0.08140,-0.04016,0.00,0.00,0.00,Neutra,0.00
0,1,96,-0.96081,-0.10340,0.02940,0.03375,-0.04963,-0.01817,0.00,0.00,0.00,Neutra,0.00
0,1,97,-0.96545,-0.11315,0.01019,0.04123,-0.07453,-0.03436,0.00,0.00,0.00,Neutra,0.00
0,1,98,-0.97179,-0.11852,0.02336,0.02107,-0.05712,-0.03222,0.00,0.00,0.00,Neutra,0.00
0,1,99,-0.97380,-0.10815,0.02001,0.00412,-0.06582,-0.05605,0.00,0.00,0.00,Neutra,0.00
0,1,100,-0.98692,-0.09974,0.01745,0.01283,-0.06658,-0.04337,0.00,0.00,0.00,Neutra,0.00
0,1,101,-0.98722,-0.08955,0.02483,0.02535,-0.06170,-0.05376,0.00,0.00,0.00,Neutra,0.00
0,1,102,-0.97911,-0.08827,0.03776,0.03421,-0.05101,-0.02703,0.00,0.00,0.00,Neutra,0.00
0,1,103,-0.98405,-0.09272,0.03447,0.04933,-0.06139,-0.03054,0.00,0.00,0.00,Neutra,0.00
0,1,104,-0.97039,-0.09668,0.01244,0.04093,-0.07559,-0.02046,0.00,0.00,0.00,Neutra,0.00
0,1,105,-0.97258,-0.10870,0.02532,0.02459,-0.05315,-0.01451,0.00,0.00,0.00,Neutra,0.00
0,1,106,-0.97350,-0.11169,0.01147,0.05696,-0.05559,-0.01619,0.00,0.00,0.00,Neutra,0.00
0,1,107,-0.97350,-0.10340,0.02538,0.02275,-0.06643,-0.05467,0.00,0.00,0.00,Neutra,0.00
0,1,108,-0.97624,-0.09760,0.02416,0.02169,-0.07025,-0.06048,0.00,0.00,0.00,Neutra,0.00
0,1,109,-0.98332,-0.09522,0.02220,0.05513,-0.09835,-0.06277,0.00,0.00,0.00,Neutra,0.00
0,1,110,-0.99229,-0.08741,0.02629,0.03131,-0.06384,-0.04123,0.00,0.00,0.00,Neutra,0.00
0,1,111,-0.98887,-0.09351,0.02464,0.04566,-0.06017,-0.04078,0.00,0.00,0.00,Neutra,0.00
0,1,112,-0.98375,-0.10614,0.02159,0.05788,-0.05620,-0.03054,0.00,0.00,0.00,Neutra,0.00
0,1,113,-0.97771,-0.11114,0.02086,0.03314,-0.05620,-0.02917,0.00,0.00,0.00,Neutra,0.00
0,1,114,-0.98161,-0.11065,0.04215,0.01466,-0.05437,-0.02627,0.00,0.00,0.00,Neutra,0.00
0,1,115,-0.98021,-0.10071,0.03562,0.02871,-0.06933,-0.04688,0.00,0.00,0.00,Neutra,0.00
0,1,116,-0.97643,-0.09839,0.03410,0.03238,-0.05559,-0.04612,0.00,0.00,0.00,Neutra,0.00
0,1,117,-0.98155,-0.09461,0.03636,0.02443,-0.01955,-0.03085,0.00,0.00,0.00,Neutra,0.00
0,1,118,-0.98558,-0.09254,0.03514,0.02611,-0.04688,-0.03742,0.00,0.00,0.00,Neutra,0.00
0,1,119,-0.98674,-0.09540,0.02867,0.01191,-0.03207,-0.02734,0.00,0.00,0.00,Neutra,0.00
0,1,120,-0.97838,-0.09601,0.01305,0.04979,-0.06414,-0.00504,0.00,0.00,0.00,Neutra,0.00
0,1,121,-0.97600,-0.09845,0.02117,0.03742,-0.02825,-0.01100,0.00,0.00,0.00,Neutra,0.00
0,1,122,-0.97722,-0.10407,0.02757,0.02886,-0.07575,-0.03619,0.00,0.00,0.00,Neutra,0.00
0,1,123,-0.97618,-0.10376,0.02202,0.02749,-0.04627,-0.05269,0.00,0.00,0.00,Neutra,0.00
0,1,124,-0.96886,-0.10047,0.01202,0.03207,-0.06307,-0.06888,0.00,0.00,0.00,Neutra,0.00
0,1,125,-0.97277,-0.09424,0.02794,0.02459,-0.03726,-0.04047,0.00,0.00,0.00,Neutra,0.00
0,1,126,-0.96557,-0.09132,0.01848,0.02337,-0.04169,-0.02413,0.00,0.00,0.00,Neutra,0.00
0,1,127,-0.95794,-0.08894,0.02525,0.01726,-0.07147,-0.02107,0.00,0.00,0.00,Neutra,0.00
0,1,128,-0.96410,-0.09620,0.01976,0.04444,-0.05330,0.02489,0.00,0.00,0.00,Neutra,0.00
0,1,129,-0.96191,-0.09461,0.03581,0.00565,-0.03650,-0.01344,0.00,0.00,0.00,Neutra,0.00
0,1,130,-0.95715,-0.09998,0.02934,0.01573,-0.04169,-0.03238,0.00,0.00,0.00,Neutra,0.00
0,1,131,-0.97447,-0.10657,0.02641,0.04933,-0.06399,-0.05589,0.00,0.00,0.00,Neutra,0.00
0,1,132,-0.96697,-0.10321,0.03453,0.01497,-0.03497,-0.02734,0.00,0.00,0.00,Neutra,0.00
0,1,133,-0.97454,-0.10504,0.03013,-0.01542,-0.01573,-0.05116,0.00,0.00,0.00,Neutra,0.00
0,1,134,-0.97746,-0.09065,0.05575,0.02260,-0.05330,-0.03986,0.00,0.00,0.00,Neutra,0.00
0,1,135,-0.97588,-0.09766,0.04246,0.01833,-0.04322,-0.03864,0.00,0.00,0.00,Neutra,0.00
0,1,136,-0.97783,-0.09540,0.02800,0.02902,-0.04551,-0.04475,0.00,0.00,0.00,Neutra,0.00
0,1,137,-0.97868,-0.09882,0.02708,0.05269,-0.04429,-0.03589,0.00,0.00,0.00,Neutra,0.00
0,1,138,-0.97820,-0.09083,0.02891,0.03879,-0.03955,-0.03283,0.00,0.00,0.00,Neutra,0.00
0,1,139,-0.97911,-0.09913,0.02855,0.05055,-0.05299,-0.04734,0.00,0.00,0.00,Neutra,0.00
0,1,140,-0.97429,-0.10022,0.02361,0.04337,-0.02107,-0.02764,0.00,0.00,0.00,Neutra,0.00
0,1,141,-0.97685,-0.10004,0.03154,0.05253,-0.06720,-0.05223,0.00,0.00,0.00,Neutra,0.00
0,1,142,-0.97649,-0.10211,0.02166,0.02459,-0.05009,-0.05605,0.00,0.00,0.00,Neutra,0.00
0,1,143,-0.97338,-0.09357,0.02263,0.03818,-0.06139,-0.06338,0.00,0.00,0.00,Neutra,0.00
0,1,144,-0.98039,-0.09516,0.03422,-0.00687,-0.02947,-0.03512,0.00,0.00,0.00,Neutra,0.00
0,1,145,-0.98033,-0.09864,0.04837,0.02230,-0.03971,-0.06765,0.00,0.00,0.00,Neutra,0.00
0,1,146,-0.98911,-0.09339,0.03434,0.03344,-0.05192,-0.05009,0.00,0.00,0.00,Neutra,0.00
0,1,147,-0.98887,-0.09302,0.04240,0.01283,-0.01710,-0.02352,0.00,0.00,0.00,Neutra,0.00
0,1,148,-0.97142,-0.09937,0.02470,0.04230,-0.03283,-0.03085,0.00,0.00,0.00,Neutra,0.00
0,1,149,-0.98869,-0.10187,0.04191,0.04047,-0.03054,-0.03497,0.00,0.00,0.00,Neutra,0.00
0,1,150,-0.98765,-0.10535,0.03666,0.01939,-0.03604,-0.04979,0.00,0.00,0.00,Neutra,0.00
0,1,151,-0.98454,-0.09980,0.03648,0.02107,-0.02566,-0.00886,0.00,0.00,0.00,Neutra,0.00
0,1,152,-0.98137,-0.09711,0.03337,0.02474,-0.02566,-0.03467,0.00,0.00,0.00,Neutra,0.00
0,1,153,-0.97240,-0.09955,0.02257,0.00886,-0.00641,-0.03589,0.00,0.00,0.00,Neutra,0.00
0,1,154,-0.97832,-0.09772,0.03642,0.04826,-0.02963,-0.05116,0.00,0.00,0.00,Neutra,0.00
0,1,155,-0.96929,-0.10053,0.01464,0.03283,-0.01405,-0.04444,0.00,0.00,0.00,Neutra,0.00
0,1,156,-0.97258,-0.10004,0.03550,0.02046,0.00015,-0.01604,0.00,0.00,0.00,Neutra,0.00
0,1,157,-0.96996,-0.09717,0.01946,0.03390,-0.02459,-0.04673,0.00,0.00,0.00,Neutra,0.00
0,1,158,-0.96545,-0.09400,0.03257,-0.00076,-0.03879,-0.03833,0.00,0.00,0.00,Neutra,0.00
0,1,159,-0.96539,-0.07857,0.02172,0.02184,-0.02581,-0.00489,0.00,0.00,0.00,Neutra,0.00
0,1,160,-0.95977,-0.09150,0.02788,0.02764,-0.02917,-0.03787,0.00,0.00,0.00,Neutra,0.00
0,1,161,-0.96349,-0.08326,0.02733,0.01970,-0.02734,-0.04123,0.00,0.00,0.00,Neutra,0.00
0,1,162,-0.96892,-0.09187,0.02312,0.04032,-0.03024,-0.04078,0.00,0.00,0.00,Neutra,0.00
0,1,163,-0.96691,-0.08985,0.03251,0.04062,-0.04551,-0.04749,0.00,0.00,0.00,Neutra,0.00
0,1,164,-0.96844,-0.09138,0.03623,0.04139,-0.03757,-0.00076,0.00,0.00,0.00,Neutra,0.00
0,1,165,-0.98698,-0.09309,0.04746,0.05864,-0.04902,-0.04887,0.00,0.00,0.00,Neutra,0.00
0,1,166,-0.99430,-0.09693,0.01970,0.05192,-0.00046,-0.04841,0.00,0.00,0.00,Neutra,0.00
0,1,167,-0.97966,-0.10699,0.03672,0.05437,-0.04078,-0.05055,0.00,0.00,0.00,Neutra,0.00
0,1,168,-0.98222,-0.10809,0.02239,0.06842,-0.04459,-0.06338,0.00,0.00,0.00,Neutra,0.00
0,1,169,-0.97179,-0.10461,0.04130,0.03100,-0.02260,-0.04429,0.00,0.00,0.00,Neutra,0.00
0,1,170,-0.96801,-0.09498,0.01623,0.05253,-0.04979,-0.05528,0.00,0.00,0.00,Neutra,0.00
0,1,171,-0.96941,-0.09882,0.02556,0.05834,-0.04902,-0.04398,0.00,0.00,0.00,Neutra,0.00
0,1,172,-0.97197,-0.09955,0.03959,0.04780,-0.04307,-0.03085,0.00,0.00,0.00,Neutra,0.00
0,1,173,-0.97545,-0.10059,0.03154,0.03803,-0.02367,-0.02917,0.00,0.00,0.00,Neutra,0.00
0,1,174,-0.97728,-0.10803,0.02068,0.04246,-0.04123,-0.04658,0.00,0.00,0.00,Neutra,0.00
0,1,175,-0.97521,-0.09998,0.02647,0.03512,-0.03925,-0.05880,0.00,0.00,0.00,Neutra,0.00
0,1,176,-0.97795,-0.09894,0.04221,0.02550,-0.03146,-0.05131,0.00,0.00,0.00,Neutra,0.00
0,1,177,-0.98112,-0.09333,0.02885,0.03406,-0.04429,-0.05528,0.00,0.00,0.00,Neutra,0.00
0,1,178,-0.98027,-0.10407,0.03520,0.01970,-0.02260,-0.02825,0.00,0.00,0.00,Neutra,0.00
0,1,179,-0.98527,-0.10779,0.02287,0.03009,-0.02810,-0.02230,0.00,0.00,0.00,Neutra,0.00
0,1,180,-0.98375,-0.10218,0.02818,0.03360,-0.02352,-0.03574,0.00,0.00,0.00,Neutra,0.00
0,1,181,-0.98039,-0.10895,0.03026,-0.00275,-0.00855,-0.02703,0.00,0.00,0.00,Neutra,0.00
0,1,182,-0.97820,-0.09931,0.01629,0.04352,-0.04169,-0.05864,0.00,0.00,0.00,Neutra,0.00
0,1,183,-0.98137,-0.08955,0.02629,0.01573,-0.01894,-0.00076,0.00,0.00,0.00,Neutra,0.00
0,1,184,-0.97893,-0.08241,0.02391,0.02871,-0.01451,-0.05360,0.00,0.00,0.00,Neutra,0.00
0,1,185,-0.97618,-0.08973,0.02275,0.05345,-0.02749,-0.05452,0.00,0.00,0.00,Neutra,0.00
0,1,186,-0.96770,-0.10016,0.01342,0.04948,-0.01359,-0.04032,0.00,0.00,0.00,Neutra,0.00
0,1,187,-0.97234,-0.10083,0.02836,0.05421,-0.01894,-0.02291,0.00,0.00,0.00,Neutra,0.00
0,1,188,-0.97454,-0.10431,0.03257,0.03085,-0.01374,-0.01054,0.00,0.00,0.00,Neutra,0.00
0,1,189,-0.96941,-0.10504,0.02684,0.01863,-0.01023,-0.02107,0.00,0.00,0.00,Neutra,0.00
0,1,190,-0.97447,-0.11132,0.02007,0.02077,-0.02321,-0.00901,0.00,0.00,0.00,Neutra,0.00
0,1,191,-0.96715,-0.10413,0.02946,0.02963,-0.02306,-0.06322,0.00,0.00,0.00,Neutra,0.00
0,1,192,-0.97661,-0.10022,0.03404,0.00397,-0.00962,-0.06842,0.00,0.00,0.00,Neutra,0.00
0,1,193,-0.97990,-0.09894,0.03129,0.01787,-0.02184,-0.07636,0.00,0.00,0.00,Neutra,0.00
0,1,194,-0.97271,-0.09809,0.02385,0.02535,-0.02016,-0.07850,0.00,0.00,0.00,Neutra,0.00
0,1,195,-0.96728,-0.09913,0.02532,0.00779,-0.00260,-0.04917,0.00,0.00,0.00,Neutra,0.00
0,1,196,-0.97277,-0.10425,0.03599,0.01955,-0.00229,-0.04291,0.00,0.00,0.00,Neutra,0.00
0,1,197,-0.97813,-0.11108,0.01952,0.00229,-0.00687,-0.03787,0.00,0.00,0.00,Neutra,0.00
0,1,198,-0.96526,-0.11163,0.00482,-0.01451,-0.00962,-0.04368,0.00,0.00,0.00,Neutra,0.00
0,1,199,-0.96667,-0.10864,0.01336,0.00733,-0.03512,-0.08033,0.00,0.00,0.00,Neutra,0.00
0,1,200,-0.96844,-0.09815,0.01702,-0.02169,-0.03131,-0.08858,0.00,0.00,0.00,Neutra,0.00
0,1,201,-0.98716,-0.09388,0.01635,0.01161,-0.05024,-0.12874,0.00,0.00,0.00,Neutra,0.00
0,1,202,-0.98808,-0.09168,0.01769,0.02077,-0.00107,-0.14035,0.00,0.00,0.00,Neutra,0.00
0,1,203,-0.99186,-0.08930,0.01318,0.01985,-0.01176,-0.14920,0.00,0.00,0.00,Neutra,0.00
0,1,204,-0.99406,-0.10028,0.01440,0.03024,0.00046,-0.12874,0.00,0.00,0.00,Neutra,0.00
0,1,205,-0.98674,-0.10096,0.03160,0.03009,-0.01787,-0.12034,0.00,0.00,0.00,Neutra,0.00
0,1,206,-0.98844,-0.11297,0.02397,-0.02367,0.02275,-0.09697,0.00,0.00,0.00,Neutra,0.00
0,1,207,-0.98503,-0.10773,0.03349,0.00305,-0.00092,-0.12920,0.00,0.00,0.00,Neutra,0.00
0,1,208,-0.98198,-0.09443,0.03019,0.00489,-0.00015,-0.14661,0.00,0.00,0.00,Neutra,0.00
0,1,209,-0.97673,-0.11261,0.03556,-0.02001,0.02214,-0.14752,0.00,0.00,0.00,Neutra,0.00
0,1,210,-0.97917,-0.11242,0.02568,0.00321,0.00015,-0.16616,0.00,0.00,0.00,Neutra,0.00
0,1,211,-0.98064,-0.11651,0.03148,0.01283,-0.00122,-0.16646,0.00,0.00,0.00,Neutra,0.00
0,1,212,-0.99113,-0.12883,0.01964,-0.01787,0.02169,-0.12569,0.00,0.00,0.00,Neutra,0.00
0,1,213,-0.97966,-0.12627,0.02147,0.00367,-0.00076,-0.13515,0.00,0.00,0.00,Neutra,0.00
0,1,214,-0.97508,-0.12779,0.02519,-0.06933,0.02077,-0.11927,0.00,0.00,0.00,Neutra,0.00
0,1,215,-0.96941,-0.13158,0.00842,-0.04276,0.01924,-0.13073,0.00,0.00,0.00,Neutra,0.00
0,1,216,-0.97960,-0.12914,0.01263,-0.03986,0.00611,-0.12553,0.00,0.00,0.00,Neutra,0.00
0,1,217,-0.97069,-0.13499,-0.00378,-0.05910,0.00535,-0.12309,0.00,0.00,0.00,Neutra,0.00
0,1,218,-0.97033,-0.13164,0.01342,-0.06964,0.01588,-0.08964,0.00,0.00,0.00,Neutra,0.00
0,1,219,-0.97637,-0.12029,-0.00927,-0.05437,-0.01054,-0.10003,0.00,0.00,0.00,Neutra,0.00
0,1,220,-0.97088,-0.11773,0.00085,-0.08338,-0.00458,-0.09010,0.00,0.00,0.00,Neutra,0.00
0,1,221,-0.97075,-0.12041,-0.00945,-0.06093,0.00535,-0.10385,0.00,0.00,0.00,Neutra,0.00
0,1,222,-0.96966,-0.11688,0.00287,-0.00153,-0.00397,-0.14523,0.00,0.00,0.00,Neutra,0.00
0,1,223,-0.97868,-0.11639,0.00677,-0.03925,0.03910,-0.16356,0.00,0.00,0.00,Neutra,0.00
0,1,224,-0.98308,-0.12773,0.00354,0.01649,0.00626,-0.19166,0.00,0.00,0.00,Neutra,0.00
0,1,225,-0.97917,-0.14067,0.01293,-0.00489,0.02947,-0.18219,0.00,0.00,0.00,Neutra,0.00
0,1,226,-0.97557,-0.14902,0.02397,0.00809,0.02764,-0.17226,0.00,0.00,0.00,Neutra,0.00
0,1,227,-0.97746,-0.15445,0.00494,0.00641,0.03665,-0.17440,0.00,0.00,0.00,Neutra,0.00
0,1,228,-0.98094,-0.17806,0.01336,-0.02275,0.02505,-0.18509,0.00,0.00,0.00,Neutra,0.00
0,1,229,-0.96758,-0.18129,0.02422,-0.06246,0.02535,-0.16677,0.00,0.00,0.00,Neutra,0.00
0,1,230,-0.97533,-0.17964,0.00464,-0.04398,0.01451,-0.16722,0.00,0.00,0.00,Neutra,0.00
0,1,231,-0.97307,-0.17641,0.01964,-0.07468,0.00825,-0.19823,0.00,0.00,0.00,Neutra,0.00
0,1,232,-0.97521,-0.16000,0.01928,-0.08552,-0.00550,-0.20556,0.00,0.00,0.00,Neutra,0.00
0,1,233,-0.97874,-0.14939,0.01055,-0.07712,0.00794,-0.19319,0.00,0.00,0.00,Neutra,0.00
0,1,234,-0.97667,-0.15061,0.03379,-0.08125,0.01604,-0.18189,0.00,0.00,0.00,Neutra,0.00
0,1,235,-0.97460,-0.15390,0.02995,-0.09850,0.03192,-0.15165,0.00,0.00,0.00,Neutra,0.00
0,1,236,-0.98009,-0.15189,0.03995,-0.09774,-0.00535,-0.16325,0.00,0.00,0.00,Neutra,0.00
0,1,237,-0.97649,-0.14579,0.04563,-0.12034,0.00214,-0.16112,0.00,0.00,0.00,Neutra,0.00
0,1,238,-0.99137,-0.14481,0.05350,-0.14310,0.00932,-0.17058,0.00,0.00,0.00,Neutra,0.00
0,1,239,-0.99064,-0.11187,0.05106,-0.15073,0.00153,-0.17929,0.00,0.00,0.00,Neutra,0.00
0,1,240,-0.98405,-0.11456,0.04002,-0.17669,0.03497,-0.15027,0.00,0.00,0.00,Neutra,0.00
0,1,241,-0.98643,-0.09046,0.03239,-0.15974,0.03574,-0.11927,0.00,0.00,0.00,Neutra,0.00
0,1,242,-0.98387,-0.08021,0.04526,-0.13332,0.03406,-0.11484,0.00,0.00,0.00,Neutra,0.00
0,1,243,-0.98259,-0.08137,0.03660,-0.14752,0.05727,-0.08796,0.00,0.00,0.00,Neutra,0.00
0,1,244,-0.97185,-0.06997,0.00964,-0.10278,0.03543,-0.10140,0.00,0.00,0.00,Neutra,0.00
0,1,245,-0.96258,-0.06539,0.01458,-0.10492,0.04246,-0.09392,0.00,0.00,0.00,Neutra,0.00
0,1,246,-0.95886,-0.06722,0.01629,-0.08079,0.00229,-0.11255,0.00,0.00,0.00,Neutra,0.00
0,1,247,-0.94922,-0.07338,0.00189,-0.04658,0.02932,-0.13134,0.00,0.00,0.00,Neutra,0.00
0,1,248,-0.95093,-0.07680,-0.01177,-0.02306,0.02917,-0.14462,0.00,0.00,0.00,Neutra,0.00
0,1,249,-0.95666,-0.07607,0.00159,-0.00015,0.01268,-0.15577,0.00,0.00,0.00,Neutra,0.00
0,1,250,-0.95819,-0.08479,-0.01415,0.01558,0.02367,-0.14768,0.00,0.00,0.00,Neutra,0.00
0,1,251,-0.94709,-0.10541,-0.00921,0.02871,0.01726,-0.15821,0.00,0.00,0.00,Neutra,0.00
0,1,252,-0.95373,-0.12889,-0.02483,0.06109,-0.00962,-0.13760,0.00,0.00,0.00,Neutra,0.00
0,1,253,-0.94013,-0.13579,-0.01074,0.07422,-0.01115,-0.16509,0.00,0.00,0.00,Neutra,0.00
0,1,254,-0.95123,-0.14457,-0.01403,-0.00290,0.03009,-0.13011,0.00,0.00,0.00,Neutra,0.00
0,1,255,-0.95209,-0.14860,-0.01995,0.02581,-0.00733,-0.13073,0.00,0.00,0.00,Neutra,0.00
0,1,256,-0.94477,-0.15421,-0.02196,0.00015,-0.00076,-0.10476,0.00,0.00,0.00,Neutra,0.00
0,1,257,-0.94696,-0.16348,-0.03343,-0.01405,0.01206,-0.09010,0.00,0.00,0.00,Neutra,0.00
0,1,258,-0.94953,-0.14542,-0.01464,0.02184,-0.02214,-0.10736,0.00,0.00,0.00,Neutra,0.00
0,1,259,-0.96246,-0.15476,-0.02287,0.01237,-0.01405,-0.12675,0.00,0.00,0.00,Neutra,0.00
0,1,260,-0.94770,-0.15872,-0.03636,0.01985,-0.02779,-0.12798,0.00,0.00,0.00,Neutra,0.00
0,1,261,-0.96075,-0.17202,-0.03764,0.04307,-0.05192,-0.15379,0.00,0.00,0.00,Neutra,0.00
0,1,262,-0.95886,-0.17336,-0.02562,0.00962,-0.01924,-0.11790,0.00,0.00,0.00,Neutra,0.00
0,1,263,-0.96606,-0.18855,-0.02159,0.00153,-0.02275,-0.11988,0.00,0.00,0.00,Neutra,0.00
0,1,264,-0.96496,-0.18745,-0.03800,0.02153,-0.00580,-0.12507,0.00,0.00,0.00,Neutra,0.00
0,1,265,-0.96746,-0.18178,-0.04044,-0.02886,-0.01374,-0.12416,0.00,0.00,0.00,Neutra,0.00
0,1,266,-0.95855,-0.17202,-0.04166,-0.00535,-0.03467,-0.15547,0.00,0.00,0.00,Neutra,0.00
0,1,267,-0.94501,-0.15964,-0.03721,0.00764,-0.02413,-0.14187,0.00,0.00,0.00,Neutra,0.00
0,1,268,-0.95941,-0.15799,-0.02800,-0.02123,0.02810,-0.12569,0.00,0.00,0.00,Neutra,0.00
0,1,269,-0.95184,-0.16653,-0.01989,0.04429,-0.02886,-0.16127,0.00,0.00,0.00,Neutra,0.00
0,1,270,-0.95971,-0.15634,-0.02513,0.04291,-0.02230,-0.14294,0.00,0.00,0.00,Neutra,0.00
0,1,271,-0.95868,-0.18642,-0.02037,0.03803,0.00290,-0.11851,0.00,0.00,0.00,Neutra,0.00
0,1,272,-0.96105,-0.19691,-0.01635,0.05192,-0.01481,-0.13363,0.00,0.00,0.00,Neutra,0.00
0,1,273,-0.96941,-0.19862,-0.01006,0.03742,-0.00596,-0.12660,0.00,0.00,0.00,Neutra,0.00
0,1,274,-0.97417,-0.20716,-0.01403,0.03757,-0.00153,-0.15715,0.00,0.00,0.00,Neutra,0.00
0,1,275,-0.96667,-0.21820,-0.00952,0.04307,-0.01680,-0.18586,0.00,0.00,0.00,Neutra,0.00
0,1,276,-0.96301,-0.19099,-0.03013,-0.02123,0.02917,-0.13943,0.00,0.00,0.00,Neutra,0.00
0,1,277,-0.95813,-0.19386,-0.02227,0.01145,0.02306,-0.10095,0.00,0.00,0.00,Neutra,0.00
0,1,278,-0.94227,-0.18233,-0.03611,0.04429,0.00275,-0.06185,0.00,0.00,0.00,Neutra,0.00
0,1,279,-0.94056,-0.18282,-0.03959,0.03543,0.01817,0.01298,0.00,0.00,0.00,Neutra,0.00
0,1,280,-0.92964,-0.19727,-0.01543,0.04016,0.00596,0.05253,0.00,0.00,0.00,Neutra,0.00
0,1,281,-0.94843,-0.19874,-0.01696,0.05055,-0.01206,0.05223,0.00,0.00,0.00,Neutra,0.00
0,1,282,-0.93946,-0.20624,-0.01940,0.03100,0.00229,0.03054,0.00,0.00,0.00,Neutra,0.00
0,1,283,-0.94068,-0.21539,-0.02202,0.03299,-0.02734,-0.03589,0.00,0.00,0.00,Neutra,0.00
0,1,284,-0.93135,-0.21326,-0.00769,0.02153,-0.04490,-0.10110,0.00,0.00,0.00,Neutra,0.00
0,1,285,-0.92500,-0.20551,-0.00360,-0.01787,-0.02657,-0.13103,0.00,0.00,0.00,Neutra,0.00
0,1,286,-0.94910,-0.19404,-0.01415,-0.00275,-0.06918,-0.14111,0.00,0.00,0.00,Neutra,0.00
0,1,287,-0.95544,-0.17355,-0.01745,0.00764,-0.08522,-0.11897,0.00,0.00,0.00,Neutra,0.00
0,1,288,-0.96057,-0.15976,-0.00952,-0.00397,-0.04734,-0.02596,0.00,0.00,0.00,Neutra,0.00
0,1,289,-0.97569,-0.14732,-0.00586,0.07743,-0.05986,0.03910,0.00,0.00,0.00,Neutra,0.00
0,1,290,-0.97228,-0.13859,-0.02227,0.07117,-0.07819,0.13515,0.00,0.00,0.00,Neutra,0.00
0,1,291,-0.97167,-0.14756,-0.00671,0.10996,-0.02825,0.20724,0.00,0.00,0.00,Neutra,0.00
0,1,292,-0.96746,-0.15555,-0.00378,0.15974,-0.04475,0.24572,0.00,0.00,0.00,Neutra,0.00
0,1,293,-0.97112,-0.17080,0.00482,0.15592,-0.02810,0.28543,0.00,0.00,0.00,Neutra,0.00
0,1,294,-0.97283,-0.17312,-0.00287,0.13378,0.00443,0.29688,0.00,0.00,0.00,Neutra,0.00
0,1,295,-0.98765,-0.16952,0.00854,0.13317,0.03100,0.29764,0.00,0.00,0.00,Neutra,0.00
0,1,296,-0.97478,-0.16519,-0.01293,0.09270,0.01970,0.27733,0.00,0.00,0.00,Neutra,0.00
0,1,297,-0.97765,-0.15354,-0.01366,0.05284,0.02917,0.24328,0.00,0.00,0.00,Neutra,0.00
0,1,298,-0.97002,-0.13810,-0.02190,0.07941,0.02978,0.20556,0.00,0.00,0.00,Neutra,0.00
0,1,299,-0.95831,-0.12310,-0.02324,0.08888,0.02917,0.20113,0.00,0.00,0.00,Neutra,0.00
0,1,300,-0.94983,-0.11120,-0.01165,0.10751,0.00015,0.19395,0.00,0.00,0.00,Neutra,0.00
0,1,301,-0.96160,-0.11297,-0.02977,0.13928,0.01130,0.20678,0.00,0.00,0.00,Neutra,0.00
0,1,302,-0.96984,-0.11828,-0.00903,0.19135,-0.01130,0.19410,0.00,0.00,0.00,Neutra,0.00
0,1,303,-0.98820,-0.11114,-0.02989,0.18066,0.00489,0.23243,0.00,0.00,0.00,Neutra,0.00
0,1,304,-0.99497,-0.10705,-0.03032,0.18494,0.03329,0.26023,0.00,0.00,0.00,Neutra,0.00
0,1,305,-1.00284,-0.11053,-0.02800,0.18570,0.04749,0.31124,0.00,0.00,0.00,Neutra,0.00
0,1,306,-1.00113,-0.11383,-0.02751,0.19853,0.03635,0.31704,0.00,0.00,0.00,Neutra,0.00
0,1,307,-1.00070,-0.12352,-0.02574,0.23350,0.05437,0.31383,0.00,0.00,0.00,Neutra,0.00
0,1,308,-0.99845,-0.12279,-0.03221,0.17791,0.07239,0.28711,0.00,0.00,0.00,Neutra,0.00
0,1,309,-0.99875,-0.12267,-0.00458,0.18372,0.05253,0.23671,0.00,0.00,0.00,Neutra,0.00
0,1,310,-0.99241,-0.10705,-0.03440,0.16127,0.04078,0.17471,0.00,0.00,0.00,Neutra,0.00
0,1,311,-1.00369,-0.09522,-0.04813,0.15195,0.06567,0.15638,0.00,0.00,0.00,Neutra,0.00
0,1,312,-1.00107,-0.08644,-0.04331,0.14798,0.07361,0.13439,0.00,0.00,0.00,Neutra,0.00
0,1,313,-0.99253,-0.09449,-0.02983,0.17517,0.07285,0.12966,0.00,0.00,0.00,Neutra,0.00
0,1,314,-0.98247,-0.08845,-0.04746,0.15485,0.08598,0.15669,0.00,0.00,0.00,Neutra,0.00
0,1,315,-0.96410,-0.08278,-0.03800,0.17089,0.08537,0.16035,0.00,0.00,0.00,Neutra,0.00
0,1,316,-0.95373,-0.07649,-0.04270,0.16341,0.07834,0.15944,0.00,0.00,0.00,Neutra,0.00
0,1,317,-0.96996,-0.07412,-0.05746,0.17013,0.07101,0.16570,0.00,0.00,0.00,Neutra,0.00
0,1,318,-0.95721,-0.07808,-0.05563,0.18860,0.06399,0.16722,0.00,0.00,0.00,Neutra,0.00
0,1,319,-0.96179,-0.08473,-0.05807,0.19685,0.04139,0.16952,0.00,0.00,0.00,Neutra,0.00
0,1,320,-0.96325,-0.09278,-0.03038,0.20495,0.02734,0.14615,0.00,0.00,0.00,Neutra,0.00
0,1,321,-0.95837,-0.11523,-0.03721,0.18967,0.00657,0.10492,0.00,0.00,0.00,Neutra,0.00
0,1,322,-0.96057,-0.11950,-0.03819,0.16493,0.00305,0.06353,0.00,0.00,0.00,Neutra,0.00
0,1,323,-0.96526,-0.12603,-0.03971,0.16478,-0.06002,-0.03482,0.00,0.00,0.00,Neutra,0.00
0,1,324,-0.96569,-0.11254,-0.03697,0.12752,-0.03772,-0.10553,0.00,0.00,0.00,Neutra,0.00
0,1,325,-0.97112,-0.11370,-0.04691,0.10568,-0.05269,-0.10507,0.00,0.00,0.00,Neutra,0.00
0,1,326,-0.97179,-0.11017,-0.04386,0.10385,-0.06429,-0.11576,0.00,0.00,0.00,Neutra,0.00
0,1,327,-0.97691,-0.09803,-0.03343,0.11362,-0.08262,-0.12446,0.00,0.00,0.00,Neutra,0.00
0,1,328,-0.98417,-0.08638,-0.04142,0.10675,-0.06796,-0.08354,0.00,0.00,0.00,Neutra,0.00
0,1,329,-0.98759,-0.07418,-0.03422,0.14172,-0.05452,-0.05574,0.00,0.00,0.00,Neutra,0.00
0,1,330,-0.98869,-0.08723,-0.03422,0.13485,-0.01573,-0.01985,0.00,0.00,0.00,Neutra,0.00
0,1,331,-0.98082,-0.10254,-0.02025,0.16402,-0.01542,-0.03680,0.00,0.00,0.00,Neutra,0.00
0,1,332,-0.98015,-0.11566,-0.02989,0.18967,-0.03894,-0.05620,0.00,0.00,0.00,Neutra,0.00
0,1,333,-0.97472,-0.12011,-0.02898,0.15088,-0.00794,-0.04383,0.00,0.00,0.00,Neutra,0.00
0,1,334,-0.98308,-0.12706,-0.02891,0.17303,-0.03543,-0.07010,0.00,0.00,0.00,Neutra,0.00
0,1,335,-0.96892,-0.12395,-0.02702,0.15898,-0.02993,-0.07880,0.00,0.00,0.00,Neutra,0.00
0,1,336,-0.97112,-0.12700,-0.03611,0.14523,-0.01985,-0.06429,0.00,0.00,0.00,Neutra,0.00
0,1,337,-0.96374,-0.12779,-0.02653,0.16234,-0.05376,-0.10553,0.00,0.00,0.00,Neutra,0.00
0,1,338,-0.96325,-0.12145,-0.02464,0.18524,-0.05559,-0.12645,0.00,0.00,0.00,Neutra,0.00
0,1,339,-0.97155,-0.12981,-0.03495,0.13317,-0.02795,-0.12599,0.00,0.00,0.00,Neutra,0.00
0,1,340,-0.96819,-0.12371,-0.03447,0.16616,-0.05513,-0.14630,0.00,0.00,0.00,Neutra,0.00
0,1,341,-0.96258,-0.12420,-0.04520,0.16173,-0.03329,-0.11377,0.00,0.00,0.00,Neutra,0.00
0,1,342,-0.96349,-0.12932,-0.01915,0.16753,-0.03314,-0.07834,0.00,0.00,0.00,Neutra,0.00
0,1,343,-0.96868,-0.13518,-0.02202,0.19761,-0.06643,-0.11087,0.00,0.00,0.00,Neutra,0.00
0,1,344,-0.96447,-0.14854,-0.02227,0.14676,-0.03283,-0.07605,0.00,0.00,0.00,Neutra,0.00
0,1,345,-0.96618,-0.15158,-0.02812,0.14340,-0.04627,-0.09621,0.00,0.00,0.00,Neutra,0.00
0,1,346,-0.96209,-0.15470,-0.01043,0.15928,-0.07529,-0.12431,0.00,0.00,0.00,Neutra,0.00
0,1,347,-0.95477,-0.15378,-0.00201,0.10476,-0.04658,-0.11255,0.00,0.00,0.00,Neutra,0.00
0,1,348,-0.97582,-0.15756,-0.01391,0.11484,-0.05941,-0.10507,0.00,0.00,0.00,Neutra,0.00
0,1,349,-0.97820,-0.14872,-0.00189,0.11255,-0.08186,-0.11423,0.00,0.00,0.00,Neutra,0.00
0,1,350,-0.98167,-0.14524,-0.00043,0.09514,-0.05269,-0.08338,0.00,0.00,0.00,Neutra,0.00
0,1,351,-0.98966,-0.14176,0.00964,0.09285,-0.05055,-0.08628,0.00,0.00,0.00,Neutra,0.00
0,1,352,-0.98015,-0.13652,-0.01751,0.07865,-0.04551,-0.07972,0.00,0.00,0.00,Neutra,0.00
0,1,353,-0.97789,-0.13829,-0.00201,0.07208,-0.02321,-0.06475,0.00,0.00,0.00,Neutra,0.00
0,1,354,-0.97777,-0.13902,-0.01671,0.09453,-0.04047,-0.05803,0.00,0.00,0.00,Neutra,0.00
0,1,355,-0.97344,-0.14542,-0.01098,0.07407,-0.04459,-0.04688,0.00,0.00,0.00,Neutra,0.00
0,1,356,-0.96740,-0.14048,-0.01238,0.06490,-0.04520,-0.05406,0.00,0.00,0.00,Neutra,0.00
0,1,357,-0.98210,-0.14109,-0.01555,0.08781,-0.07132,-0.08109,0.00,0.00,0.00,Neutra,0.00
0,2,1,-0.97576,-0.10089,-0.01336,0.00947,-0.02046,-0.04719,0.00,0.00,0.00,Neutra,0.00
0,2,2,-0.97374,-0.09736,-0.01879,0.05483,-0.03436,-0.04856,0.00,0.00,0.00,Neutra,0.00
0,2,3,-0.96404,-0.10065,-0.02629,0.03344,-0.01833,-0.01542,0.00,0.00,0.00,Neutra,0.00
0,2,4,-0.96691,-0.11462,0.00183,0.04765,-0.00367,-0.01359,0.00,0.00,0.00,Neutra,0.00
0,2,5,-0.97027,-0.11834,-0.01909,0.03742,-0.03879,-0.00764,0.00,0.00,0.00,Neutra,0.00
0,2,6,-0.96917,-0.12188,-0.00708,0.00550,-0.05880,-0.02886,0.00,0.00,0.00,Neutra,0.00
0,2,7,-0.97917,-0.11474,-0.02452,0.02413,-0.05055,-0.01833,0.00,0.00,0.00,Neutra,0.00
0,2,8,-0.98625,-0.10858,-0.01757,0.01863,-0.04414,-0.04887,0.00,0.00,0.00,Neutra,0.00
0,2,9,-0.98454,-0.10602,-0.01379,0.00718,-0.02841,-0.05376,0.00,0.00,0.00,Neutra,0.00
0,2,10,-0.98454,-0.10102,-0.01519,0.04047,-0.03696,-0.05880,0.00,0.00,0.00,Neutra,0.00
0,2,11,-0.99351,-0.10193,-0.00122,0.07743,-0.02382,-0.05345,0.00,0.00,0.00,Neutra,0.00
0,2,12,-0.99113,-0.11248,-0.01787,0.02825,0.02184,-0.02016,0.00,0.00,0.00,Neutra,0.00
0,2,13,-0.99088,-0.11602,-0.00354,0.05467,-0.03192,-0.05192,0.00,0.00,0.00,Neutra,0.00
0,2,14,-0.98430,-0.11956,-0.02233,0.03176,-0.02749,-0.04933,0.00,0.00,0.00,Neutra,0.00
0,2,15,-0.99430,-0.11541,-0.01214,-0.00611,-0.00825,-0.03360,0.00,0.00,0.00,Neutra,0.00
0,2,16,-0.99942,-0.10346,-0.02422,0.01619,-0.01573,-0.05742,0.00,0.00,0.00,Neutra,0.00
0,2,17,-0.98997,-0.09693,-0.00988,-0.00870,-0.02947,-0.05742,0.00,0.00,0.00,Neutra,0.00
0,2,18,-0.98527,-0.09443,-0.01183,0.01436,-0.00428,-0.06307,0.00,0.00,0.00,Neutra,0.00
0,2,19,-0.97258,-0.08528,-0.01177,0.01420,-0.01130,-0.06918,0.00,0.00,0.00,Neutra,0.00
0,2,20,-0.97429,-0.08388,-0.01311,-0.02505,0.03864,-0.02398,0.00,0.00,0.00,Neutra,0.00
0,2,21,-0.97228,-0.08705,-0.02623,0.01817,0.00886,-0.01848,0.00,0.00,0.00,Neutra,0.00
0,2,22,-0.96740,-0.09083,-0.01775,0.01772,0.00260,-0.02092,0.00,0.00,0.00,Neutra,0.00
0,2,23,-0.96673,-0.08808,-0.02178,-0.01466,0.01359,-0.03619,0.00,0.00,0.00,Neutra,0.00
0,2,24,-0.96917,-0.08186,-0.00848,0.07544,-0.04307,-0.05773,0.00,0.00,0.00,Neutra,0.00
0,2,25,-0.97490,-0.07942,-0.00226,0.02734,-0.00993,-0.06154,0.00,0.00,0.00,Neutra,0.00
0,2,26,-0.97423,-0.07314,-0.02098,0.03742,-0.00916,-0.05544,0.00,0.00,0.00,Neutra,0.00
0,2,27,-0.97990,-0.07637,-0.01025,0.05589,-0.00061,-0.04398,0.00,0.00,0.00,Neutra,0.00
0,2,28,-0.97356,-0.06869,-0.01348,0.05452,0.01237,-0.03390,0.00,0.00,0.00,Neutra,0.00
0,2,29,-0.97350,-0.08131,-0.00714,0.05666,0.02734,-0.00733,0.00,0.00,0.00,Neutra,0.00
0,2,30,-0.95489,-0.09126,-0.02666,0.08690,-0.00672,-0.01298,0.00,0.00,0.00,Neutra,0.00
0,2,31,-0.94721,-0.10919,-0.02879,0.05941,0.00794,0.00382,0.00,0.00,0.00,Neutra,0.00
0,2,32,-0.94123,-0.09870,-0.03166,0.11209,-0.02505,-0.03543,0.00,0.00,0.00,Neutra,0.00
0,2,33,-0.93495,-0.09681,-0.02519,0.09896,-0.05055,-0.06093,0.00,0.00,0.00,Neutra,0.00
0,2,34,-0.93336,-0.09754,-0.02885,0.03650,-0.00687,-0.00794,0.00,0.00,0.00,Neutra,0.00
0,2,35,-0.93647,-0.10187,-0.02989,0.08567,-0.05803,-0.04444,0.00,0.00,0.00,Neutra,0.00
0,2,36,-0.94672,-0.10931,-0.02794,0.08384,-0.07437,-0.07086,0.00,0.00,0.00,Neutra,0.00
0,2,37,-0.94934,-0.11267,-0.02775,0.11072,-0.06613,-0.03176,0.00,0.00,0.00,Neutra,0.00
0,2,38,-0.95624,-0.12060,-0.03648,0.09453,-0.09896,-0.03085,0.00,0.00,0.00,Neutra,0.00
0,2,39,-0.96349,-0.12474,-0.02434,0.06658,-0.08476,-0.04368,0.00,0.00,0.00,Neutra,0.00
0,2,40,-0.98112,-0.13030,-0.02446,0.05315,-0.05299,-0.01710,0.00,0.00,0.00,Neutra,0.00
0,2,41,-0.98027,-0.12725,-0.02178,0.05864,-0.08384,-0.05773,0.00,0.00,0.00,Neutra,0.00
0,2,42,-0.98704,-0.12584,-0.01653,0.05498,-0.05681,-0.04872,0.00,0.00,0.00,Neutra,0.00
0,2,43,-0.99332,-0.13206,-0.02050,0.04139,-0.05620,-0.05040,0.00,0.00,0.00,Neutra,0.00
0,2,44,-0.98747,-0.13103,-0.01263,0.07773,-0.08628,-0.08491,0.00,0.00,0.00,Neutra,0.00
0,2,45,-0.98545,-0.13219,-0.02635,0.04414,-0.04979,-0.05834,0.00,0.00,0.00,Neutra,0.00
0,2,46,-0.98899,-0.13267,-0.02294,0.01833,-0.04398,-0.03971,0.00,0.00,0.00,Neutra,0.00
0,2,47,-0.99351,-0.13036,-0.00207,0.03512,-0.06124,-0.06567,0.00,0.00,0.00,Neutra,0.00
0,2,48,-0.98399,-0.12352,-0.01616,0.00290,-0.07407,-0.04933,0.00,0.00,0.00,Neutra,0.00
0,2,49,-0.98796,-0.12432,-0.02172,0.00962,-0.03344,-0.04184,0.00,0.00,0.00,Neutra,0.00
0,2,50,-0.97234,-0.11675,-0.01671,0.02734,-0.04322,-0.05712,0.00,0.00,0.00,Neutra,0.00
0,2,51,-0.95672,-0.11639,-0.03227,-0.01023,-0.01924,-0.04597,0.00,0.00,0.00,Neutra,0.00
0,2,52,-0.97100,-0.11383,-0.01714,-0.00061,-0.02306,-0.02443,0.00,0.00,0.00,Neutra,0.00
0,2,53,-0.97106,-0.11706,-0.01360,0.00779,-0.04123,-0.03971,0.00,0.00,0.00,Neutra,0.00
0,2,54,-0.96502,-0.11248,-0.02287,-0.03390,-0.01924,-0.07055,0.00,0.00,0.00,Neutra,0.00
0,2,55,-0.97234,-0.09992,-0.00988,-0.01115,-0.04215,-0.05284,0.00,0.00,0.00,Neutra,0.00
0,2,56,-0.98112,-0.09894,-0.03093,-0.00733,-0.07773,-0.05544,0.00,0.00,0.00,Neutra,0.00
0,2,57,-0.96319,-0.09906,-0.01409,-0.00260,-0.03436,-0.03864,0.00,0.00,0.00,Neutra,0.00
0,2,58,-0.96404,-0.09638,-0.02001,0.03009,-0.05925,-0.04811,0.00,0.00,0.00,Neutra,0.00
0,2,59,-0.96593,-0.09394,-0.00049,0.01955,-0.04734,-0.03131,0.00,0.00,0.00,Neutra,0.00
0,2,60,-0.96850,-0.09925,-0.02409,0.00809,-0.03879,-0.02611,0.00,0.00,0.00,Neutra,0.00
0,2,61,-0.96746,-0.10437,-0.01208,0.04108,-0.06582,-0.04459,0.00,0.00,0.00,Neutra,0.00
0,2,62,-0.96398,-0.10144,-0.00964,0.01634,-0.05131,-0.04826,0.00,0.00,0.00,Neutra,0.00
0,2,63,-0.96410,-0.09327,-0.00836,-0.02734,-0.04948,-0.04612,0.00,0.00,0.00,Neutra,0.00
0,2,64,-0.97313,-0.08754,-0.01757,0.01191,-0.06353,-0.06429,0.00,0.00,0.00,Neutra,0.00
0,2,65,-0.97618,-0.08351,-0.02379,0.01481,-0.04490,-0.03864,0.00,0.00,0.00,Neutra,0.00
0,2,66,-0.98009,-0.08229,-0.00299,0.03253,-0.00473,-0.02810,0.00,0.00,0.00,Neutra,0.00
0,2,67,-0.97618,-0.08632,-0.01702,0.04948,-0.05818,-0.03467,0.00,0.00,0.00,Neutra,0.00
0,2,68,-0.97289,-0.08668,-0.01232,0.03757,-0.02947,-0.01130,0.00,0.00,0.00,Neutra,0.00
0,2,69,-0.96886,-0.09931,-0.02599,0.05192,-0.03604,-0.00870,0.00,0.00,0.00,Neutra,0.00
0,2,70,-0.97155,-0.09974,-0.00695,0.05406,-0.06032,-0.04154,0.00,0.00,0.00,Neutra,0.00
0,2,71,-0.97393,-0.10919,-0.02080,0.03131,-0.05391,-0.02902,0.00,0.00,0.00,Neutra,0.00
0,2,72,-0.97521,-0.10510,-0.01671,0.03986,-0.07315,-0.01268,0.00,0.00,0.00,Neutra,0.00
0,2,73,-0.98228,-0.09839,-0.01885,0.03192,-0.06613,-0.05208,0.00,0.00,0.00,Neutra,0.00
0,2,74,-0.97228,-0.09461,-0.02507,0.02123,-0.05070,-0.04673,0.00,0.00,0.00,Neutra,0.00
0,2,75,-0.98204,-0.08693,-0.01769,0.06109,-0.06933,-0.05253,0.00,0.00,0.00,Neutra,0.00
0,2,76,-0.97569,-0.09156,-0.02599,0.05376,-0.05651,-0.04597,0.00,0.00,0.00,Neutra,0.00
0,2,77,-0.98106,-0.10187,-0.01372,0.06414,-0.04734,-0.02398,0.00,0.00,0.00,Neutra,0.00
0,2,78,-0.98979,-0.09809,-0.00470,0.07025,-0.05528,-0.02734,0.00,0.00,0.00,Neutra,0.00
0,2,79,-0.98326,-0.10437,-0.01159,0.06658,-0.05666,-0.04765,0.00,0.00,0.00,Neutra,0.00
0,2,80,-0.98667,-0.10766,-0.02495,0.04368,-0.03818,-0.02749,0.00,0.00,0.00,Neutra,0.00
0,2,81,-0.97722,-0.10468,-0.01281,0.06872,-0.04536,-0.05253,0.00,0.00,0.00,Neutra,0.00
0,2,82,-0.97765,-0.10669,-0.02214,0.06017,-0.04536,-0.04520,0.00,0.00,0.00,Neutra,0.00
0,2,83,-0.97527,-0.10882,-0.00720,0.06216,-0.05208,-0.04291,0.00,0.00,0.00,Neutra,0.00
0,2,84,-0.96929,-0.11566,-0.01458,0.04719,-0.05177,-0.03665,0.00,0.00,0.00,Neutra,0.00
0,2,85,-0.96886,-0.11145,-0.01153,0.04811,-0.04811,-0.00046,0.00,0.00,0.00,Neutra,0.00
0,2,86,-0.98240,-0.11132,0.00641,0.05055,-0.04414,-0.04139,0.00,0.00,0.00,Neutra,0.00
0,2,87,-0.99418,-0.11730,-0.00268,0.03940,-0.04933,-0.06032,0.00,0.00,0.00,Neutra,0.00
0,2,88,-0.97862,-0.11181,-0.01976,0.04276,-0.04093,-0.06231,0.00,0.00,0.00,Neutra,0.00
0,2,89,-0.98112,-0.11297,-0.00604,0.05147,-0.04108,-0.05666,0.00,0.00,0.00,Neutra,0.00
0,2,90,-0.97332,-0.11157,-0.01177,0.02199,-0.02489,-0.06964,0.00,0.00,0.00,Neutra,0.00
0,2,91,-0.97350,-0.11084,-0.01501,0.04352,-0.03406,-0.03283,0.00,0.00,0.00,Neutra,0.00
0,2,92,-0.95874,-0.11206,-0.01507,0.06261,-0.06093,-0.02841,0.00,0.00,0.00,Neutra,0.00
0,2,93,-0.96154,-0.11108,-0.00641,0.02138,-0.04016,-0.01008,0.00,0.00,0.00,Neutra,0.00
0,2,94,-0.96417,-0.11541,-0.00817,0.02902,-0.04505,-0.02856,0.00,0.00,0.00,Neutra,0.00
0,2,95,-0.96764,-0.11017,-0.01488,0.04917,-0.08048,-0.03910,0.00,0.00,0.00,Neutra,0.00
0,2,96,-0.96789,-0.10510,-0.00634,0.01451,-0.05498,-0.03512,0.00,0.00,0.00,Neutra,0.00
0,2,97,-0.97783,-0.09699,-0.00805,0.03100,-0.05956,-0.03879,0.00,0.00,0.00,Neutra,0.00
0,2,98,-0.97874,-0.10266,-0.00415,0.03711,-0.05177,-0.07315,0.00,0.00,0.00,Neutra,0.00
0,2,99,-0.97795,-0.09870,-0.00171,0.04169,-0.05559,-0.03238,0.00,0.00,0.00,Neutra,0.00
0,2,100,-0.97734,-0.10962,-0.00793,0.03986,-0.04261,-0.01512,0.00,0.00,0.00,Neutra,0.00
0,2,101,-0.97643,-0.10998,-0.00714,0.05223,-0.05513,-0.03299,0.00,0.00,0.00,Neutra,0.00
0,2,102,-0.98137,-0.11480,-0.01415,0.01680,-0.06048,-0.02199,0.00,0.00,0.00,Neutra,0.00
0,2,103,-0.97582,-0.09510,-0.00982,0.03176,-0.04429,-0.02657,0.00,0.00,0.00,Neutra,0.00
0,2,104,-0.97283,-0.10602,-0.00384,0.02367,-0.04795,-0.03757,0.00,0.00,0.00,Neutra,0.00
0,2,105,-0.97472,-0.10559,-0.02227,0.01436,-0.05024,-0.04276,0.00,0.00,0.00,Neutra,0.00
0,2,106,-0.97008,-0.10230,-0.02806,0.01802,-0.06063,-0.03894,0.00,0.00,0.00,Neutra,0.00
0,2,107,-0.96935,-0.09559,-0.03074,0.02963,-0.03726,-0.01084,0.00,0.00,0.00,Neutra,0.00
0,2,108,-0.97136,-0.10083,-0.01372,0.05223,-0.06796,-0.01222,0.00,0.00,0.00,Neutra,0.00
0,2,109,-0.98009,-0.10010,-0.00342,0.05269,-0.06888,-0.02474,0.00,0.00,0.00,Neutra,0.00
0,2,110,-0.97423,-0.10230,-0.01391,0.03497,-0.04673,-0.03574,0.00,0.00,0.00,Neutra,0.00
0,2,111,-0.98350,-0.10632,-0.02568,0.04933,-0.05803,-0.06338,0.00,0.00,0.00,Neutra,0.00
0,2,112,-0.97112,-0.10358,-0.00183,0.05147,-0.05773,-0.07407,0.00,0.00,0.00,Neutra,0.00
0,2,113,-0.96234,-0.09967,-0.01025,0.05269,-0.05574,-0.07086,0.00,0.00,0.00,Neutra,0.00
0,2,114,-0.98070,-0.10181,-0.01562,0.04215,-0.03955,-0.03268,0.00,0.00,0.00,Neutra,0.00
0,2,115,-0.98009,-0.10254,-0.00726,0.06658,-0.05192,-0.02520,0.00,0.00,0.00,Neutra,0.00
0,2,116,-0.97862,-0.10474,-0.00811,0.04475,-0.03910,-0.01283,0.00,0.00,0.00,Neutra,0.00
0,2,117,-0.98430,-0.10943,0.00049,0.04826,-0.05559,-0.03467,0.00,0.00,0.00,Neutra,0.00
0,2,118,-0.97533,-0.11755,-0.01482,0.04047,-0.03955,-0.04398,0.00,0.00,0.00,Neutra,0.00
0,2,119,-0.97301,-0.11584,-0.01257,0.02550,-0.02871,-0.03497,0.00,0.00,0.00,Neutra,0.00
0,2,120,-0.97838,-0.11755,-0.01568,0.03955,-0.04704,-0.04673,0.00,0.00,0.00,Neutra,0.00
0,2,121,-0.98082,-0.11193,0.00396,0.04673,-0.06017,-0.06185,0.00,0.00,0.00,Neutra,0.00
0,2,122,-0.98301,-0.10852,-0.02098,0.01374,-0.03986,-0.03176,0.00,0.00,0.00,Neutra,0.00
0,2,123,-0.99589,-0.10571,0.00110,0.02779,-0.00718,-0.01206,0.00,0.00,0.00,Neutra,0.00
0,2,124,-0.97350,-0.10864,-0.00067,0.02611,-0.03757,-0.02153,0.00,0.00,0.00,Neutra,0.00
0,2,125,-0.97252,-0.11364,-0.00037,0.00840,-0.03176,-0.01100,0.00,0.00,0.00,Neutra,0.00
0,2,126,-0.97502,-0.10144,0.00287,0.01527,-0.05269,-0.05803,0.00,0.00,0.00,Neutra,0.00
0,2,127,-0.97594,-0.09376,-0.03007,0.00764,-0.03299,-0.03894,0.00,0.00,0.00,Neutra,0.00
0,2,128,-0.97911,-0.09241,0.00964,0.03299,-0.03742,-0.05605,0.00,0.00,0.00,Neutra,0.00
0,2,129,-0.98210,-0.09187,-0.00683,0.06658,-0.04566,-0.06796,0.00,0.00,0.00,Neutra,0.00
0,2,130,-0.97356,-0.09052,-0.00195,0.03085,-0.00397,-0.02947,0.00,0.00,0.00,Neutra,0.00
0,2,131,-0.95825,-0.09339,-0.01275,0.04994,-0.02474,-0.02398,0.00,0.00,0.00,Neutra,0.00
0,2,132,-0.97447,-0.10498,-0.00384,0.05101,-0.03253,-0.03543,0.00,0.00,0.00,Neutra,0.00
0,2,133,-0.96892,-0.11139,-0.00372,0.02352,-0.01451,-0.02169,0.00,0.00,0.00,Neutra,0.00
0,2,134,-0.97228,-0.11206,-0.00195,0.03176,-0.04001,-0.00870,0.00,0.00,0.00,Neutra,0.00
0,2,135,-0.97942,-0.10968,-0.00903,0.01237,-0.04475,-0.05024,0.00,0.00,0.00,Neutra,0.00
0,2,136,-0.97972,-0.10248,-0.01159,0.01649,-0.04994,-0.04688,0.00,0.00,0.00,Neutra,0.00
0,2,137,-0.98588,-0.09418,0.00714,0.02947,-0.05452,-0.05040,0.00,0.00,0.00,Neutra,0.00
0,2,138,-0.98686,-0.09370,-0.01177,0.02963,-0.03344,-0.02581,0.00,0.00,0.00,Neutra,0.00
0,2,139,-0.99107,-0.09913,-0.01293,0.02505,-0.01313,-0.03238,0.00,0.00,0.00,Neutra,0.00
0,2,140,-0.99259,-0.09516,-0.00165,0.06521,-0.03543,-0.04536,0.00,0.00,0.00,Neutra,0.00
0,2,141,-0.98332,-0.09894,-0.00714,0.04307,-0.02245,-0.03742,0.00,0.00,0.00,Neutra,0.00
0,2,142,-0.98131,-0.10376,-0.02544,0.03864,-0.01588,-0.02611,0.00,0.00,0.00,Neutra,0.00
0,2,143,-0.97112,-0.09967,-0.00823,0.05116,-0.04444,-0.05605,0.00,0.00,0.00,Neutra,0.00
0,2,144,-0.97545,-0.10242,-0.01836,0.02749,-0.01038,-0.03757,0.00,0.00,0.00,Neutra,0.00
0,2,145,-0.97887,-0.10096,-0.01324,0.02718,-0.00993,-0.03497,0.00,0.00,0.00,Neutra,0.00
0,2,146,-0.97057,-0.09888,-0.01543,0.04414,-0.02581,-0.05299,0.00,0.00,0.00,Neutra,0.00
0,2,147,-0.97112,-0.09870,-0.01976,0.03100,-0.01481,-0.04414,0.00,0.00,0.00,Neutra,0.00
0,2,148,-0.98265,-0.09180,-0.00360,0.00229,-0.00993,-0.04811,0.00,0.00,0.00,Neutra,0.00
0,2,149,-0.97527,-0.09394,-0.00976,0.05024,-0.01817,-0.05666,0.00,0.00,0.00,Neutra,0.00
0,2,150,-0.97966,-0.10138,-0.01189,0.07346,-0.02871,-0.04597,0.00,0.00,0.00,Neutra,0.00
0,2,151,-0.97490,-0.11102,-0.00659,0.06949,-0.01481,-0.02062,0.00,0.00,0.00,Neutra,0.00
0,2,152,-0.97325,-0.10785,-0.00726,0.05941,-0.02337,-0.02810,0.00,0.00,0.00,Neutra,0.00
0,2,153,-0.97423,-0.11206,-0.01440,0.06506,-0.02275,-0.03375,0.00,0.00,0.00,Neutra,0.00
0,2,154,-0.97319,-0.11242,-0.01592,0.08079,-0.04093,-0.05696,0.00,0.00,0.00,Neutra,0.00
0,2,155,-0.96813,-0.12365,-0.01135,0.05849,-0.03268,-0.05131,0.00,0.00,0.00,Neutra,0.00
0,2,156,-0.96105,-0.10559,-0.01104,0.04963,-0.01970,-0.04154,0.00,0.00,0.00,Neutra,0.00
0,2,157,-0.96081,-0.10858,-0.00787,0.07407,-0.04643,-0.05818,0.00,0.00,0.00,Neutra,0.00
0,2,158,-0.96215,-0.11071,-0.01080,0.05269,-0.02474,-0.03467,0.00,0.00,0.00,Neutra,0.00
0,2,159,-0.95916,-0.11309,-0.01635,0.05360,-0.03894,-0.03115,0.00,0.00,0.00,Neutra,0.00
0,2,160,-0.96343,-0.11602,-0.00421,0.03299,-0.03787,-0.07666,0.00,0.00,0.00,Neutra,0.00
0,2,161,-0.96258,-0.10748,-0.01470,0.01665,-0.04963,-0.04475,0.00,0.00,0.00,Neutra,0.00
0,2,162,-0.98027,-0.11163,-0.01440,0.03925,-0.04322,-0.03100,0.00,0.00,0.00,Neutra,0.00
0,2,163,-0.96447,-0.11035,-0.01616,0.06643,-0.07697,-0.06093,0.00,0.00,0.00,Neutra,0.00
0,2,164,-0.96673,-0.11017,-0.00592,0.01008,-0.03848,-0.02932,0.00,0.00,0.00,Neutra,0.00
0,2,165,-0.97344,-0.09589,-0.01421,0.03696,-0.04765,-0.03894,0.00,0.00,0.00,Neutra,0.00
0,2,166,-0.97252,-0.10876,-0.00518,0.04169,-0.04184,-0.04200,0.00,0.00,0.00,Neutra,0.00
0,2,167,-0.96587,-0.11608,-0.01061,0.03726,-0.03818,-0.03910,0.00,0.00,0.00,Neutra,0.00
0,2,168,-0.96362,-0.11389,0.00092,0.03894,-0.04963,-0.04062,0.00,0.00,0.00,Neutra,0.00
0,2,169,-0.96539,-0.10956,-0.02312,0.02673,-0.05544,-0.03864,0.00,0.00,0.00,Neutra,0.00
0,2,170,-0.96600,-0.11224,-0.01171,0.02535,-0.04826,-0.02413,0.00,0.00,0.00,Neutra,0.00
0,2,171,-0.97966,-0.11078,-0.01269,0.05483,-0.06842,-0.04398,0.00,0.00,0.00,Neutra,0.00
0,2,172,-0.97789,-0.11096,-0.01690,0.03925,-0.06292,-0.04963,0.00,0.00,0.00,Neutra,0.00
0,2,173,-0.97820,-0.11456,-0.03044,0.03375,-0.05299,-0.05009,0.00,0.00,0.00,Neutra,0.00
0,2,174,-0.97014,-0.10553,-0.00531,0.00504,-0.04673,-0.04062,0.00,0.00,0.00,Neutra,0.00
0,2,175,-0.97960,-0.11358,-0.02111,0.03192,-0.06154,-0.06445,0.00,0.00,0.00,Neutra,0.00
0,2,176,-0.98454,-0.10870,-0.00921,0.03039,-0.06307,-0.03574,0.00,0.00,0.00,Neutra,0.00
0,2,177,-0.97868,-0.09601,-0.00433,0.03879,-0.05101,-0.02260,0.00,0.00,0.00,Neutra,0.00
0,2,178,-0.98802,-0.10437,-0.01116,0.01787,-0.03833,-0.01924,0.00,0.00,0.00,Neutra,0.00
0,2,179,-0.99460,-0.10291,0.00079,0.06949,-0.05864,-0.05360,0.00,0.00,0.00,Neutra,0.00
0,2,180,-0.98893,-0.10461,-0.01159,0.02581,-0.07498,-0.04979,0.00,0.00,0.00,Neutra,0.00
0,2,181,-0.97972,-0.09974,-0.01110,0.02871,-0.03085,-0.03848,0.00,0.00,0.00,Neutra,0.00
0,2,182,-0.98259,-0.10760,-0.00421,0.04139,-0.04078,-0.03512,0.00,0.00,0.00,Neutra,0.00
0,2,183,-0.97740,-0.10699,0.00775,0.02367,-0.03543,-0.02459,0.00,0.00,0.00,Neutra,0.00
0,2,184,-0.97020,-0.10132,-0.03080,0.02107,-0.04123,-0.02734,0.00,0.00,0.00,Neutra,0.00
0,2,185,-0.98112,-0.10211,-0.02062,0.04230,-0.06109,-0.02352,0.00,0.00,0.00,Neutra,0.00
0,2,186,-0.96758,-0.09589,-0.01781,0.01955,-0.04200,-0.02306,0.00,0.00,0.00,Neutra,0.00
0,2,187,-0.96295,-0.09443,-0.01159,0.01909,-0.04276,-0.02993,0.00,0.00,0.00,Neutra,0.00
0,2,188,-0.96600,-0.09766,-0.00982,0.04536,-0.06582,-0.04276,0.00,0.00,0.00,Neutra,0.00
0,2,189,-0.96551,-0.10053,-0.01757,0.02535,-0.05116,-0.02917,0.00,0.00,0.00,Neutra,0.00
0,2,190,-0.97917,-0.09809,0.00708,0.04139,-0.06048,-0.03512,0.00,0.00,0.00,Neutra,0.00
0,2,191,-0.98503,-0.08089,0.00220,0.06185,-0.06307,-0.05284,0.00,0.00,0.00,Neutra,0.00
0,2,192,-0.98448,-0.09351,0.00762,0.07621,-0.03146,-0.04001,0.00,0.00,0.00,Neutra,0.00
0,2,193,-0.98112,-0.10144,-0.00512,0.05742,-0.04261,-0.05391,0.00,0.00,0.00,Neutra,0.00
0,2,194,-0.97838,-0.10815,0.01873,0.05360,-0.04154,-0.03787,0.00,0.00,0.00,Neutra,0.00
0,2,195,-0.97338,-0.10962,-0.00616,0.03925,-0.04780,-0.03665,0.00,0.00,0.00,Neutra,0.00
0,2,196,-0.97868,-0.11578,-0.00677,0.04994,-0.05666,-0.02947,0.00,0.00,0.00,Neutra,0.00
0,2,197,-0.97960,-0.11938,-0.01257,0.03665,-0.03818,-0.02688,0.00,0.00,0.00,Neutra,0.00
0,2,198,-0.97643,-0.11511,-0.01397,0.01619,-0.03085,-0.02077,0.00,0.00,0.00,Neutra,0.00
0,2,199,-0.97289,-0.11474,-0.00250,0.02367,-0.03894,-0.04032,0.00,0.00,0.00,Neutra,0.00
0,2,200,-0.96453,-0.11297,-0.01189,0.01542,-0.02810,-0.01924,0.00,0.00,0.00,Neutra,0.00
0,2,201,-0.97356,-0.11889,-0.01049,0.00840,-0.03879,-0.03115,0.00,0.00,0.00,Neutra,0.00
0,2,202,-0.97783,-0.11078,-0.01440,0.02260,-0.05681,-0.01833,0.00,0.00,0.00,Neutra,0.00
0,2,203,-0.97582,-0.11157,-0.00043,0.01817,-0.05803,-0.02505,0.00,0.00,0.00,Neutra,0.00
0,2,204,-0.97771,-0.10687,-0.02178,0.01604,-0.05406,-0.05864,0.00,0.00,0.00,Neutra,0.00
0,2,205,-0.97502,-0.10663,-0.00897,0.03161,-0.06399,-0.03635,0.00,0.00,0.00,Neutra,0.00
0,2,206,-0.95587,-0.10571,-0.00586,0.00351,-0.04368,-0.02230,0.00,0.00,0.00,Neutra,0.00
0,2,207,-0.97167,-0.09803,-0.01293,0.02123,-0.05315,-0.03497,0.00,0.00,0.00,Neutra,0.00
0,2,208,-0.97039,-0.10126,-0.00470,0.02199,-0.05315,-0.04276,0.00,0.00,0.00,Neutra,0.00
0,2,209,-0.96734,-0.09467,-0.00811,0.00305,-0.02352,-0.07621,0.00,0.00,0.00,Neutra,0.00
0,2,210,-0.97722,-0.08711,0.00756,0.03207,-0.04139,-0.05192,0.00,0.00,0.00,Neutra,0.00
0,2,211,-0.95721,-0.09638,-0.00403,0.05895,-0.04902,-0.05085,0.00,0.00,0.00,Neutra,0.00
0,2,212,-0.96734,-0.10187,-0.00067,0.04612,-0.04307,-0.04444,0.00,0.00,0.00,Neutra,0.00
0,2,213,-0.96917,-0.10895,-0.00390,0.04704,-0.03283,-0.02016,0.00,0.00,0.00,Neutra,0.00
0,2,214,-0.96508,-0.11303,-0.00006,0.04093,-0.05208,-0.03146,0.00,0.00,0.00,Neutra,0.00
0,2,215,-0.96935,-0.11462,-0.00964,0.03390,-0.05910,-0.02367,0.00,0.00,0.00,Neutra,0.00
0,2,216,-0.98277,-0.11767,-0.01251,0.04856,-0.08002,-0.05101,0.00,0.00,0.00,Neutra,0.00
0,2,217,-0.97033,-0.11096,-0.01068,0.00489,-0.04780,-0.02734,0.00,0.00,0.00,Neutra,0.00
0,2,218,-0.97490,-0.10272,0.00329,0.01359,-0.06063,-0.05284,0.00,0.00,0.00,Neutra,0.00
0,2,219,-0.98613,-0.09668,0.00354,0.05269,-0.08934,-0.06872,0.00,0.00,0.00,Neutra,0.00
0,2,220,-0.98314,-0.09229,-0.02257,0.04490,-0.06918,-0.05834,0.00,0.00,0.00,Neutra,0.00
0,2,221,-0.98716,-0.09754,-0.00213,0.04062,-0.04536,-0.02947,0.00,0.00,0.00,Neutra,0.00
0,2,222,-0.99162,-0.10382,0.00708,0.03803,-0.04154,-0.01420,0.00,0.00,0.00,Neutra,0.00
0,2,223,-0.98948,-0.10108,-0.01214,0.02596,-0.01649,0.00779,0.00,0.00,0.00,Neutra,0.00
0,2,224,-0.97606,-0.09870,-0.00586,0.01405,-0.03650,0.03192,0.00,0.00,0.00,Neutra,0.00
0,2,225,-0.97600,-0.09467,-0.01421,0.02443,-0.03161,-0.00076,0.00,0.00,0.00,Neutra,0.00
0,2,226,-0.99680,-0.10669,-0.01739,0.03131,-0.01237,0.00244,0.00,0.00,0.00,Neutra,0.00
0,2,227,-0.97862,-0.09925,0.00067,0.02673,-0.02489,-0.04841,0.00,0.00,0.00,Neutra,0.00
0,2,228,-0.97990,-0.10443,-0.00354,0.03161,-0.03986,-0.07544,0.00,0.00,0.00,Neutra,0.00
0,2,229,-0.97856,-0.10028,-0.01507,0.00901,-0.03009,-0.06567,0.00,0.00,0.00,Neutra,0.00
0,2,230,-0.97478,-0.09528,-0.00701,0.06139,-0.05895,-0.07178,0.00,0.00,0.00,Neutra,0.00
0,2,231,-0.98155,-0.09071,-0.01318,0.04078,-0.02184,-0.03039,0.00,0.00,0.00,Neutra,0.00
0,2,232,-0.98369,-0.09278,-0.01775,0.05009,-0.02275,0.00046,0.00,0.00,0.00,Neutra,0.00
0,2,233,-0.98771,-0.10053,-0.00988,0.06277,-0.02871,-0.02443,0.00,0.00,0.00,Neutra,0.00
0,2,234,-0.98515,-0.09858,-0.00415,0.06567,-0.01374,-0.03268,0.00,0.00,0.00,Neutra,0.00
0,2,235,-0.97984,-0.11224,0.00732,0.05498,-0.01023,-0.03131,0.00,0.00,0.00,Neutra,0.00
0,2,236,-0.96642,-0.11169,-0.00122,0.06292,-0.01329,-0.04841,0.00,0.00,0.00,Neutra,0.00
0,2,237,-0.95489,-0.11102,-0.01970,0.02489,-0.00473,-0.05498,0.00,0.00,0.00,Neutra,0.00
0,2,238,-0.97179,-0.11120,-0.01244,0.06017,-0.04169,-0.06231,0.00,0.00,0.00,Neutra,0.00
0,2,239,-0.97136,-0.10114,-0.00720,0.04948,-0.02230,-0.02841,0.00,0.00,0.00,Neutra,0.00
0,2,240,-0.97362,-0.10388,-0.00628,0.04123,-0.02230,-0.02566,0.00,0.00,0.00,Neutra,0.00
0,2,241,-0.97722,-0.10431,-0.00159,0.04643,-0.01695,-0.02550,0.00,0.00,0.00,Neutra,0.00
0,2,242,-0.96898,-0.10577,0.00354,0.05544,-0.02230,-0.03543,0.00,0.00,0.00,Neutra,0.00
0,2,243,-0.96081,-0.10827,-0.00030,0.03543,-0.01527,-0.02718,0.00,0.00,0.00,Neutra,0.00
0,2,244,-0.96532,-0.11352,0.00586,0.03925,-0.02153,-0.02443,0.00,0.00,0.00,Neutra,0.00
0,2,245,-0.96746,-0.10864,-0.00732,0.02184,-0.02428,-0.02917,0.00,0.00,0.00,Neutra,0.00
0,2,246,-0.97515,-0.11297,-0.01189,0.03192,-0.03451,-0.03879,0.00,0.00,0.00,Neutra,0.00
0,2,247,-0.96959,-0.10962,0.00598,0.03406,-0.00290,-0.02642,0.00,0.00,0.00,Neutra,0.00
0,2,248,-0.97234,-0.10468,0.00140,0.00916,-0.02627,-0.03375,0.00,0.00,0.00,Neutra,0.00
0,2,249,-0.97081,-0.09803,-0.00171,0.02153,-0.04108,-0.04322,0.00,0.00,0.00,Neutra,0.00
0,2,250,-0.97142,-0.09357,-0.00921,0.04795,-0.05162,-0.05055,0.00,0.00,0.00,Neutra,0.00
0,2,251,-0.96160,-0.10919,-0.02367,0.02092,-0.02566,-0.01985,0.00,0.00,0.00,Neutra,0.00
0,2,252,-0.96905,-0.10455,0.00366,0.03650,-0.04307,-0.03986,0.00,0.00,0.00,Neutra,0.00
0,2,253,-0.96868,-0.10358,0.00098,0.04872,-0.06964,-0.01497,0.00,0.00,0.00,Neutra,0.00
0,2,254,-0.97069,-0.10059,-0.00378,0.01619,-0.04062,-0.02856,0.00,0.00,0.00,Neutra,0.00
0,2,255,-0.95782,-0.10193,-0.00464,0.03451,-0.05712,-0.03543,0.00,0.00,0.00,Neutra,0.00
0,2,256,-0.97185,-0.10553,-0.00177,0.02337,-0.04734,-0.03207,0.00,0.00,0.00,Neutra,0.00
0,2,257,-0.97362,-0.10364,-0.00500,0.01741,-0.05238,-0.03910,0.00,0.00,0.00,Neutra,0.00
0,2,258,-0.97820,-0.10382,-0.01714,0.04520,-0.06628,-0.05330,0.00,0.00,0.00,Neutra,0.00
0,2,259,-0.97691,-0.09705,-0.00085,0.02459,-0.05589,-0.04581,0.00,0.00,0.00,Neutra,0.00
0,2,260,-0.98039,-0.09473,-0.02062,0.00015,-0.05528,-0.03864,0.00,0.00,0.00,Neutra,0.00
0,2,261,-0.97722,-0.09333,0.00116,0.03207,-0.03589,-0.04322,0.00,0.00,0.00,Neutra,0.00
0,2,262,-0.97917,-0.09162,-0.00830,0.04490,-0.03512,-0.03115,0.00,0.00,0.00,Neutra,0.00
0,2,263,-0.97551,-0.09046,0.00140,0.02535,-0.02520,-0.05971,0.00,0.00,0.00,Neutra,0.00
0,2,264,-0.97551,-0.10358,-0.01391,0.04459,-0.04490,-0.04643,0.00,0.00,0.00,Neutra,0.00
0,2,265,-0.97545,-0.11047,-0.01476,0.04032,-0.04780,-0.03176,0.00,0.00,0.00,Neutra,0.00
0,2,266,-0.97618,-0.10705,-0.01122,0.02031,-0.03864,-0.02627,0.00,0.00,0.00,Neutra,0.00
0,2,267,-0.98356,-0.10089,0.00262,0.00229,-0.04215,-0.03742,0.00,0.00,0.00,Neutra,0.00
0,2,268,-0.97765,-0.08930,-0.00958,0.04337,-0.05483,-0.04581,0.00,0.00,0.00,Neutra,0.00
0,2,269,-0.97722,-0.09467,-0.00927,0.05483,-0.05024,-0.06261,0.00,0.00,0.00,Neutra,0.00
0,2,270,-0.97820,-0.09077,-0.00549,0.05803,-0.04047,-0.05803,0.00,0.00,0.00,Neutra,0.00
0,2,271,-0.98247,-0.09894,-0.01427,0.03329,-0.01344,-0.01848,0.00,0.00,0.00,Neutra,0.00
0,2,272,-0.98649,-0.10187,-0.00085,0.05284,-0.02978,-0.02749,0.00,0.00,0.00,Neutra,0.00
0,2,273,-0.95624,-0.10797,-0.00579,0.04765,-0.02459,-0.01970,0.00,0.00,0.00,Neutra,0.00
0,2,274,-0.96435,-0.11730,-0.00964,0.02535,-0.02138,-0.00672,0.00,0.00,0.00,Neutra,0.00
0,2,275,-0.96160,-0.11761,-0.00268,0.02153,-0.02734,-0.02275,0.00,0.00,0.00,Neutra,0.00
0,2,276,-0.96868,-0.11010,-0.01263,0.00473,-0.03787,-0.04459,0.00,0.00,0.00,Neutra,0.00
0,2,277,-0.98210,-0.10028,-0.01135,0.00107,-0.03757,-0.05299,0.00,0.00,0.00,Neutra,0.00
0,2,278,-0.99082,-0.08644,0.00537,0.04811,-0.05620,-0.07239,0.00,0.00,0.00,Neutra,0.00
0,2,279,-0.97844,-0.10468,-0.00439,0.04887,-0.04887,-0.05696,0.00,0.00,0.00,Neutra,0.00
0,2,280,-0.98497,-0.09607,-0.00561,0.06200,-0.04765,-0.03421,0.00,0.00,0.00,Neutra,0.00
0,2,281,-0.98216,-0.10553,0.00171,0.07239,-0.04490,0.00260,0.00,0.00,0.00,Neutra,0.00
0,2,282,-0.96886,-0.11096,-0.01549,0.05483,-0.03009,-0.00336,0.00,0.00,0.00,Neutra,0.00
0,2,283,-0.96795,-0.11407,-0.01049,0.03955,-0.03344,-0.02993,0.00,0.00,0.00,Neutra,0.00
0,2,284,-0.96618,-0.11645,0.00244,0.04093,-0.04856,-0.05330,0.00,0.00,0.00,Neutra,0.00
0,2,285,-0.96258,-0.10638,-0.01183,0.01894,-0.03650,-0.05467,0.00,0.00,0.00,Neutra,0.00
0,2,286,-0.97161,-0.10882,0.00281,0.02459,-0.04963,-0.07437,0.00,0.00,0.00,Neutra,0.00
0,2,287,-0.97594,-0.09974,-0.00335,0.03803,-0.05101,-0.05177,0.00,0.00,0.00,Neutra,0.00
0,2,288,-0.97472,-0.10315,-0.00549,0.01161,-0.02428,-0.02947,0.00,0.00,0.00,Neutra,0.00
0,2,289,-0.97710,-0.09479,-0.00915,0.02367,-0.04078,-0.02734,0.00,0.00,0.00,Neutra,0.00
0,2,290,-0.97539,-0.11212,-0.01836,0.00901,-0.02795,-0.00351,0.00,0.00,0.00,Neutra,0.00
0,2,291,-0.97655,-0.10901,-0.00872,0.00153,-0.02841,0.00473,0.00,0.00,0.00,Neutra,0.00
0,2,292,-0.97521,-0.10608,0.00183,0.00183,-0.04123,-0.02123,0.00,0.00,0.00,Neutra,0.00
0,2,293,-0.97539,-0.09553,-0.00378,-0.00443,-0.03467,-0.03176,0.00,0.00,0.00,Neutra,0.00
0,2,294,-0.97795,-0.09162,-0.00567,0.01069,-0.03787,-0.03864,0.00,0.00,0.00,Neutra,0.00
0,2,295,-0.98936,-0.08924,0.01427,0.02291,-0.03054,-0.05345,0.00,0.00,0.00,Neutra,0.00
0,2,296,-0.98106,-0.08595,-0.00537,0.04184,-0.02947,-0.04093,0.00,0.00,0.00,Neutra,0.00
0,2,297,-0.97966,-0.09260,0.00372,0.05162,-0.02596,-0.04169,0.00,0.00,0.00,Neutra,0.00
0,2,298,-0.96642,-0.09766,-0.00360,0.06811,-0.02963,-0.02398,0.00,0.00,0.00,Neutra,0.00
0,2,299,-0.95008,-0.10614,-0.01257,0.04887,-0.03100,-0.02382,0.00,0.00,0.00,Neutra,0.00
0,2,300,-0.96356,-0.10870,-0.00823,0.05192,-0.05864,-0.02550,0.00,0.00,0.00,Neutra,0.00
0,2,301,-0.95861,-0.10986,-0.00921,0.04643,-0.05986,-0.03222,0.00,0.00,0.00,Neutra,0.00
0,2,302,-0.96959,-0.11962,-0.01080,0.01191,-0.04139,-0.02810,0.00,0.00,0.00,Neutra,0.00
0,2,303,-0.97935,-0.09778,-0.00451,0.01787,-0.05376,-0.05284,0.00,0.00,0.00,Neutra,0.00
0,2,304,-0.97423,-0.09803,-0.00275,0.02718,-0.05666,-0.06429,0.00,0.00,0.00,Neutra,0.00
0,2,305,-0.96837,-0.09681,-0.01452,0.01344,-0.02688,-0.02902,0.00,0.00,0.00,Neutra,0.00
0,2,306,-0.97881,-0.09589,0.00506,0.03711,-0.03574,-0.01512,0.00,0.00,0.00,Neutra,0.00
0,2,307,-0.97374,-0.10035,0.00409,0.04291,-0.04734,-0.00947,0.00,0.00,0.00,Neutra,0.00
0,2,308,-0.98820,-0.10846,0.01220,0.02016,-0.03833,-0.00794,0.00,0.00,0.00,Neutra,0.00
0,2,309,-0.99668,-0.10535,0.01055,0.03848,-0.01038,-0.01863,0.00,0.00,0.00,Neutra,0.00
0,2,310,-0.98430,-0.10187,-0.00659,0.01955,-0.03344,-0.03665,0.00,0.00,0.00,Neutra,0.00
0,2,311,-0.98832,-0.10077,0.00073,0.01420,-0.04200,-0.06032,0.00,0.00,0.00,Neutra,0.00
0,2,312,-0.98009,-0.09357,-0.00018,0.05345,-0.06200,-0.06353,0.00,0.00,0.00,Neutra,0.00
0,2,313,-0.97234,-0.09504,-0.04551,0.02398,-0.02230,-0.02993,0.00,0.00,0.00,Neutra,0.00
0,2,314,-0.97393,-0.09626,0.00970,0.05437,-0.03497,-0.03039,0.00,0.00,0.00,Neutra,0.00
0,2,315,-0.97667,-0.10413,-0.00098,0.05192,-0.05055,-0.02718,0.00,0.00,0.00,Neutra,0.00
0,2,316,-0.97673,-0.10236,-0.01141,0.03482,-0.03390,-0.02062,0.00,0.00,0.00,Neutra,0.00
0,2,317,-0.97887,-0.10340,-0.02416,0.03635,-0.03757,-0.02963,0.00,0.00,0.00,Neutra,0.00
0,2,318,-0.98057,-0.10559,-0.00018,0.04215,-0.03864,-0.05696,0.00,0.00,0.00,Neutra,0.00
0,2,319,-0.97277,-0.09925,-0.01696,0.01924,-0.03742,-0.05620,0.00,0.00,0.00,Neutra,0.00
0,2,320,-0.98448,-0.09876,-0.00683,0.03360,-0.03467,-0.01924,0.00,0.00,0.00,Neutra,0.00
0,2,321,-0.98625,-0.09565,-0.00110,0.03955,-0.03024,-0.04337,0.00,0.00,0.00,Neutra,0.00
0,2,322,-0.98747,-0.10035,-0.00714,0.04398,-0.01848,-0.03787,0.00,0.00,0.00,Neutra,0.00
0,2,323,-0.99192,-0.10071,0.01068,0.04184,-0.00183,-0.02321,0.00,0.00,0.00,Neutra,0.00
0,2,324,-0.98301,-0.11108,-0.01921,0.05101,-0.01176,-0.03085,0.00,0.00,0.00,Neutra,0.00
0,2,325,-0.97960,-0.11749,-0.00104,0.04184,-0.01772,-0.03115,0.00,0.00,0.00,Neutra,0.00
0,2,326,-0.98350,-0.11596,-0.00701,0.03375,-0.02703,-0.03314,0.00,0.00,0.00,Neutra,0.00
0,2,327,-0.97795,-0.11370,-0.00647,0.03955,-0.07682,-0.06063,0.00,0.00,0.00,Neutra,0.00
0,2,328,-0.97911,-0.10962,-0.03697,0.02795,-0.02520,-0.03558,0.00,0.00,0.00,Neutra,0.00
0,2,329,-0.97771,-0.10687,-0.01049,0.00321,-0.01283,-0.03910,0.00,0.00,0.00,Neutra,0.00
0,2,330,-0.95837,-0.10285,-0.01854,0.03115,-0.00504,-0.05315,0.00,0.00,0.00,Neutra,0.00
0,2,331,-0.97088,-0.10346,0.00488,0.04780,-0.02443,-0.05834,0.00,0.00,0.00,Neutra,0.00
0,2,332,-0.96642,-0.09559,-0.00256,0.04215,-0.01283,-0.03696,0.00,0.00,0.00,Neutra,0.00
0,2,333,-0.96752,-0.09900,-0.01891,0.02703,-0.02138,-0.04108,0.00,0.00,0.00,Neutra,0.00
0,2,334,-0.97740,-0.09668,-0.00665,0.02169,-0.03222,-0.04032,0.00,0.00,0.00,Neutra,0.00
0,2,335,-0.95373,-0.09571,-0.00592,0.03680,-0.03512,-0.03100,0.00,0.00,0.00,Neutra,0.00
0,2,336,-0.96496,-0.10035,-0.01629,0.01283,-0.01772,-0.02153,0.00,0.00,0.00,Neutra,0.00
0,2,337,-0.96160,-0.10053,-0.00982,0.02489,-0.03512,-0.03100,0.00,0.00,0.00,Neutra,0.00
0,2,338,-0.96471,-0.10431,0.00171,0.02657,-0.04322,-0.00626,0.00,0.00,0.00,Neutra,0.00
0,2,339,-0.97155,-0.09559,0.00342,0.01695,-0.02596,-0.03986,0.00,0.00,0.00,Neutra,0.00
0,2,340,-0.98308,-0.10346,0.00421,0.03650,-0.01756,-0.04093,0.00,0.00,0.00,Neutra,0.00
0,2,341,-0.96886,-0.09705,-0.00659,0.03100,-0.04612,-0.03772,0.00,0.00,0.00,Neutra,0.00
0,2,342,-0.97136,-0.09858,0.00195,0.06689,-0.05101,-0.04154,0.00,0.00,0.00,Neutra,0.00
0,2,343,-0.97533,-0.10089,0.00665,0.04322,-0.05116,-0.02123,0.00,0.00,0.00,Neutra,0.00
0,2,344,-0.96496,-0.10449,-0.01940,0.03955,-0.04352,-0.02703,0.00,0.00,0.00,Neutra,0.00
0,2,345,-0.97325,-0.11169,-0.01690,0.01833,-0.02841,-0.00702,0.00,0.00,0.00,Neutra,0.00
0,2,346,-0.97624,-0.10931,-0.00275,0.02703,-0.04933,-0.03192,0.00,0.00,0.00,Neutra,0.00
0,2,347,-0.97618,-0.09998,-0.01342,0.01955,-0.05284,-0.04276,0.00,0.00,0.00,Neutra,0.00
0,2,348,-0.97667,-0.09967,-0.02208,0.00473,-0.02810,-0.01176,0.00,0.00,0.00,Neutra,0.00
0,2,349,-0.96892,-0.10187,-0.01684,0.00397,-0.03406,-0.02275,0.00,0.00,0.00,Neutra,0.00
0,2,350,-0.97643,-0.09424,-0.00220,-0.01451,-0.03115,-0.01665,0.00,0.00,0.00,Neutra,0.00
0,2,351,-0.97429,-0.09662,0.00256,0.02077,-0.04337,-0.03451,0.00,0.00,0.00,Neutra,0.00
0,2,352,-0.98106,-0.09644,-0.00695,0.02107,-0.03833,-0.03757,0.00,0.00,0.00,Neutra,0.00
0,2,353,-0.99839,-0.09736,-0.00561,-0.00748,-0.01329,-0.02077,0.00,0.00,0.00,Neutra,0.00
0,2,354,-0.98356,-0.10114,0.00000,0.02902,-0.04520,-0.03512,0.00,0.00,0.00,Neutra,0.00
0,2,355,-0.97881,-0.09638,-0.00726,0.01695,-0.04780,-0.02275,0.00,0.00,0.00,Neutra,0.00
0,2,356,-0.97942,-0.09272,-0.01257,0.01802,-0.03344,-0.00199,0.00,0.00,0.00,Neutra,0.00
0,2,357,-0.98564,-0.09150,-0.01348,0.03467,-0.04047,-0.01038,0.00,0.00,0.00,Neutra,0.00
0,2,358,-0.98332,-0.09357,-0.00604,0.03009,-0.02749,-0.03253,0.00,0.00,0.00,Neutra,0.00
0,2,359,-0.98350,-0.09254,-0.00732,0.03848,-0.02688,-0.03283,0.00,0.00,0.00,Neutra,0.00
0,2,360,-0.97527,-0.09565,-0.00500,0.05849,-0.03176,-0.04307,0.00,0.00,0.00,Neutra,0.00
0,2,361,-0.95520,-0.10248,-0.01641,0.03390,-0.02474,-0.04704,0.00,0.00,0.00,Neutra,0.00
0,2,362,-0.97356,-0.09626,0.00549,0.04322,-0.03253,-0.04139,0.00,0.00,0.00,Neutra,0.00
0,2,363,-0.97008,-0.09315,-0.00817,0.04612,-0.04597,-0.04352,0.00,0.00,0.00,Neutra,0.00
0,2,364,-0.97374,-0.09107,-0.01318,0.03940,-0.02718,-0.03299,0.00,0.00,0.00,Neutra,0.00
0,2,365,-0.97258,-0.08613,-0.01116,0.05085,-0.01726,-0.01909,0.00,0.00,0.00,Neutra,0.00
0,2,366,-0.96258,-0.09187,-0.00500,0.06964,-0.07071,-0.05177,0.00,0.00,0.00,Neutra,0.00
0,2,367,-0.95916,-0.09882,-0.00579,0.03589,-0.01558,-0.01084,0.00,0.00,0.00,Neutra,0.00
0,2,368,-0.96301,-0.10705,-0.00012,0.05269,-0.04383,-0.02566,0.00,0.00,0.00,Neutra,0.00
0,2,369,-0.97521,-0.10053,0.00305,0.03848,-0.05437,-0.07285,0.00,0.00,0.00,Neutra,0.00
0,2,370,-0.99155,-0.10827,0.00976,0.05421,-0.06338,-0.04856,0.00,0.00,0.00,Neutra,0.00
0,2,371,-1.00522,-0.10224,0.00116,0.03558,-0.07590,-0.03864,0.00,0.00,0.00,Neutra,0.00
0,2,372,-0.98991,-0.09589,-0.00897,0.01924,-0.01054,-0.03818,0.00,0.00,0.00,Neutra,0.00
0,2,373,-0.99247,-0.09540,-0.00043,0.02871,-0.01420,-0.03711,0.00,0.00,0.00,Neutra,0.00
0,2,374,-0.98375,-0.09675,-0.00165,0.08079,-0.04917,-0.04719,0.00,0.00,0.00,Neutra,0.00
0,2,375,-0.97283,-0.11114,-0.01568,0.04459,-0.01802,-0.01604,0.00,0.00,0.00,Neutra,0.00
0,2,376,-0.96593,-0.10962,-0.01549,0.03406,-0.01191,-0.00947,0.00,0.00,0.00,Neutra,0.00
0,2,377,-0.96673,-0.11114,-0.01135,0.06353,-0.05498,-0.03482,0.00,0.00,0.00,Neutra,0.00
0,2,378,-0.96770,-0.10492,-0.01836,0.01802,-0.02886,-0.02825,0.00,0.00,0.00,Neutra,0.00
0,2,379,-0.96331,-0.09754,-0.01610,0.01741,-0.04246,-0.02932,0.00,0.00,0.00,Neutra,0.00
0,2,380,-0.96288,-0.09644,-0.01574,0.01878,-0.03497,-0.01787,0.00,0.00,0.00,Neutra,0.00
0,2,381,-0.96423,-0.09656,-0.02355,0.01955,-0.06139,-0.03497,0.00,0.00,0.00,Neutra,0.00
0,2,382,-0.97698,-0.10236,-0.01281,0.02321,-0.03742,-0.02260,0.00,0.00,0.00,Neutra,0.00
0,2,383,-0.97435,-0.10108,-0.01677,0.05192,-0.05116,-0.03039,0.00,0.00,0.00,Neutra,0.00
0,2,384,-0.97405,-0.10632,-0.01086,0.03146,-0.07040,-0.02428,0.00,0.00,0.00,Neutra,0.00
0,2,385,-0.97850,-0.10937,0.00823,0.01023,-0.03604,-0.01268,0.00,0.00,0.00,Neutra,0.00
0,2,386,-0.98015,-0.10407,-0.01726,0.01878,-0.04704,-0.03955,0.00,0.00,0.00,Neutra,0.00
0,2,387,-0.97935,-0.10657,-0.01946,0.00886,-0.01512,-0.02810,0.00,0.00,0.00,Neutra,0.00
0,2,388,-0.97423,-0.10181,-0.00598,0.02917,-0.04291,-0.04536,0.00,0.00,0.00,Neutra,0.00
0,2,389,-0.97081,-0.09913,0.00006,0.01909,-0.03375,-0.03009,0.00,0.00,0.00,Neutra,0.00
0,2,390,-0.96642,-0.10047,-0.01110,0.01649,-0.03024,-0.02337,0.00,0.00,0.00,Neutra,0.00
0,2,391,-0.97228,-0.10510,-0.00701,0.00290,-0.04612,-0.02734,0.00,0.00,0.00,Neutra,0.00
0,2,392,-0.95617,-0.10346,-0.01275,0.00825,-0.03894,-0.03589,0.00,0.00,0.00,Neutra,0.00
0,2,393,-0.97228,-0.10486,-0.01049,0.00855,-0.04612,-0.03665,0.00,0.00,0.00,Neutra,0.00
0,2,394,-0.96392,-0.10089,-0.00732,0.01115,-0.03818,-0.02352,0.00,0.00,0.00,Neutra,0.00
0,2,395,-0.97039,-0.09931,-0.00872,-0.01436,-0.03589,-0.06185,0.00,0.00,0.00,Neutra,0.00
0,2,396,-0.97716,-0.09095,-0.00049,0.00367,-0.06261,-0.03497,0.00,0.00,0.00,Neutra,0.00
0,2,397,-0.97576,-0.08217,0.00226,0.00825,-0.05620,-0.02260,0.00,0.00,0.00,Neutra,0.00
0,2,398,-0.97325,-0.08522,-0.01549,-0.01237,-0.02718,-0.00275,0.00,0.00,0.00,Neutra,0.00
0,2,399,-0.97325,-0.08229,-0.00610,0.01878,-0.04734,-0.02688,0.00,0.00,0.00,Neutra,0.00
0,2,400,-0.97874,-0.09083,0.01324,0.03176,-0.04872,-0.03726,0.00,0.00,0.00,Neutra,0.00
0,2,401,-0.97911,-0.08241,0.00329,0.03253,-0.03910,-0.03665,0.00,0.00,0.00,Neutra,0.00
0,2,402,-0.97283,-0.08442,0.00866,0.03512,-0.03787,-0.01802,0.00,0.00,0.00,Neutra,0.00
0,2,403,-0.97161,-0.08442,-0.00915,0.04490,-0.05620,-0.04841,0.00,0.00,0.00,Neutra,0.00
0,2,404,-0.97594,-0.08973,-0.00073,0.02963,-0.03604,-0.03818,0.00,0.00,0.00,Neutra,0.00
0,2,405,-0.97545,-0.08857,0.00952,0.05208,-0.06597,-0.02489,0.00,0.00,0.00,Neutra,0.00
0,2,406,-0.97393,-0.09479,-0.02898,0.03894,-0.03986,-0.03497,0.00,0.00,0.00,Neutra,0.00
0,2,407,-0.98216,-0.10022,-0.01501,0.02382,-0.07300,-0.04337,0.00,0.00,0.00,Neutra,0.00
0,2,408,-0.98192,-0.09437,-0.00268,0.05147,-0.05238,-0.04505,0.00,0.00,0.00,Neutra,0.00
0,2,409,-0.98253,-0.09046,-0.00836,0.05040,-0.03176,-0.03955,0.00,0.00,0.00,Neutra,0.00
0,2,410,-0.97643,-0.09126,-0.02013,0.03589,-0.01542,-0.02627,0.00,0.00,0.00,Neutra,0.00
0,2,411,-0.97228,-0.09461,-0.01006,0.06704,-0.05192,-0.05880,0.00,0.00,0.00,Neutra,0.00
0,2,412,-0.96301,-0.09412,-0.01098,0.03085,-0.04322,-0.04459,0.00,0.00,0.00,Neutra,0.00
0,2,413,-0.97222,-0.09919,-0.00811,0.05651,-0.05238,-0.00855,0.00,0.00,0.00,Neutra,0.00
0,2,414,-0.97429,-0.10236,-0.01153,0.05498,-0.04062,-0.03512,0.00,0.00,0.00,Neutra,0.00
0,2,415,-0.97954,-0.10260,-0.00653,0.02871,-0.00275,-0.04505,0.00,0.00,0.00,Neutra,0.00
0,2,416,-0.98625,-0.09736,0.01318,0.05223,-0.05986,-0.07254,0.00,0.00,0.00,Neutra,0.00
0,2,417,-0.98460,-0.09693,-0.00518,0.05574,-0.04444,-0.06964,0.00,0.00,0.00,Neutra,0.00
0,2,418,-0.97588,-0.10059,-0.00903,0.03955,-0.03009,-0.05116,0.00,0.00,0.00,Neutra,0.00
0,2,419,-0.98027,-0.10163,-0.00506,0.04169,-0.02627,-0.04322,0.00,0.00,0.00,Neutra,0.00
0,2,420,-0.97771,-0.10224,0.00817,0.04734,-0.07422,-0.03955,0.00,0.00,0.00,Neutra,0.00
0,2,421,-0.98039,-0.10346,-0.00378,0.02321,-0.02749,-0.01420,0.00,0.00,0.00,Neutra,0.00
0,2,422,-0.98186,-0.10882,-0.00055,0.05986,-0.05880,-0.04811,0.00,0.00,0.00,Neutra,0.00
0,2,423,-0.98173,-0.10022,-0.00024,0.04352,-0.05101,-0.05238,0.00,0.00,0.00,Neutra,0.00
0,2,424,-0.97978,-0.09967,0.00903,0.02077,-0.02443,-0.04062,0.00,0.00,0.00,Neutra,0.00
0,2,425,-0.97588,-0.09675,-0.00720,0.05727,-0.05101,-0.06643,0.00,0.00,0.00,Neutra,0.00
0,2,426,-0.98161,-0.09174,-0.00531,0.04016,-0.03070,-0.04826,0.00,0.00,0.00,Neutra,0.00
0,2,427,-0.98253,-0.09241,-0.00415,0.00107,-0.02398,-0.03619,0.00,0.00,0.00,Neutra,0.00
0,2,428,-0.97923,-0.08613,0.00195,0.04948,-0.04551,-0.04078,0.00,0.00,0.00,Neutra,0.00
0,2,429,-0.97826,-0.08497,-0.00897,0.03253,-0.03329,-0.01588,0.00,0.00,0.00,Neutra,0.00
0,2,430,-0.98057,-0.08997,-0.00171,0.04154,-0.01924,-0.00473,0.00,0.00,0.00,Neutra,0.00
0,2,431,-0.98863,-0.09711,-0.01238,0.05757,-0.05513,-0.04581,0.00,0.00,0.00,Neutra,0.00
0,2,432,-1.00058,-0.08766,0.00945,0.04566,-0.03543,-0.05070,0.00,0.00,0.00,Neutra,0.00
0,2,433,-0.99082,-0.08107,0.00579,0.05055,-0.02673,-0.05085,0.00,0.00,0.00,Neutra,0.00
0,2,434,-0.98253,-0.09315,-0.00244,0.05880,-0.01741,-0.07544,0.00,0.00,0.00,Neutra,0.00
0,2,435,-0.98527,-0.07222,0.00110,0.03864,0.00351,-0.05299,0.00,0.00,0.00,Neutra,0.00
0,2,436,-0.97240,-0.07503,0.00793,0.07529,-0.01665,-0.04765,0.00,0.00,0.00,Neutra,0.00
0,2,437,-0.96374,-0.08217,-0.00104,0.06903,-0.01313,-0.03375,0.00,0.00,0.00,Neutra,0.00
0,2,438,-0.96697,-0.08650,-0.01324,0.06826,0.02932,-0.01955,0.00,0.00,0.00,Neutra,0.00
0,2,439,-0.97057,-0.08546,-0.00830,0.09377,-0.04475,-0.05589,0.00,0.00,0.00,Neutra,0.00
0,2,440,-0.97014,-0.08503,-0.01952,0.07850,-0.02245,-0.05574,0.00,0.00,0.00,Neutra,0.00
0,2,441,-0.95508,-0.08546,-0.01391,0.08628,-0.01634,-0.06093,0.00,0.00,0.00,Neutra,0.00
0,2,442,-0.97155,-0.08888,-0.01745,0.10812,-0.03497,-0.08674,0.00,0.00,0.00,Neutra,0.00
0,2,443,-0.96124,-0.08882,-0.02330,0.08842,-0.03482,-0.08598,0.00,0.00,0.00,Neutra,0.00
0,2,444,-0.97344,-0.08955,-0.01080,0.09056,-0.02184,-0.06765,0.00,0.00,0.00,Neutra,0.00
0,2,445,-0.97155,-0.09034,-0.01854,0.05009,-0.00947,-0.05223,0.00,0.00,0.00,Neutra,0.00
0,2,446,-0.97942,-0.09028,-0.01702,0.06643,-0.01481,-0.04841,0.00,0.00,0.00,Neutra,0.00
0,2,447,-0.98503,-0.08394,-0.00433,0.09499,-0.04169,-0.07147,0.00,0.00,0.00,Neutra,0.00
0,2,448,-0.98649,-0.08223,-0.00470,0.08827,-0.04475,-0.07040,0.00,0.00,0.00,Neutra,0.00
0,2,449,-0.99198,-0.07893,0.00909,0.06613,-0.00626,-0.05498,0.00,0.00,0.00,Neutra,0.00
0,2,450,-1.00229,-0.07204,0.00878,0.10308,-0.02092,-0.08537,0.00,0.00,0.00,Neutra,0.00
0,2,451,-1.00845,-0.07186,0.01366,0.11240,-0.02337,-0.09056,0.00,0.00,0.00,Neutra,0.00
0,2,452,-1.00235,-0.07698,0.00451,0.11561,0.00550,-0.07086,0.00,0.00,0.00,Neutra,0.00
0,2,453,-1.00967,-0.08333,0.00866,0.08567,0.02474,-0.04627,0.00,0.00,0.00,Neutra,0.00
0,2,454,-0.99418,-0.08119,-0.00756,0.09560,0.03375,-0.03833,0.00,0.00,0.00,Neutra,0.00
0,2,455,-0.99174,-0.08625,0.01421,0.10828,0.03283,-0.02489,0.00,0.00,0.00,Neutra,0.00
0,2,456,-0.96691,-0.07204,0.01604,0.12233,0.01604,-0.01481,0.00,0.00,0.00,Neutra,0.00
0,2,457,-0.95739,-0.08741,0.00116,0.10339,0.02321,-0.03635,0.00,0.00,0.00,Neutra,0.00
0,2,458,-0.97130,-0.08473,-0.01647,0.13164,0.02841,-0.00901,0.00,0.00,0.00,Neutra,0.00
0,2,459,-0.96471,-0.09931,-0.01586,0.15409,0.01619,-0.02566,0.00,0.00,0.00,Neutra,0.00
0,2,460,-0.94886,-0.10547,-0.00823,0.12370,0.05238,-0.03253,0.00,0.00,0.00,Neutra,0.00
0,2,461,-0.93690,-0.10352,-0.02422,0.14691,0.04337,-0.05360,0.00,0.00,0.00,Neutra,0.00
0,2,462,-0.92500,-0.11139,-0.02031,0.14920,0.03344,-0.07178,0.00,0.00,0.00,Neutra,0.00
0,2,463,-0.91610,-0.11956,-0.01921,0.17303,0.01833,-0.02031,0.00,0.00,0.00,Neutra,0.00
0,2,464,-0.91805,-0.13676,-0.02788,0.17532,0.01069,0.00214,0.00,0.00,0.00,Neutra,0.00
0,2,465,-0.89188,-0.17098,-0.05106,0.18311,-0.00321,-0.00076,0.00,0.00,0.00,Neutra,0.00
0,2,466,-0.89554,-0.18391,-0.05075,0.16860,-0.03696,-0.00932,0.00,0.00,0.00,Neutra,0.00
0,2,467,-0.88944,-0.19624,-0.03428,0.16799,-0.07926,-0.01206,0.00,0.00,0.00,Neutra,0.00
0,2,468,-0.89133,-0.21094,-0.07192,0.10308,-0.08338,-0.02627,0.00,0.00,0.00,Neutra,0.00
0,2,469,-0.92110,-0.22143,-0.05539,0.09453,-0.11881,-0.08980,0.00,0.00,0.00,Neutra,0.00
0,2,470,-0.93708,-0.21509,-0.05533,0.10049,-0.15592,-0.13332,0.00,0.00,0.00,Neutra,0.00
0,2,471,-0.95422,-0.21332,-0.05039,0.07834,-0.14661,-0.15882,0.00,0.00,0.00,Neutra,0.00
0,2,472,-0.93830,-0.21100,-0.04557,0.06964,-0.14936,-0.14997,0.00,0.00,0.00,Neutra,0.00
0,2,473,-0.94947,-0.21881,-0.02409,0.05498,-0.15470,-0.11897,0.00,0.00,0.00,Neutra,0.00
0,2,474,-0.95276,-0.21454,-0.02830,-0.01023,-0.12584,-0.01268,0.00,0.00,0.00,Neutra,0.00
0,2,475,-0.96227,-0.20429,-0.01708,-0.03176,-0.14126,0.01894,0.00,0.00,0.00,Neutra,0.00
0,2,476,-0.96307,-0.22180,-0.00360,-0.05253,-0.16402,0.02459,0.00,0.00,0.00,Neutra,0.00
0,2,477,-0.96124,-0.21929,-0.01019,-0.12294,-0.16341,0.04856,0.00,0.00,0.00,Neutra,0.00
0,2,478,-0.97039,-0.20508,0.02708,-0.14981,-0.21701,0.01772,0.00,0.00,0.00,Neutra,0.00
0,2,479,-0.97710,-0.18873,0.02056,-0.18876,-0.22495,0.01436,0.00,0.00,0.00,Neutra,0.00
0,2,480,-0.99308,-0.19300,0.02019,-0.25504,-0.22602,-0.02443,0.00,0.00,0.00,Neutra,0.00
0,2,481,-1.01480,-0.17824,0.02830,-0.27519,-0.25672,-0.07086,0.00,0.00,0.00,Neutra,0.00
0,2,482,-1.03541,-0.15433,0.04746,-0.28039,-0.26802,-0.10354,0.00,0.00,0.00,Neutra,0.00
0,2,483,-1.05506,-0.11163,0.05978,-0.32880,-0.22037,-0.06231,0.00,0.00,0.00,Neutra,0.00
0,2,484,-1.07427,-0.09656,0.05191,-0.28512,-0.21564,-0.06384,0.00,0.00,0.00,Neutra,0.00
0,2,485,-1.07653,-0.06747,0.02745,-0.27672,-0.16722,-0.02337,0.00,0.00,0.00,Neutra,0.00
0,2,486,-1.06646,-0.04154,0.04087,-0.25290,-0.08705,0.08109,0.00,0.00,0.00,Neutra,0.00
0,2,487,-1.03669,-0.03141,0.03227,-0.18204,-0.06613,0.15867,0.00,0.00,0.00,Neutra,0.00
0,2,488,-1.01236,-0.03599,0.02251,-0.16234,-0.00504,0.25916,0.00,0.00,0.00,Neutra,0.00
0,2,489,-0.97948,-0.04654,0.01684,-0.12675,-0.01344,0.28054,0.00,0.00,0.00,Neutra,0.00
0,2,490,-0.95422,-0.05094,0.01501,-0.11408,-0.01420,0.27275,0.00,0.00,0.00,Neutra,0.00
0,2,491,-0.95983,-0.05496,0.01275,-0.12171,-0.00916,0.23931,0.00,0.00,0.00,Neutra,0.00
0,2,492,-0.94129,-0.05374,-0.00116,-0.10446,-0.02031,0.18326,0.00,0.00,0.00,Neutra,0.00
0,2,493,-0.93964,-0.05679,-0.01610,-0.10293,-0.06277,0.07865,0.00,0.00,0.00,Neutra,0.00
0,2,494,-0.94038,-0.04587,0.01049,-0.10873,-0.10110,0.06368,0.00,0.00,0.00,Neutra,0.00
0,2,495,-0.96770,-0.03361,0.00592,-0.11591,-0.08277,0.06826,0.00,0.00,0.00,Neutra,0.00
0,2,496,-0.95691,-0.01751,-0.00793,-0.09865,-0.12614,0.05589,0.00,0.00,0.00,Neutra,0.00
0,2,497,-0.97801,-0.00335,-0.00311,-0.09300,-0.11942,0.09300,0.00,0.00,0.00,Neutra,0.00
0,2,498,-0.98863,0.00567,0.00988,-0.01481,-0.12630,0.10568,0.00,0.00,0.00,Neutra,0.00
0,2,499,-0.98936,-0.00275,-0.01549,0.00137,-0.09453,0.13485,0.00,0.00,0.00,Neutra,0.00
0,2,500,-0.98930,-0.01183,0.00518,0.01878,-0.04429,0.15134,0.00,0.00,0.00,Neutra,0.00
0,2,501,-0.98350,-0.00104,0.01732,0.05315,-0.09529,0.13714,0.00,0.00,0.00,Neutra,0.00
0,2,502,-0.99082,-0.01946,0.00805,0.07605,-0.07514,0.15088,0.00,0.00,0.00,Neutra,0.00
0,2,503,-0.98716,-0.02287,0.01982,0.04719,-0.07605,0.12492,0.00,0.00,0.00,Neutra,0.00
0,2,504,-0.98594,-0.03178,0.00622,0.06093,-0.10033,0.07040,0.00,0.00,0.00,Neutra,0.00
0,2,505,-0.98039,-0.02660,0.00244,0.03115,-0.10033,0.03329,0.00,0.00,0.00,Neutra,0.00
0,2,506,-0.99704,-0.02275,0.00927,0.04093,-0.09255,0.07376,0.00,0.00,0.00,Neutra,0.00
0,2,507,-0.99058,-0.01812,0.00250,0.06689,-0.11057,0.03268,0.00,0.00,0.00,Neutra,0.00
0,2,508,-1.01358,-0.01488,0.00567,0.03558,-0.06216,0.10003,0.00,0.00,0.00,Neutra,0.00
0,2,509,-1.00235,-0.01501,0.02635,0.08048,-0.08415,0.12339,0.00,0.00,0.00,Neutra,0.00
0,2,510,-1.00314,-0.02739,0.01379,0.10522,-0.10476,0.10247,0.00,0.00,0.00,Neutra,0.00
0,2,511,-1.00491,-0.03300,0.02928,0.08460,-0.06216,0.08705,0.00,0.00,0.00,Neutra,0.00
0,2,512,-1.00918,-0.04404,0.01769,0.09270,-0.04734,0.09667,0.00,0.00,0.00,Neutra,0.00
0,2,513,-1.00375,-0.04593,0.00396,0.10919,-0.05834,0.04414,0.00,0.00,0.00,Neutra,0.00
0,2,514,-0.99046,-0.04191,0.01635,0.10278,-0.04337,0.04612,0.00,0.00,0.00,Neutra,0.00
0,2,515,-0.99625,-0.03648,0.01659,0.11026,-0.04688,0.04246,0.00,0.00,0.00,Neutra,0.00
0,2,516,-0.96874,-0.04270,0.00342,0.10247,-0.04108,0.05040,0.00,0.00,0.00,Neutra,0.00
0,2,517,-0.98064,-0.04282,0.01342,0.10400,-0.04383,0.05040,0.00,0.00,0.00,Neutra,0.00
0,2,518,-0.97527,-0.04856,0.01043,0.13363,-0.05360,0.04856,0.00,0.00,0.00,Neutra,0.00
0,2,519,-0.97990,-0.05124,0.00092,0.13134,-0.04963,0.03314,0.00,0.00,0.00,Neutra,0.00
0,2,520,-0.98064,-0.05417,0.00872,0.10644,-0.00015,0.05421,0.00,0.00,0.00,Neutra,0.00
0,2,521,-0.97935,-0.05789,0.01379,0.12645,-0.03757,-0.00596,0.00,0.00,0.00,Neutra,0.00
0,2,522,-0.97332,-0.05783,0.00634,0.09591,-0.01100,0.00290,0.00,0.00,0.00,Neutra,0.00
0,2,523,-0.97088,-0.05368,0.00579,0.09728,-0.00504,0.00596,0.00,0.00,0.00,Neutra,0.00
0,2,524,-0.96441,-0.06265,0.01220,0.09560,-0.02917,0.00275,0.00,0.00,0.00,Neutra,0.00
0,2,525,-0.95617,-0.05350,0.02080,0.06414,-0.03283,0.01145,0.00,0.00,0.00,Neutra,0.00
0,2,526,-0.95422,-0.05167,0.02501,0.06414,-0.02382,0.02978,0.00,0.00,0.00,Neutra,0.00
0,2,527,-0.95642,-0.05033,0.01025,0.07727,-0.04230,0.01512,0.00,0.00,0.00,Neutra,0.00
0,2,528,-0.96837,-0.04752,0.02910,0.06597,-0.06139,-0.01176,0.00,0.00,0.00,Neutra,0.00
0,2,529,-0.96374,-0.04288,0.04703,0.07865,-0.05177,-0.00275,0.00,0.00,0.00,Neutra,0.00
0,2,530,-0.96374,-0.04947,0.01244,0.07773,-0.06124,0.01038,0.00,0.00,0.00,Neutra,0.00
0,2,531,-0.97057,-0.05118,0.03221,0.05360,-0.04459,0.01542,0.00,0.00,0.00,Neutra,0.00
0,2,532,-0.97356,-0.05087,0.03239,0.08613,-0.08216,0.00214,0.00,0.00,0.00,Neutra,0.00
0,2,533,-0.97990,-0.04904,0.03068,0.05971,-0.08338,0.00596,0.00,0.00,0.00,Neutra,0.00
0,2,534,-0.97576,-0.04795,0.03794,0.04261,-0.05818,0.03070,0.00,0.00,0.00,Neutra,0.00
0,2,535,-0.96569,-0.04715,0.03129,0.04108,-0.06888,-0.00321,0.00,0.00,0.00,Neutra,0.00
0,2,536,-0.96154,-0.03544,0.02824,0.03910,-0.06261,0.00519,0.00,0.00,0.00,Neutra,0.00
0,2,537,-0.96673,-0.03977,0.03501,0.04826,-0.07040,0.00932,0.00,0.00,0.00,Neutra,0.00
0,2,538,-0.96124,-0.05002,0.03416,0.06292,-0.09300,-0.01145,0.00,0.00,0.00,Neutra,0.00
0,2,539,-0.96691,-0.04825,0.01677,0.03054,-0.10950,0.00046,0.00,0.00,0.00,Neutra,0.00
0,2,540,-0.97271,-0.05026,0.04178,0.03039,-0.07880,0.00611,0.00,0.00,0.00,Neutra,0.00
0,2,541,-0.97441,-0.04221,0.03044,0.04322,-0.10568,-0.01390,0.00,0.00,0.00,Neutra,0.00
0,2,542,-0.97832,-0.05026,0.03087,-0.00443,-0.06368,0.00870,0.00,0.00,0.00,Neutra,0.00
0,2,543,-0.97679,-0.04862,0.01629,0.02275,-0.09148,0.00229,0.00,0.00,0.00,Neutra,0.00
0,2,544,-0.98936,-0.04935,0.03477,0.02046,-0.08231,0.00504,0.00,0.00,0.00,Neutra,0.00
0,2,545,-0.98972,-0.04532,0.03050,0.00733,-0.06093,0.02001,0.00,0.00,0.00,Neutra,0.00
0,2,546,-0.99863,-0.04081,0.04087,0.03619,-0.07315,0.00977,0.00,0.00,0.00,Neutra,0.00
0,2,547,-0.98960,-0.03587,0.04801,0.02779,-0.06704,-0.00107,0.00,0.00,0.00,Neutra,0.00
0,2,548,-0.98771,-0.03453,0.02068,0.03070,-0.05895,-0.00244,0.00,0.00,0.00,Neutra,0.00
0,2,549,-0.99235,-0.04563,0.03916,0.06292,-0.07101,0.00367,0.00,0.00,0.00,Neutra,0.00
0,2,550,-0.98942,-0.05697,0.03032,0.00993,-0.04688,-0.00382,0.00,0.00,0.00,Neutra,0.00
0,2,551,-0.98698,-0.05392,0.03001,-0.00870,-0.03955,0.00214,0.00,0.00,0.00,Neutra,0.00
0,2,552,-0.99570,-0.04166,0.03074,0.02749,-0.06261,-0.01252,0.00,0.00,0.00,Neutra,0.00
0,2,553,-0.98863,-0.03666,0.02904,-0.01084,-0.03421,-0.02367,0.00,0.00,0.00,Neutra,0.00
0,2,554,-0.97722,-0.02891,0.02959,0.00489,-0.03222,-0.04032,0.00,0.00,0.00,Neutra,0.00
0,2,555,-0.97301,-0.02812,0.03068,0.02230,-0.03635,-0.00214,0.00,0.00,0.00,Neutra,0.00
0,2,556,-0.97112,-0.02379,0.05972,-0.00031,-0.00275,-0.01145,0.00,0.00,0.00,Neutra,0.00
0,2,557,-0.97081,-0.03471,0.03093,0.02382,-0.04246,-0.02382,0.00,0.00,0.00,Neutra,0.00
0,2,558,-0.97374,-0.04276,0.02855,0.02123,-0.03787,-0.00901,0.00,0.00,0.00,Neutra,0.00
0,2,559,-0.98381,-0.04233,0.02422,0.00092,-0.02184,-0.01741,0.00,0.00,0.00,Neutra,0.00
0,2,560,-0.97600,-0.04898,0.03831,0.01252,-0.03299,-0.03574,0.00,0.00,0.00,Neutra,0.00
0,2,561,-0.97100,-0.04233,0.03166,-0.00657,-0.03680,-0.05956,0.00,0.00,0.00,Neutra,0.00
0,2,562,-0.97057,-0.03788,0.02391,-0.01008,-0.06750,-0.08186,0.00,0.00,0.00,Neutra,0.00
0,2,563,-0.96691,-0.02898,0.02391,0.00290,-0.04337,-0.05651,0.00,0.00,0.00,Neutra,0.00
0,2,564,-0.97179,-0.02836,0.02263,0.00107,-0.04215,-0.03803,0.00,0.00,0.00,Neutra,0.00
0,2,565,-0.97289,-0.02611,0.03306,-0.00046,-0.03283,-0.02703,0.00,0.00,0.00,Neutra,0.00
0,2,566,-0.97210,-0.03111,0.00659,0.01726,-0.04933,-0.03344,0.00,0.00,0.00,Neutra,0.00
0,2,567,-0.96301,-0.03495,0.01446,0.01481,-0.05757,-0.03421,0.00,0.00,0.00,Neutra,0.00
0,2,568,-0.97289,-0.03593,0.02849,0.00137,-0.04291,-0.01787,0.00,0.00,0.00,Neutra,0.00
0,2,569,-0.96996,-0.03886,0.01800,0.01955,-0.06002,-0.03543,0.00,0.00,0.00,Neutra,0.00
0,2,570,-0.97813,-0.03611,0.00866,-0.00137,-0.05360,-0.04276,0.00,0.00,0.00,Neutra,0.00
0,2,571,-0.97716,-0.02629,0.02647,-0.00519,-0.06658,-0.03696,0.00,0.00,0.00,Neutra,0.00
0,2,572,-0.97783,-0.02318,0.02214,0.01710,-0.09239,-0.05376,0.00,0.00,0.00,Neutra,0.00
0,2,573,-0.97691,-0.01903,0.01769,0.00199,-0.06613,-0.02260,0.00,0.00,0.00,Neutra,0.00
0,2,574,-0.98314,-0.02629,0.01360,-0.01115,-0.05315,0.00260,0.00,0.00,0.00,Neutra,0.00
0,2,575,-0.98545,-0.02812,0.01982,0.02856,-0.07208,-0.02367,0.00,0.00,0.00,Neutra,0.00
0,2,576,-0.98722,-0.03001,0.03666,0.01619,-0.07055,-0.01802,0.00,0.00,0.00,Neutra,0.00
0,2,577,-1.00382,-0.02818,0.03422,0.02779,-0.07804,-0.04047,0.00,0.00,0.00,Neutra,0.00
0,2,578,-0.97423,-0.02312,0.01135,0.01955,-0.06109,-0.02596,0.00,0.00,0.00,Neutra,0.00
0,2,579,-1.00009,-0.02873,0.03026,0.03314,-0.05284,-0.00626,0.00,0.00,0.00,Neutra,0.00
0,3,1,-0.95764,-0.03105,0.02733,0.04581,-0.05467,-0.02871,0.00,0.00,0.00,Neutra,0.00
0,3,2,-0.95471,-0.04520,0.01787,0.03879,-0.05498,-0.02734,0.00,0.00,0.00,Neutra,0.00
0,3,3,-0.96789,-0.04837,0.01159,0.04688,-0.06231,-0.02642,0.00,0.00,0.00,Neutra,0.00
0,3,4,-0.96221,-0.05087,0.00628,0.04551,-0.08919,-0.04429,0.00,0.00,0.00,Neutra,0.00
0,3,5,-0.97545,-0.04947,0.03861,0.02535,-0.06933,-0.02764,0.00,0.00,0.00,Neutra,0.00
0,3,6,-0.98759,-0.04282,0.02153,0.04139,-0.09117,-0.05315,0.00,0.00,0.00,Neutra,0.00
0,3,7,-0.99290,-0.03678,0.02873,0.00870,-0.05651,-0.03039,0.00,0.00,0.00,Neutra,0.00
0,3,8,-0.99058,-0.04386,0.01952,0.01817,-0.05421,-0.00397,0.00,0.00,0.00,Neutra,0.00
0,3,9,-0.98277,-0.04301,0.03349,0.07682,-0.07117,-0.05208,0.00,0.00,0.00,Neutra,0.00
0,3,10,-0.97014,-0.04148,0.02977,0.01939,-0.05116,-0.04505,0.00,0.00,0.00,Neutra,0.00
0,3,11,-0.98844,-0.04294,0.03087,0.02627,-0.05605,-0.03482,0.00,0.00,0.00,Neutra,0.00
0,3,12,-0.98088,-0.03892,0.02696,0.02596,-0.05192,-0.01329,0.00,0.00,0.00,Neutra,0.00
0,3,13,-0.98082,-0.03910,0.02995,0.00428,-0.03757,-0.00244,0.00,0.00,0.00,Neutra,0.00
0,3,14,-0.99210,-0.04209,0.04331,0.02214,-0.04154,-0.01436,0.00,0.00,0.00,Neutra,0.00
0,3,15,-0.98655,-0.03514,0.01909,0.01466,-0.05452,-0.04230,0.00,0.00,0.00,Neutra,0.00
0,3,16,-0.98808,-0.03477,0.02672,-0.00993,-0.02886,-0.03787,0.00,0.00,0.00,Neutra,0.00
0,3,17,-0.99204,-0.02544,0.01830,0.04719,-0.05376,-0.07682,0.00,0.00,0.00,Neutra,0.00
0,3,18,-0.98423,-0.02318,0.03459,0.02749,-0.04963,-0.05574,0.00,0.00,0.00,Neutra,0.00
0,3,19,-0.97868,-0.02086,0.01251,0.01481,-0.02963,-0.02611,0.00,0.00,0.00,Neutra,0.00
0,3,20,-0.98009,-0.01982,0.02385,0.05223,-0.05437,-0.00870,0.00,0.00,0.00,Neutra,0.00
0,3,21,-0.97862,-0.02556,0.03099,0.04765,-0.04627,-0.01604,0.00,0.00,0.00,Neutra,0.00
0,3,22,-0.97289,-0.03556,0.02367,0.00382,-0.03879,-0.00702,0.00,0.00,0.00,Neutra,0.00
0,3,23,-0.97289,-0.03569,0.02977,0.05177,-0.06796,-0.03192,0.00,0.00,0.00,Neutra,0.00
0,3,24,-0.97295,-0.03660,0.03050,0.04230,-0.06704,-0.04719,0.00,0.00,0.00,Neutra,0.00
0,3,25,-0.98265,-0.03630,0.03324,0.02703,-0.05315,-0.03787,0.00,0.00,0.00,Neutra,0.00
0,3,26,-0.98228,-0.01568,0.02708,0.04581,-0.08338,-0.06063,0.00,0.00,0.00,Neutra,0.00
0,3,27,-0.97984,-0.03642,0.03373,0.02657,-0.05147,-0.04184,0.00,0.00,0.00,Neutra,0.00
0,3,28,-0.99936,-0.03300,0.02647,0.05040,-0.04902,-0.03207,0.00,0.00,0.00,Neutra,0.00
0,3,29,-0.98924,-0.03532,0.02824,0.05208,-0.05666,-0.03070,0.00,0.00,0.00,Neutra,0.00
0,3,30,-0.99619,-0.04008,0.03001,0.01573,-0.04276,-0.01863,0.00,0.00,0.00,Neutra,0.00
0,3,31,-0.99021,-0.04105,0.02190,0.06154,-0.06552,-0.04307,0.00,0.00,0.00,Neutra,0.00
0,3,32,-0.98423,-0.04105,0.03800,0.04215,-0.04856,-0.04001,0.00,0.00,0.00,Neutra,0.00
0,3,33,-0.97258,-0.04056,0.02580,0.02856,-0.04108,-0.03421,0.00,0.00,0.00,Neutra,0.00
0,3,34,-0.98301,-0.03776,0.02830,0.04200,-0.05116,-0.04979,0.00,0.00,0.00,Neutra,0.00
0,3,35,-0.98301,-0.03849,0.01763,0.03574,-0.03894,-0.03528,0.00,0.00,0.00,Neutra,0.00
0,3,36,-0.98985,-0.03599,0.03221,0.04215,-0.02917,-0.03665,0.00,0.00,0.00,Neutra,0.00
0,3,37,-0.98905,-0.03514,0.03727,0.04627,-0.04719,-0.04658,0.00,0.00,0.00,Neutra,0.00
0,3,38,-0.98112,-0.02928,0.02611,0.04169,-0.05895,-0.03421,0.00,0.00,0.00,Neutra,0.00
0,3,39,-0.98082,-0.03544,0.02745,0.01970,-0.01283,0.02398,0.00,0.00,0.00,Neutra,0.00
0,3,40,-0.97033,-0.03764,0.03404,0.00779,-0.03910,-0.03360,0.00,0.00,0.00,Neutra,0.00
0,3,41,-0.97765,-0.03196,0.03465,0.01573,-0.01436,-0.02642,0.00,0.00,0.00,Neutra,0.00
0,3,42,-0.98131,-0.03727,0.02275,0.02199,-0.02169,-0.04322,0.00,0.00,0.00,Neutra,0.00
0,3,43,-0.97618,-0.03678,0.02977,0.03818,-0.03543,-0.05452,0.00,0.00,0.00,Neutra,0.00
0,3,44,-0.97582,-0.03324,0.02647,0.02046,-0.01924,-0.03512,0.00,0.00,0.00,Neutra,0.00
0,3,45,-0.98070,-0.03227,0.03910,0.00473,-0.03940,-0.03390,0.00,0.00,0.00,Neutra,0.00
0,3,46,-0.99674,-0.03672,0.02769,0.02123,-0.03207,-0.02764,0.00,0.00,0.00,Neutra,0.00
0,3,47,-0.97868,-0.03660,0.03361,0.01848,-0.01665,-0.00611,0.00,0.00,0.00,Neutra,0.00
0,3,48,-0.97722,-0.03331,0.02727,0.03726,-0.03207,-0.02596,0.00,0.00,0.00,Neutra,0.00
0,3,49,-0.96868,-0.01897,0.02757,0.03558,-0.03176,-0.05880,0.00,0.00,0.00,Neutra,0.00
0,3,50,-0.97332,-0.02037,0.04111,0.03406,-0.03039,-0.02825,0.00,0.00,0.00,Neutra,0.00
0,3,51,-0.97039,-0.02172,0.02397,0.07361,-0.05834,-0.03589,0.00,0.00,0.00,Neutra,0.00
0,3,52,-0.97923,-0.04569,0.03160,0.08781,-0.06582,-0.04276,0.00,0.00,0.00,Neutra,0.00
0,3,53,-0.98497,-0.03983,0.02489,0.10201,-0.07300,-0.05040,0.00,0.00,0.00,Neutra,0.00
0,3,54,-0.98369,-0.03953,0.02861,0.05818,-0.05345,-0.03406,0.00,0.00,0.00,Neutra,0.00
0,3,55,-0.98362,-0.04471,0.04563,0.05315,-0.03711,-0.04963,0.00,0.00,0.00,Neutra,0.00
0,3,56,-0.98320,-0.04099,0.04685,0.05009,-0.03925,-0.05712,0.00,0.00,0.00,Neutra,0.00
0,3,57,-0.98149,-0.03819,0.04154,0.05055,-0.04917,-0.05818,0.00,0.00,0.00,Neutra,0.00
0,3,58,-0.98167,-0.03654,0.03611,0.07453,-0.04246,-0.04429,0.00,0.00,0.00,Neutra,0.00
0,3,59,-0.98893,-0.04569,0.02757,0.04795,-0.04475,-0.01405,0.00,0.00,0.00,Neutra,0.00
0,3,60,-0.99284,-0.04441,0.04136,0.04047,-0.04505,-0.02795,0.00,0.00,0.00,Neutra,0.00
0,3,61,-0.99869,-0.04355,0.02714,0.02398,-0.02535,-0.02337,0.00,0.00,0.00,Neutra,0.00
0,3,62,-0.98686,-0.04416,0.03532,0.03085,-0.03176,-0.02596,0.00,0.00,0.00,Neutra,0.00
0,3,63,-0.98277,-0.03642,0.03575,0.01710,-0.03421,-0.03131,0.00,0.00,0.00,Neutra,0.00
0,3,64,-0.96935,-0.04099,0.02269,-0.00367,-0.01894,-0.03864,0.00,0.00,0.00,Neutra,0.00
0,3,65,-0.97911,-0.03007,0.01537,0.02413,-0.03940,-0.02398,0.00,0.00,0.00,Neutra,0.00
0,3,66,-0.97350,-0.03105,0.01403,0.02230,-0.04016,-0.03726,0.00,0.00,0.00,Neutra,0.00
0,3,67,-0.98253,-0.02849,0.02812,0.00611,-0.00657,-0.00504,0.00,0.00,0.00,Neutra,0.00
0,3,68,-0.98179,-0.02641,0.03581,0.05620,-0.04429,-0.04062,0.00,0.00,0.00,Neutra,0.00
0,3,69,-0.97521,-0.02751,0.02879,0.01558,-0.02688,-0.03176,0.00,0.00,0.00,Neutra,0.00
0,3,70,-0.98064,-0.03172,0.01135,0.01833,-0.01710,-0.01542,0.00,0.00,0.00,Neutra,0.00
0,3,71,-0.97929,-0.03306,0.03093,0.03742,-0.02779,-0.03115,0.00,0.00,0.00,Neutra,0.00
0,3,72,-0.98308,-0.02660,0.02495,0.00947,-0.00901,-0.04261,0.00,0.00,0.00,Neutra,0.00
0,3,73,-0.98497,-0.02946,0.01128,0.02123,-0.02321,-0.04108,0.00,0.00,0.00,Neutra,0.00
0,3,74,-0.97667,-0.02653,0.02318,0.05437,-0.02718,-0.04597,0.00,0.00,0.00,Neutra,0.00
0,3,75,-0.97338,-0.02214,0.03087,0.02902,-0.01344,-0.01878,0.00,0.00,0.00,Neutra,0.00
0,3,76,-0.98253,-0.02946,0.04429,0.00550,-0.00611,0.00305,0.00,0.00,0.00,Neutra,0.00
0,3,77,-0.97399,-0.03764,0.01586,0.04505,-0.02993,-0.01298,0.00,0.00,0.00,Neutra,0.00
0,3,78,-0.97881,-0.04282,0.03172,0.02841,-0.02657,-0.01542,0.00,0.00,0.00,Neutra,0.00
0,3,79,-0.98674,-0.04502,0.02098,0.04902,-0.04963,-0.04658,0.00,0.00,0.00,Neutra,0.00
0,3,80,-0.98576,-0.03941,0.03489,0.01527,-0.02688,-0.07391,0.00,0.00,0.00,Neutra,0.00
0,3,81,-0.98137,-0.03233,0.02196,0.01023,-0.01359,-0.04765,0.00,0.00,0.00,Neutra,0.00
0,3,82,-0.97887,-0.02653,0.02617,0.03497,-0.00015,-0.04352,0.00,0.00,0.00,Neutra,0.00
0,3,83,-0.97771,-0.02062,0.02946,0.02871,-0.03192,-0.03390,0.00,0.00,0.00,Neutra,0.00
0,3,84,-0.97795,-0.02391,0.02873,0.03039,-0.01833,-0.01298,0.00,0.00,0.00,Neutra,0.00
0,3,85,-0.98283,-0.02635,0.03221,0.04673,-0.04123,-0.02016,0.00,0.00,0.00,Neutra,0.00
0,3,86,-0.97624,-0.03209,0.01251,0.04108,-0.02841,-0.01436,0.00,0.00,0.00,Neutra,0.00
0,3,87,-0.97887,-0.04032,0.03666,0.03238,-0.02718,-0.02245,0.00,0.00,0.00,Neutra,0.00
0,3,88,-0.97740,-0.04227,0.02830,0.04291,-0.04475,-0.03619,0.00,0.00,0.00,Neutra,0.00
0,3,89,-0.97393,-0.03465,0.03550,0.00031,-0.00932,-0.02352,0.00,0.00,0.00,Neutra,0.00
0,3,90,-0.97716,-0.02660,0.01244,0.00764,-0.01970,-0.02505,0.00,0.00,0.00,Neutra,0.00
0,3,91,-0.98204,-0.02153,0.02934,0.04093,-0.04841,-0.05085,0.00,0.00,0.00,Neutra,0.00
0,3,92,-0.97893,-0.02403,0.02946,0.01970,-0.01619,-0.00932,0.00,0.00,0.00,Neutra,0.00
0,3,93,-0.98186,-0.02928,0.02403,0.03574,-0.03100,-0.02092,0.00,0.00,0.00,Neutra,0.00
0,3,94,-0.98356,-0.03196,0.02190,0.07651,-0.03726,-0.02413,0.00,0.00,0.00,Neutra,0.00
0,3,95,-0.97106,-0.03495,0.01665,0.03650,-0.02337,-0.02917,0.00,0.00,0.00,Neutra,0.00
0,3,96,-0.98643,-0.03727,0.03190,0.04917,-0.02505,-0.03543,0.00,0.00,0.00,Neutra,0.00
0,3,97,-0.97874,-0.03337,0.01403,0.04551,-0.05391,-0.06658,0.00,0.00,0.00,Neutra,0.00
0,3,98,-0.98430,-0.03489,0.01958,0.02001,-0.01115,-0.03604,0.00,0.00,0.00,Neutra,0.00
0,3,99,-0.98747,-0.02867,0.01720,0.02673,-0.02657,-0.03955,0.00,0.00,0.00,Neutra,0.00
0,3,100,-0.98259,-0.02684,0.02227,0.03039,-0.03146,-0.04658,0.00,0.00,0.00,Neutra,0.00
0,3,101,-0.98039,-0.03538,0.02422,0.02138,-0.02291,-0.01756,0.00,0.00,0.00,Neutra,0.00
0,3,102,-0.97277,-0.03312,0.02678,0.03436,-0.01863,-0.03482,0.00,0.00,0.00,Neutra,0.00
0,3,103,-0.98057,-0.02800,0.01793,0.01817,-0.00916,-0.04200,0.00,0.00,0.00,Neutra,0.00
0,3,104,-0.98033,-0.03190,0.02818,0.02321,-0.00611,-0.04490,0.00,0.00,0.00,Neutra,0.00
0,3,105,-0.97075,-0.03257,0.02367,0.03528,-0.01374,-0.04444,0.00,0.00,0.00,Neutra,0.00
0,3,106,-0.96673,-0.02708,0.01952,-0.00458,0.00657,-0.00672,0.00,0.00,0.00,Neutra,0.00
0,3,107,-0.97881,-0.02525,0.03257,0.01970,-0.02413,-0.01802,0.00,0.00,0.00,Neutra,0.00
0,3,108,-0.97356,-0.02629,0.03074,0.03253,-0.03619,-0.02321,0.00,0.00,0.00,Neutra,0.00
0,3,109,-0.97405,-0.02574,0.01354,0.03314,-0.02718,-0.02275,0.00,0.00,0.00,Neutra,0.00
0,3,110,-0.97960,-0.03166,0.02653,0.03665,-0.02459,-0.03451,0.00,0.00,0.00,Neutra,0.00
0,3,111,-0.97136,-0.03080,0.02269,0.01955,-0.02306,-0.07376,0.00,0.00,0.00,Neutra,0.00
0,3,112,-0.97698,-0.02562,0.00445,0.02275,-0.01985,-0.03543,0.00,0.00,0.00,Neutra,0.00
0,3,113,-0.97429,-0.02763,0.01690,0.06307,-0.05773,-0.05162,0.00,0.00,0.00,Neutra,0.00
0,3,114,-0.97600,-0.02269,0.01641,0.04581,-0.04047,-0.04169,0.00,0.00,0.00,Neutra,0.00
0,3,115,-0.97966,-0.02782,0.02501,0.04612,-0.02841,-0.02734,0.00,0.00,0.00,Neutra,0.00
0,3,116,-0.98112,-0.04081,0.01928,0.05788,-0.04276,-0.02474,0.00,0.00,0.00,Neutra,0.00
0,3,117,-0.97545,-0.03593,0.01409,0.03375,-0.03024,-0.02841,0.00,0.00,0.00,Neutra,0.00
0,3,118,-0.97234,-0.03636,0.02141,0.03283,-0.00122,-0.02902,0.00,0.00,0.00,Neutra,0.00
0,3,119,-0.97490,-0.04172,0.03739,0.03604,-0.04749,-0.07514,0.00,0.00,0.00,Neutra,0.00
0,3,120,-0.97142,-0.03007,0.02611,0.00901,-0.06506,-0.06246,0.00,0.00,0.00,Neutra,0.00
0,3,121,-0.99802,-0.03099,0.02318,0.01985,-0.04169,-0.03467,0.00,0.00,0.00,Neutra,0.00
0,3,122,-0.98448,-0.02824,0.01684,0.01588,-0.03635,-0.03955,0.00,0.00,0.00,Neutra,0.00
0,3,123,-0.99448,-0.03410,0.02178,0.01405,-0.02642,-0.02321,0.00,0.00,0.00,Neutra,0.00
0,3,124,-0.98167,-0.02812,0.02178,0.01283,-0.02428,-0.02016,0.00,0.00,0.00,Neutra,0.00
0,3,125,-0.97698,-0.02855,0.02922,0.07376,-0.05528,-0.04612,0.00,0.00,0.00,Neutra,0.00
0,3,126,-0.97771,-0.03806,0.02641,0.01695,-0.03161,-0.03207,0.00,0.00,0.00,Neutra,0.00
0,3,127,-0.98106,-0.03288,0.01714,0.03543,-0.06185,-0.05666,0.00,0.00,0.00,Neutra,0.00
0,3,128,-0.98057,-0.02690,0.00268,0.02932,-0.04154,-0.04307,0.00,0.00,0.00,Neutra,0.00
0,3,129,-0.98430,-0.02873,0.01745,0.01481,-0.02459,-0.04352,0.00,0.00,0.00,Neutra,0.00
0,3,130,-0.98308,-0.01976,0.03019,0.02963,-0.03818,-0.04795,0.00,0.00,0.00,Neutra,0.00
0,3,131,-0.97130,-0.01141,0.01921,0.02642,-0.02520,-0.02474,0.00,0.00,0.00,Neutra,0.00
0,3,132,-0.97252,-0.00262,0.00970,0.03009,-0.00779,-0.01527,0.00,0.00,0.00,Neutra,0.00
0,3,133,-0.96026,-0.01586,0.02452,0.05238,-0.03253,-0.02352,0.00,0.00,0.00,Neutra,0.00
0,3,134,-0.95648,-0.03044,0.02751,0.03879,-0.02596,-0.03436,0.00,0.00,0.00,Neutra,0.00
0,3,135,-0.98082,-0.03495,0.02007,0.04307,-0.03864,-0.03894,0.00,0.00,0.00,Neutra,0.00
0,3,136,-0.97460,-0.02727,0.02123,0.06277,-0.02978,-0.04475,0.00,0.00,0.00,Neutra,0.00
0,3,137,-0.97838,-0.04532,0.01830,0.02673,-0.03283,-0.04979,0.00,0.00,0.00,Neutra,0.00
0,3,138,-0.98039,-0.02403,0.03355,0.05345,-0.03910,-0.05956,0.00,0.00,0.00,Neutra,0.00
0,3,139,-0.99454,-0.02898,0.02702,0.05559,-0.04673,-0.04490,0.00,0.00,0.00,Neutra,0.00
0,3,140,-0.98131,-0.02641,0.01629,0.03222,-0.01283,-0.01100,0.00,0.00,0.00,Neutra,0.00
0,3,141,-0.98838,-0.03483,0.03166,0.07468,-0.04581,-0.04719,0.00,0.00,0.00,Neutra,0.00
0,3,142,-0.98570,-0.04374,0.03861,0.05345,-0.03131,-0.03543,0.00,0.00,0.00,Neutra,0.00
0,3,143,-0.99033,-0.04788,0.02220,0.04016,-0.02138,-0.03742,0.00,0.00,0.00,Neutra,0.00
0,3,144,-0.99540,-0.04538,0.03447,0.03925,-0.03650,-0.03986,0.00,0.00,0.00,Neutra,0.00
0,3,145,-0.98057,-0.04362,0.03544,0.03299,-0.05376,-0.05345,0.00,0.00,0.00,Neutra,0.00
0,3,146,-0.98179,-0.04081,0.02611,0.03833,-0.04841,-0.05299,0.00,0.00,0.00,Neutra,0.00
0,3,147,-0.98423,-0.02855,0.02257,0.05009,-0.05727,-0.05773,0.00,0.00,0.00,Neutra,0.00
0,3,148,-0.97624,-0.03221,0.01171,0.03589,-0.03833,-0.04856,0.00,0.00,0.00,Neutra,0.00
0,3,149,-0.98277,-0.03239,0.03806,0.03192,-0.03329,-0.03619,0.00,0.00,0.00,Neutra,0.00
0,3,150,-0.97874,-0.02995,0.01854,0.03711,-0.02367,-0.03574,0.00,0.00,0.00,Neutra,0.00
0,3,151,-0.97344,-0.03257,0.01342,0.02077,-0.03512,-0.03115,0.00,0.00,0.00,Neutra,0.00
0,3,152,-0.97911,-0.03239,0.00726,0.02596,-0.04184,-0.02474,0.00,0.00,0.00,Neutra,0.00
0,3,153,-0.98661,-0.03184,0.02696,0.00687,-0.03207,-0.02810,0.00,0.00,0.00,Neutra,0.00
0,3,154,-0.98600,-0.02428,0.02348,0.00489,-0.04230,-0.05864,0.00,0.00,0.00,Neutra,0.00
0,3,155,-0.98741,-0.01982,0.02483,0.03131,-0.02474,-0.05986,0.00,0.00,0.00,Neutra,0.00
0,3,156,-0.98173,-0.02135,0.02245,0.04016,-0.03742,-0.06185,0.00,0.00,0.00,Neutra,0.00
0,3,157,-0.97533,-0.03044,0.01671,0.03650,-0.01466,-0.03742,0.00,0.00,0.00,Neutra,0.00
0,3,158,-0.97490,-0.03209,0.03904,0.05345,-0.03283,-0.02627,0.00,0.00,0.00,Neutra,0.00
0,3,159,-0.96880,-0.04087,0.01202,0.03940,-0.03131,-0.02001,0.00,0.00,0.00,Neutra,0.00
0,3,160,-0.97088,-0.04392,0.01446,0.02795,-0.02963,-0.03665,0.00,0.00,0.00,Neutra,0.00
0,3,161,-0.97569,-0.03995,0.02873,0.02337,-0.03803,-0.04169,0.00,0.00,0.00,Neutra,0.00
0,3,162,-0.96959,-0.03922,0.03007,0.01649,-0.05513,-0.06414,0.00,0.00,0.00,Neutra,0.00
0,3,163,-0.97027,-0.02684,0.01958,0.01436,-0.05116,-0.05941,0.00,0.00,0.00,Neutra,0.00
0,3,164,-0.97350,-0.01982,0.02800,0.00015,-0.06399,-0.05818,0.00,0.00,0.00,Neutra,0.00
0,3,165,-0.98295,-0.02287,0.02147,0.02459,-0.04291,-0.03940,0.00,0.00,0.00,Neutra,0.00
0,3,166,-0.98789,-0.02251,0.03550,0.02657,-0.02306,-0.01313,0.00,0.00,0.00,Neutra,0.00
0,3,167,-0.98137,-0.02916,0.02721,0.05880,-0.03680,-0.03024,0.00,0.00,0.00,Neutra,0.00
0,3,168,-0.98362,-0.03764,0.02348,0.04643,-0.04719,-0.01833,0.00,0.00,0.00,Neutra,0.00
0,3,169,-0.98674,-0.03782,0.04026,0.03024,-0.04093,-0.01680,0.00,0.00,0.00,Neutra,0.00
0,3,170,-0.98320,-0.03385,0.03880,0.03329,-0.06720,-0.04001,0.00,0.00,0.00,Neutra,0.00
0,3,171,-0.98326,-0.03654,0.02861,0.00565,-0.03467,-0.04520,0.00,0.00,0.00,Neutra,0.00
0,3,172,-0.98545,-0.03312,0.02763,0.01909,-0.03085,-0.05330,0.00,0.00,0.00,Neutra,0.00
0,3,173,-0.98765,-0.02702,0.03056,0.01497,-0.03238,-0.04627,0.00,0.00,0.00,Neutra,0.00
0,3,174,-0.99357,-0.02745,0.01702,0.01665,-0.01970,-0.03864,0.00,0.00,0.00,Neutra,0.00
0,3,175,-0.99619,-0.02446,0.03544,0.04979,-0.00015,-0.02841,0.00,0.00,0.00,Neutra,0.00
0,3,176,-0.98009,-0.04325,0.02147,0.04581,-0.04459,-0.02245,0.00,0.00,0.00,Neutra,0.00
0,3,177,-0.97338,-0.03239,0.02403,0.03879,-0.04597,-0.01741,0.00,0.00,0.00,Neutra,0.00
0,3,178,-0.98064,-0.03910,0.01726,0.04979,-0.05452,-0.02917,0.00,0.00,0.00,Neutra,0.00
0,3,179,-0.97118,-0.02800,0.01019,0.04414,-0.05238,-0.04551,0.00,0.00,0.00,Neutra,0.00
0,3,180,-0.97917,-0.03477,0.01324,0.01237,-0.07483,-0.04597,0.00,0.00,0.00,Neutra,0.00
0,3,181,-0.97935,-0.02373,0.02294,0.02871,-0.04612,-0.05116,0.00,0.00,0.00,Neutra,0.00
0,3,182,-0.97911,-0.01677,0.01013,0.06399,-0.06109,-0.04459,0.00,0.00,0.00,Neutra,0.00
0,3,183,-0.98070,-0.01952,0.02043,0.03176,-0.02841,-0.00718,0.00,0.00,0.00,Neutra,0.00
0,3,184,-0.97990,-0.02452,0.02324,0.06384,-0.05131,-0.03192,0.00,0.00,0.00,Neutra,0.00
0,3,185,-0.98527,-0.02867,0.02879,0.03085,-0.03283,-0.02520,0.00,0.00,0.00,Neutra,0.00
0,3,186,-0.98661,-0.03367,0.03739,0.04078,-0.02688,-0.02947,0.00,0.00,0.00,Neutra,0.00
0,3,187,-0.98692,-0.03751,0.04276,0.04261,-0.03467,-0.04444,0.00,0.00,0.00,Neutra,0.00
0,3,188,-0.98460,-0.03654,0.02586,0.03299,-0.02841,-0.05574,0.00,0.00,0.00,Neutra,0.00
0,3,189,-0.98344,-0.03367,0.02873,0.03115,-0.03864,-0.04734,0.00,0.00,0.00,Neutra,0.00
0,3,190,-0.97661,-0.02721,0.01202,0.05131,-0.04841,-0.05498,0.00,0.00,0.00,Neutra,0.00
0,3,191,-0.98204,-0.03514,0.02965,0.03406,-0.01237,-0.02169,0.00,0.00,0.00,Neutra,0.00
0,3,192,-0.98649,-0.03733,0.02812,0.04643,-0.02856,-0.03680,0.00,0.00,0.00,Neutra,0.00
0,3,193,-0.98015,-0.03709,0.02464,0.04933,-0.02810,-0.03787,0.00,0.00,0.00,Neutra,0.00
0,3,194,-0.98161,-0.04990,0.01391,0.02642,-0.00855,-0.02199,0.00,0.00,0.00,Neutra,0.00
0,3,195,-0.96966,-0.04575,0.03026,0.00305,-0.03360,-0.02550,0.00,0.00,0.00,Neutra,0.00
0,3,196,-0.96362,-0.04276,0.01696,0.02153,-0.03604,-0.05070,0.00,0.00,0.00,Neutra,0.00
0,3,197,-0.98070,-0.03361,0.03032,0.00473,-0.01756,-0.03207,0.00,0.00,0.00,Neutra,0.00
0,3,198,-0.97130,-0.02312,0.02898,0.03803,-0.03879,-0.04643,0.00,0.00,0.00,Neutra,0.00
0,3,199,-0.97698,-0.04319,0.01769,0.02963,-0.02428,-0.02321,0.00,0.00,0.00,Neutra,0.00
0,3,200,-0.98137,-0.02818,0.03611,0.04887,-0.03314,-0.02077,0.00,0.00,0.00,Neutra,0.00
0,3,201,-0.99637,-0.03666,0.03257,0.05192,-0.04337,-0.02978,0.00,0.00,0.00,Neutra,0.00
0,3,202,-0.97813,-0.04252,0.01684,0.02291,-0.00840,-0.00809,0.00,0.00,0.00,Neutra,0.00
0,3,203,-0.98118,-0.04898,0.03233,0.02871,-0.01527,-0.02062,0.00,0.00,0.00,Neutra,0.00
0,3,204,-0.98070,-0.04355,0.04075,0.03161,-0.05528,-0.05864,0.00,0.00,0.00,Neutra,0.00
0,3,205,-0.99326,-0.03251,0.02379,0.02795,-0.04123,-0.05452,0.00,0.00,0.00,Neutra,0.00
0,3,206,-0.99631,-0.02318,0.03636,0.01772,-0.02657,-0.04246,0.00,0.00,0.00,Neutra,0.00
0,3,207,-0.98009,-0.01982,0.02928,0.03818,-0.03818,-0.03497,0.00,0.00,0.00,Neutra,0.00
0,3,208,-0.98491,-0.03062,0.03080,0.03467,-0.03131,-0.01405,0.00,0.00,0.00,Neutra,0.00
0,3,209,-0.98405,-0.03636,0.02873,0.06949,-0.05834,-0.02062,0.00,0.00,0.00,Neutra,0.00
0,3,210,-0.98179,-0.04264,0.00238,0.03971,-0.04139,-0.01420,0.00,0.00,0.00,Neutra,0.00
0,3,211,-0.98234,-0.04038,0.01824,0.01115,-0.01390,-0.03742,0.00,0.00,0.00,Neutra,0.00
0,3,212,-0.98478,-0.03562,0.02367,0.02123,-0.03329,-0.01497,0.00,0.00,0.00,Neutra,0.00
0,3,213,-0.97948,-0.02312,0.02184,0.00825,-0.03635,-0.05864,0.00,0.00,0.00,Neutra,0.00
0,3,214,-0.96844,-0.01684,0.01104,0.02749,-0.01710,-0.04841,0.00,0.00,0.00,Neutra,0.00
0,3,215,-0.98234,-0.01488,0.03337,0.06063,-0.05437,-0.07636,0.00,0.00,0.00,Neutra,0.00
0,3,216,-0.97698,-0.01757,0.01153,0.03635,-0.02810,-0.03528,0.00,0.00,0.00,Neutra,0.00
0,3,217,-0.98137,-0.02318,0.01409,0.03879,-0.01359,0.02642,0.00,0.00,0.00,Neutra,0.00
0,3,218,-0.98399,-0.02983,0.01415,0.06124,-0.02337,-0.01191,0.00,0.00,0.00,Neutra,0.00
0,3,219,-0.97277,-0.03251,0.01208,0.02443,-0.01100,-0.01634,0.00,0.00,0.00,Neutra,0.00
0,3,220,-0.97624,-0.02977,0.03148,0.01848,0.00107,-0.01252,0.00,0.00,0.00,Neutra,0.00
0,3,221,-0.97356,-0.02696,0.01940,0.03711,-0.02550,-0.04811,0.00,0.00,0.00,Neutra,0.00
0,3,222,-0.97210,-0.02135,0.01995,0.03207,-0.02963,-0.04520,0.00,0.00,0.00,Neutra,0.00
0,3,223,-0.98137,-0.01684,0.04044,0.07239,-0.06490,-0.07330,0.00,0.00,0.00,Neutra,0.00
0,3,224,-0.98674,-0.02367,0.03233,0.06109,-0.03894,-0.03619,0.00,0.00,0.00,Neutra,0.00
0,3,225,-0.98131,-0.02922,0.00403,0.04795,-0.02123,-0.01604,0.00,0.00,0.00,Neutra,0.00
0,3,226,-0.98106,-0.03593,0.02403,0.07025,-0.02459,-0.01741,0.00,0.00,0.00,Neutra,0.00
0,3,227,-0.97990,-0.03733,0.01964,0.06154,-0.04169,-0.04459,0.00,0.00,0.00,Neutra,0.00
0,3,228,-0.97667,-0.03849,0.02385,0.03360,-0.01787,-0.01909,0.00,0.00,0.00,Neutra,0.00
0,3,229,-0.97649,-0.03453,0.02861,0.05971,-0.04261,-0.04826,0.00,0.00,0.00,Neutra,0.00
0,3,230,-0.98460,-0.03666,0.02318,0.04749,-0.04016,-0.04505,0.00,0.00,0.00,Neutra,0.00
0,3,231,-0.99162,-0.03514,0.02782,0.04520,-0.04704,-0.05284,0.00,0.00,0.00,Neutra,0.00
0,3,232,-0.97081,-0.02965,0.02916,0.03757,-0.04078,-0.04016,0.00,0.00,0.00,Neutra,0.00
0,3,233,-0.97862,-0.03398,0.01189,0.03192,-0.02596,-0.02734,0.00,0.00,0.00,Neutra,0.00
0,3,234,-0.97429,-0.03392,0.02068,0.03054,-0.03146,-0.00886,0.00,0.00,0.00,Neutra,0.00
0,3,235,-0.97264,-0.04142,0.03105,0.03100,-0.04215,-0.00550,0.00,0.00,0.00,Neutra,0.00
0,3,236,-0.98283,-0.03514,0.01854,-0.00977,-0.00718,0.00443,0.00,0.00,0.00,Neutra,0.00
0,3,237,-0.99570,-0.03209,0.03819,0.03451,-0.04123,-0.04016,0.00,0.00,0.00,Neutra,0.00
0,3,238,-0.97777,-0.03922,0.03074,0.02886,-0.03528,-0.04505,0.00,0.00,0.00,Neutra,0.00
0,3,239,-0.98009,-0.02422,0.03288,0.01054,-0.03879,-0.04261,0.00,0.00,0.00,Neutra,0.00
0,3,240,-0.98405,-0.02001,0.02940,0.03803,-0.05208,-0.03268,0.00,0.00,0.00,Neutra,0.00
0,3,241,-0.97917,-0.01928,0.01305,0.04291,-0.03329,-0.02169,0.00,0.00,0.00,Neutra,0.00
0,3,242,-0.98320,-0.02867,0.01513,0.03100,-0.01649,-0.02001,0.00,0.00,0.00,Neutra,0.00
0,3,243,-0.98064,-0.02843,0.01824,0.06720,-0.03757,-0.00489,0.00,0.00,0.00,Neutra,0.00
0,3,244,-0.97844,-0.02635,0.01318,0.04841,-0.03940,-0.03803,0.00,0.00,0.00,Neutra,0.00
0,3,245,-0.97399,-0.03575,0.01287,0.03894,-0.02947,-0.01772,0.00,0.00,0.00,Neutra,0.00
0,3,246,-0.96770,-0.03575,0.01287,0.05803,-0.05162,-0.05192,0.00,0.00,0.00,Neutra,0.00
0,3,247,-0.96532,-0.03751,0.01952,0.01817,-0.03619,-0.04093,0.00,0.00,0.00,Neutra,0.00
0,3,248,-0.96959,-0.01812,0.01476,0.02367,-0.04200,-0.03497,0.00,0.00,0.00,Neutra,0.00
0,3,249,-0.97405,-0.03209,0.02879,0.03787,-0.03512,-0.03268,0.00,0.00,0.00,Neutra,0.00
0,3,250,-0.97490,-0.02586,0.02062,0.01313,-0.03100,-0.02856,0.00,0.00,0.00,Neutra,0.00
0,3,251,-0.98125,-0.02989,0.03880,0.02841,-0.03940,-0.02642,0.00,0.00,0.00,Neutra,0.00
0,3,252,-0.98161,-0.02525,0.03038,0.05299,-0.05238,-0.02932,0.00,0.00,0.00,Neutra,0.00
0,3,253,-0.98118,-0.04160,0.01348,0.01329,-0.03589,-0.02214,0.00,0.00,0.00,Neutra,0.00
0,3,254,-0.98405,-0.04038,0.01800,0.02657,-0.04795,-0.03070,0.00,0.00,0.00,Neutra,0.00
0,3,255,-0.98015,-0.02635,0.02763,0.01512,-0.07422,-0.04490,0.00,0.00,0.00,Neutra,0.00
0,3,256,-0.97929,-0.03074,0.03001,0.00855,-0.03009,-0.04123,0.00,0.00,0.00,Neutra,0.00
0,3,257,-0.98027,-0.02208,0.02593,0.05024,-0.05895,-0.06521,0.00,0.00,0.00,Neutra,0.00
0,3,258,-0.97960,-0.02086,0.02129,0.03742,-0.03848,-0.04749,0.00,0.00,0.00,Neutra,0.00
0,3,259,-0.98173,-0.02257,0.01775,0.01420,-0.02138,-0.01222,0.00,0.00,0.00,Neutra,0.00
0,3,260,-0.97948,-0.02800,0.01787,0.04536,-0.03787,-0.02153,0.00,0.00,0.00,Neutra,0.00
0,3,261,-0.98137,-0.03160,0.00579,0.02993,-0.03131,-0.06353,0.00,0.00,0.00,Neutra,0.00
0,3,262,-0.97576,-0.03782,0.01818,0.02535,-0.03329,-0.04154,0.00,0.00,0.00,Neutra,0.00
0,3,263,-0.97698,-0.03550,0.02574,0.03574,-0.04979,-0.05818,0.00,0.00,0.00,Neutra,0.00
0,3,264,-0.97350,-0.02727,0.01958,0.01481,-0.04490,-0.04291,0.00,0.00,0.00,Neutra,0.00
0,3,265,-0.97222,-0.02574,0.02086,0.02596,-0.03192,-0.02489,0.00,0.00,0.00,Neutra,0.00
0,3,266,-0.98100,-0.02586,0.02568,0.03329,-0.05269,-0.03726,0.00,0.00,0.00,Neutra,0.00
0,3,267,-0.99192,-0.02031,0.03526,0.01863,-0.03482,-0.02764,0.00,0.00,0.00,Neutra,0.00
0,3,268,-1.00644,-0.01623,0.03026,0.04062,-0.03940,-0.02657,0.00,0.00,0.00,Neutra,0.00
0,3,269,-0.98484,-0.01970,0.02019,0.04536,-0.02963,-0.04032,0.00,0.00,0.00,Neutra,0.00
0,3,270,-0.98936,-0.02434,0.02721,0.02917,-0.04230,-0.04566,0.00,0.00,0.00,Neutra,0.00
0,3,271,-0.98112,-0.02965,0.01848,0.05192,-0.05284,-0.04688,0.00,0.00,0.00,Neutra,0.00
0,3,272,-0.97771,-0.03355,0.00018,0.03451,-0.04215,-0.04337,0.00,0.00,0.00,Neutra,0.00
0,3,273,-0.97667,-0.02653,0.01269,0.02001,-0.02718,-0.01939,0.00,0.00,0.00,Neutra,0.00
0,3,274,-0.97832,-0.02684,0.01574,0.05070,-0.04383,-0.00657,0.00,0.00,0.00,Neutra,0.00
0,3,275,-0.97374,-0.01555,0.00945,0.07605,-0.04627,-0.04597,0.00,0.00,0.00,Neutra,0.00
0,3,276,-0.97527,-0.01842,0.01806,0.05635,-0.04398,-0.05131,0.00,0.00,0.00,Neutra,0.00
0,3,277,-0.96947,-0.01861,0.01702,0.06918,-0.04337,-0.05040,0.00,0.00,0.00,Neutra,0.00
0,3,278,-0.96423,-0.02849,0.01214,0.05941,-0.06384,-0.06216,0.00,0.00,0.00,Neutra,0.00
0,3,279,-0.97972,-0.01580,0.02294,0.04505,-0.03726,-0.02230,0.00,0.00,0.00,Neutra,0.00
0,3,280,-0.98308,-0.03050,0.01836,0.06231,-0.05773,-0.04291,0.00,0.00,0.00,Neutra,0.00
0,3,281,-0.98637,-0.03410,0.02239,0.02841,-0.02611,-0.03421,0.00,0.00,0.00,Neutra,0.00
0,3,282,-0.99424,-0.02922,0.03294,0.04917,-0.04581,-0.04643,0.00,0.00,0.00,Neutra,0.00
0,3,283,-0.99259,-0.03111,0.02245,0.04215,-0.03818,-0.04658,0.00,0.00,0.00,Neutra,0.00
0,3,284,-0.99247,-0.02782,0.03202,0.03787,-0.02031,-0.02917,0.00,0.00,0.00,Neutra,0.00
0,3,285,-0.99839,-0.03605,0.03727,0.05147,-0.02169,-0.03726,0.00,0.00,0.00,Neutra,0.00
0,3,286,-0.99180,-0.03861,0.03764,0.04215,-0.02092,-0.03009,0.00,0.00,0.00,Neutra,0.00
0,3,287,-0.98527,-0.04087,0.02696,0.04719,-0.01588,-0.04307,0.00,0.00,0.00,Neutra,0.00
0,3,288,-0.98820,-0.03636,0.03044,0.05421,-0.01588,-0.06170,0.00,0.00,0.00,Neutra,0.00
0,3,289,-0.95380,-0.04032,0.01952,0.01145,-0.00367,-0.03803,0.00,0.00,0.00,Neutra,0.00
0,3,290,-0.95874,-0.03630,0.02159,0.00794,-0.00382,-0.01710,0.00,0.00,0.00,Neutra,0.00
0,3,291,-0.94745,-0.02916,0.01555,0.02917,-0.02398,-0.01695,0.00,0.00,0.00,Neutra,0.00
0,3,292,-0.95245,-0.02916,0.00842,0.02214,-0.03711,-0.06903,0.00,0.00,0.00,Neutra,0.00
0,3,293,-0.94831,-0.02977,0.01525,0.03222,-0.03375,-0.02886,0.00,0.00,0.00,Neutra,0.00
0,3,294,-0.95721,-0.02916,0.01671,0.04352,-0.07055,-0.05116,0.00,0.00,0.00,Neutra,0.00
0,3,295,-0.95672,-0.02928,0.01732,0.01619,-0.04719,-0.04169,0.00,0.00,0.00,Neutra,0.00
0,3,296,-0.96063,-0.02599,0.01427,0.04169,-0.05666,-0.04841,0.00,0.00,0.00,Neutra,0.00
0,3,297,-0.97210,-0.03501,0.02452,0.03543,-0.05116,-0.04536,0.00,0.00,0.00,Neutra,0.00
0,3,298,-0.97112,-0.02940,0.01598,0.03421,-0.05635,-0.03772,0.00,0.00,0.00,Neutra,0.00
0,3,299,-0.96911,-0.03367,0.03294,0.03299,-0.04948,-0.02352,0.00,0.00,0.00,Neutra,0.00
0,3,300,-0.97197,-0.04221,0.02300,0.03711,-0.05315,-0.03344,0.00,0.00,0.00,Neutra,0.00
0,3,301,-0.97966,-0.04148,0.02702,0.02718,-0.07544,-0.05651,0.00,0.00,0.00,Neutra,0.00
0,3,302,-0.97679,-0.04734,0.03691,0.00809,-0.04811,-0.03696,0.00,0.00,0.00,Neutra,0.00
0,3,303,-0.97996,-0.04593,0.00909,0.02337,-0.07162,-0.05956,0.00,0.00,0.00,Neutra,0.00
0,3,304,-0.98716,-0.04398,0.02141,-0.00458,-0.05208,-0.05864,0.00,0.00,0.00,Neutra,0.00
0,3,305,-0.98600,-0.03745,0.02879,0.02642,-0.08277,-0.06582,0.00,0.00,0.00,Neutra,0.00
0,3,306,-0.98796,-0.03062,0.02361,0.01069,-0.06689,-0.04734,0.00,0.00,0.00,Neutra,0.00
0,3,307,-0.98716,-0.02141,0.02025,0.02031,-0.06200,-0.03543,0.00,0.00,0.00,Neutra,0.00
0,3,308,-0.98674,-0.02574,0.01781,0.04047,-0.07300,-0.06368,0.00,0.00,0.00,Neutra,0.00
0,3,309,-0.98155,-0.02617,0.01873,0.01756,-0.04551,-0.04719,0.00,0.00,0.00,Neutra,0.00
0,3,310,-0.98887,-0.02483,0.02416,0.02153,-0.05208,-0.05330,0.00,0.00,0.00,Neutra,0.00
0,3,311,-0.98503,-0.02318,0.01732,0.02642,-0.04597,-0.04765,0.00,0.00,0.00,Neutra,0.00
0,3,312,-0.98545,-0.01598,0.01861,0.00932,-0.03329,-0.03299,0.00,0.00,0.00,Neutra,0.00
0,3,313,-0.98558,-0.01604,0.03154,0.01420,-0.03864,-0.03512,0.00,0.00,0.00,Neutra,0.00
0,3,314,-0.97600,-0.01098,0.02519,0.04887,-0.04276,-0.06399,0.00,0.00,0.00,Neutra,0.00
0,3,315,-0.97569,-0.02043,0.01330,0.03161,-0.03986,-0.06933,0.00,0.00,0.00,Neutra,0.00
0,3,316,-0.97313,-0.02080,0.01397,0.02413,-0.03864,-0.06521,0.00,0.00,0.00,Neutra,0.00
0,3,317,-0.97210,-0.02196,0.03324,0.04062,-0.05116,-0.06750,0.00,0.00,0.00,Neutra,0.00
0,3,318,-0.97356,-0.02062,0.01976,0.02123,-0.02917,-0.02657,0.00,0.00,0.00,Neutra,0.00
0,3,319,-0.97868,-0.01891,0.02330,0.06597,-0.07666,-0.05116,0.00,0.00,0.00,Neutra,0.00
0,3,320,-0.97149,-0.02409,0.03276,0.03039,-0.04444,-0.02993,0.00,0.00,0.00,Neutra,0.00
0,3,321,-0.97624,-0.02318,0.02446,0.03161,-0.04490,-0.02306,0.00,0.00,0.00,Neutra,0.00
0,3,322,-0.97734,-0.02647,0.03599,0.06414,-0.07025,-0.05421,0.00,0.00,0.00,Neutra,0.00
0,3,323,-0.98131,-0.04471,0.02007,0.06246,-0.07636,-0.06460,0.00,0.00,0.00,Neutra,0.00
0,4,1,-0.98204,-0.03611,0.02653,0.03024,-0.06246,-0.04169,0.00,0.00,0.00,Neutra,0.00
0,4,2,-0.98497,-0.03703,0.03361,0.02841,-0.05818,-0.03314,0.00,0.00,0.00,Neutra,0.00
0,4,3,-0.98747,-0.03111,0.03825,0.03161,-0.08063,-0.06521,0.00,0.00,0.00,Neutra,0.00
0,4,4,-0.99162,-0.02873,0.04105,-0.00076,-0.03879,-0.03283,0.00,0.00,0.00,Neutra,0.00
0,4,5,-0.98789,-0.02641,0.03050,-0.00458,-0.02550,-0.03604,0.00,0.00,0.00,Neutra,0.00
0,4,6,-0.99107,-0.02178,0.02391,0.01970,-0.05528,-0.02825,0.00,0.00,0.00,Neutra,0.00
0,4,7,-0.98796,-0.01610,0.03416,-0.00137,-0.02489,-0.01451,0.00,0.00,0.00,Neutra,0.00
0,4,8,-0.99229,-0.01446,0.02946,0.00596,-0.01878,-0.00977,0.00,0.00,0.00,Neutra,0.00
0,4,9,-0.99229,-0.01616,0.03959,0.03589,-0.04581,-0.07773,0.00,0.00,0.00,Neutra,0.00
0,4,10,-0.98057,-0.01043,0.04026,0.01695,-0.03574,-0.04444,0.00,0.00,0.00,Neutra,0.00
0,4,11,-1.00857,-0.01793,0.03318,0.01558,-0.01909,-0.04047,0.00,0.00,0.00,Neutra,0.00
0,4,12,-0.99235,-0.03038,0.03623,0.04291,-0.04154,-0.07010,0.00,0.00,0.00,Neutra,0.00
0,4,13,-0.98308,-0.01635,0.01671,0.00702,-0.00367,-0.03955,0.00,0.00,0.00,Neutra,0.00
0,4,14,-0.98545,-0.00750,0.04618,0.01894,-0.00932,-0.02627,0.00,0.00,0.00,Neutra,0.00
0,4,15,-0.98015,-0.01525,0.02068,0.02489,-0.02077,-0.02886,0.00,0.00,0.00,Neutra,0.00
0,4,16,-0.98204,-0.01616,0.02342,-0.00367,-0.00535,-0.02902,0.00,0.00,0.00,Neutra,0.00
0,4,17,-0.98015,-0.00671,0.02959,0.03574,-0.02214,-0.03726,0.00,0.00,0.00,Neutra,0.00
0,4,18,-0.98057,-0.00653,0.03123,0.07391,-0.02764,-0.05345,0.00,0.00,0.00,Neutra,0.00
0,4,19,-0.97850,-0.00049,0.02532,0.03146,-0.01497,-0.05467,0.00,0.00,0.00,Neutra,0.00
0,4,20,-0.97716,-0.00738,0.02678,0.06567,-0.03039,-0.05437,0.00,0.00,0.00,Neutra,0.00
0,4,21,-0.96539,-0.00598,0.02849,0.04841,-0.01985,-0.02947,0.00,0.00,0.00,Neutra,0.00
0,4,22,-0.97039,-0.01171,0.03739,0.04734,-0.00535,-0.00962,0.00,0.00,0.00,Neutra,0.00
0,4,23,-0.96496,-0.02153,0.04349,0.03910,-0.03757,-0.04154,0.00,0.00,0.00,Neutra,0.00
0,4,24,-0.97069,-0.01934,0.01751,0.05620,-0.02474,-0.04184,0.00,0.00,0.00,Neutra,0.00
0,4,25,-0.97423,-0.01921,0.04551,0.04383,-0.02734,-0.06124,0.00,0.00,0.00,Neutra,0.00
0,4,26,-0.97325,-0.01214,0.02409,0.06200,-0.02734,-0.05910,0.00,0.00,0.00,Neutra,0.00
0,4,27,-0.97228,-0.01330,0.02409,0.02596,-0.01374,-0.04887,0.00,0.00,0.00,Neutra,0.00
0,4,28,-0.96862,-0.01214,0.00012,0.05421,-0.03604,-0.04062,0.00,0.00,0.00,Neutra,0.00
0,4,29,-0.97271,-0.01549,0.02190,0.07575,-0.04169,-0.04581,0.00,0.00,0.00,Neutra,0.00
0,4,30,-0.97795,-0.02086,0.04496,0.07117,-0.03864,-0.01634,0.00,0.00,0.00,Neutra,0.00
0,4,31,-0.99332,-0.03831,0.03819,0.06903,-0.02932,-0.02596,0.00,0.00,0.00,Neutra,0.00
0,4,32,-0.98033,-0.03898,0.02861,0.07147,-0.04979,-0.04337,0.00,0.00,0.00,Neutra,0.00
0,4,33,-0.98350,-0.03080,0.03471,0.02917,-0.01741,-0.03696,0.00,0.00,0.00,Neutra,0.00
0,4,34,-0.97917,-0.02696,0.04233,0.04505,-0.00260,-0.04704,0.00,0.00,0.00,Neutra,0.00
0,4,35,-0.97185,-0.02135,0.02123,0.01283,-0.02275,-0.06674,0.00,0.00,0.00,Neutra,0.00
0,4,36,-0.97429,-0.02245,0.03922,0.02413,-0.02321,-0.00519,0.00,0.00,0.00,Neutra,0.00
0,4,37,-0.97740,-0.01891,0.02928,0.06307,-0.06399,-0.03436,0.00,0.00,0.00,Neutra,0.00
0,4,38,-0.98875,-0.01921,0.02013,0.03650,-0.03726,-0.01619,0.00,0.00,0.00,Neutra,0.00
0,4,39,-0.98356,-0.01915,0.02135,0.04948,-0.02841,-0.02566,0.00,0.00,0.00,Neutra,0.00
0,4,40,-0.98027,-0.02611,0.01946,0.07178,-0.05880,-0.01008,0.00,0.00,0.00,Neutra,0.00
0,4,41,-0.96862,-0.02263,0.03233,0.07544,-0.04704,-0.03176,0.00,0.00,0.00,Neutra,0.00
0,4,42,-0.97844,-0.02385,0.02763,0.03742,-0.00244,-0.01512,0.00,0.00,0.00,Neutra,0.00
0,4,43,-0.97942,-0.02257,0.01702,0.04047,-0.06307,-0.04597,0.00,0.00,0.00,Neutra,0.00
0,4,44,-0.98161,-0.02513,0.01147,0.03054,-0.05620,-0.03833,0.00,0.00,0.00,Neutra,0.00
0,4,45,-0.99015,-0.02220,0.04752,0.04520,-0.04551,-0.02886,0.00,0.00,0.00,Neutra,0.00
0,4,46,-0.98936,-0.01763,0.03977,0.05223,-0.04398,-0.03726,0.00,0.00,0.00,Neutra,0.00
0,4,47,-0.98893,-0.02330,0.02434,0.01466,-0.01023,-0.01680,0.00,0.00,0.00,Neutra,0.00
0,4,48,-0.98179,-0.02922,0.02373,0.03436,-0.01939,-0.01008,0.00,0.00,0.00,Neutra,0.00
0,4,49,-0.98332,-0.03904,0.02739,0.02046,-0.04230,-0.03848,0.00,0.00,0.00,Neutra,0.00
0,4,50,-0.98552,-0.02965,0.03080,0.00611,-0.02963,-0.03360,0.00,0.00,0.00,Neutra,0.00
0,4,51,-0.98643,-0.02922,0.02702,0.02489,-0.05009,-0.05101,0.00,0.00,0.00,Neutra,0.00
0,4,52,-0.98204,-0.02714,0.03190,0.01512,-0.03314,-0.04765,0.00,0.00,0.00,Neutra,0.00
0,4,53,-0.97710,-0.00220,0.04044,0.00916,-0.01924,-0.03253,0.00,0.00,0.00,Neutra,0.00
0,4,54,-0.97716,-0.01641,0.03190,0.03146,-0.02779,-0.02352,0.00,0.00,0.00,Neutra,0.00
0,4,55,-0.96929,-0.02025,0.01403,0.02764,-0.06643,-0.03604,0.00,0.00,0.00,Neutra,0.00
0,4,56,-0.97039,-0.02574,0.02031,0.01772,-0.03146,-0.01558,0.00,0.00,0.00,Neutra,0.00
0,4,57,-0.97618,-0.01543,0.02653,0.02337,-0.05162,-0.04123,0.00,0.00,0.00,Neutra,0.00
0,4,58,-0.97142,-0.01153,0.03758,0.01283,-0.03619,-0.07804,0.00,0.00,0.00,Neutra,0.00
0,4,59,-0.97136,-0.00866,0.03587,0.02657,-0.05651,-0.07010,0.00,0.00,0.00,Neutra,0.00
0,4,60,-0.97569,-0.00378,0.02849,0.04230,-0.05238,-0.06567,0.00,0.00,0.00,Neutra,0.00
0,4,61,-0.97649,-0.00146,0.03642,0.00367,-0.01497,-0.01436,0.00,0.00,0.00,Neutra,0.00
0,4,62,-0.97795,-0.00952,0.02202,0.04215,-0.04826,-0.02611,0.00,0.00,0.00,Neutra,0.00
0,4,63,-0.97380,-0.01427,0.03654,0.05635,-0.05727,-0.02230,0.00,0.00,0.00,Neutra,0.00
0,4,64,-0.97588,-0.01610,0.01702,0.03726,-0.04444,-0.00397,0.00,0.00,0.00,Neutra,0.00
0,4,65,-0.98259,-0.01659,0.04990,0.05574,-0.05330,-0.04444,0.00,0.00,0.00,Neutra,0.00
0,4,66,-0.98271,-0.01659,0.04874,0.04734,-0.05085,-0.06048,0.00,0.00,0.00,Neutra,0.00
0,4,67,-0.97966,-0.02635,0.03599,0.03619,-0.04551,-0.06124,0.00,0.00,0.00,Neutra,0.00
0,4,68,-1.00668,-0.01812,0.02812,0.05101,-0.05971,-0.04627,0.00,0.00,0.00,Neutra,0.00
0,4,69,-0.99381,-0.01342,0.02721,0.03146,-0.02764,-0.02871,0.00,0.00,0.00,Neutra,0.00
0,4,70,-0.99546,-0.02214,0.03135,0.02443,-0.03497,-0.00993,0.00,0.00,0.00,Neutra,0.00
0,4,71,-0.98820,-0.02202,0.02660,0.06322,-0.05956,-0.03482,0.00,0.00,0.00,Neutra,0.00
0,4,72,-0.97813,-0.01824,0.03800,0.07162,-0.04291,-0.02138,0.00,0.00,0.00,Neutra,0.00
0,4,73,-0.96941,-0.01854,0.02275,0.03375,-0.03543,-0.02443,0.00,0.00,0.00,Neutra,0.00
0,4,74,-0.97911,-0.02092,0.03904,0.02291,-0.02993,-0.03680,0.00,0.00,0.00,Neutra,0.00
0,4,75,-0.98009,-0.01897,0.01623,0.00657,-0.03115,-0.04414,0.00,0.00,0.00,Neutra,0.00
0,4,76,-0.98234,-0.01342,0.03739,0.00977,-0.02810,-0.02505,0.00,0.00,0.00,Neutra,0.00
0,4,77,-0.98118,-0.00396,0.01714,0.02825,-0.02703,-0.02306,0.00,0.00,0.00,Neutra,0.00
0,4,78,-0.97478,0.00476,0.03916,0.01359,-0.05864,-0.02367,0.00,0.00,0.00,Neutra,0.00
0,4,79,-0.98186,-0.00268,0.02568,0.04016,-0.03238,-0.02230,0.00,0.00,0.00,Neutra,0.00
0,4,80,-0.97179,-0.00128,0.03013,0.06277,-0.03512,-0.02459,0.00,0.00,0.00,Neutra,0.00
0,4,81,-0.98179,-0.00787,0.02470,0.03971,-0.02428,-0.03512,0.00,0.00,0.00,Neutra,0.00
0,4,82,-0.97960,-0.01555,0.01586,0.05101,-0.03161,-0.02642,0.00,0.00,0.00,Neutra,0.00
0,4,83,-0.97307,-0.01745,0.02721,0.06506,-0.03864,-0.03696,0.00,0.00,0.00,Neutra,0.00
0,4,84,-0.97478,-0.02672,0.02586,0.04490,-0.02046,-0.02841,0.00,0.00,0.00,Neutra,0.00
0,4,85,-0.97380,-0.01513,0.01824,0.11408,-0.04581,-0.04994,0.00,0.00,0.00,Neutra,0.00
0,4,86,-0.96984,-0.02928,0.02129,0.06124,-0.07559,-0.03925,0.00,0.00,0.00,Neutra,0.00
0,4,87,-0.97039,-0.02550,0.02196,0.08201,-0.06628,-0.04581,0.00,0.00,0.00,Neutra,0.00
0,4,88,-0.97405,-0.03343,0.02647,0.06674,-0.05834,-0.02795,0.00,0.00,0.00,Neutra,0.00
0,4,89,-0.98003,-0.02934,0.03074,0.04383,-0.05925,-0.01817,0.00,0.00,0.00,Neutra,0.00
0,4,90,-0.97454,-0.03184,0.04166,0.02993,-0.05085,-0.01894,0.00,0.00,0.00,Neutra,0.00
0,4,91,-0.97868,-0.03032,0.02745,0.03665,-0.06475,-0.03207,0.00,0.00,0.00,Neutra,0.00
0,4,92,-0.97624,-0.02159,0.02672,0.02810,-0.05330,-0.02825,0.00,0.00,0.00,Neutra,0.00
0,4,93,-0.98039,-0.01415,0.02550,0.02718,-0.03390,-0.01619,0.00,0.00,0.00,Neutra,0.00
0,4,94,-0.98094,-0.01159,0.02556,0.05559,-0.06781,-0.03161,0.00,0.00,0.00,Neutra,0.00
0,4,95,-0.98301,-0.00958,0.04490,0.01665,-0.02978,-0.00733,0.00,0.00,0.00,Neutra,0.00
0,4,96,-0.98210,-0.01476,0.04368,0.03635,-0.03803,-0.00489,0.00,0.00,0.00,Neutra,0.00
0,4,97,-0.98064,-0.01696,0.02672,0.07330,-0.06597,-0.02443,0.00,0.00,0.00,Neutra,0.00
0,4,98,-0.97728,-0.02019,0.04026,0.07407,-0.06277,-0.02260,0.00,0.00,0.00,Neutra,0.00
0,4,99,-0.99674,-0.02501,0.03373,0.05253,-0.05696,-0.03329,0.00,0.00,0.00,Neutra,0.00
0,4,100,-0.99021,-0.01726,0.02898,0.03039,-0.04811,-0.03604,0.00,0.00,0.00,Neutra,0.00
0,4,101,-0.99894,-0.01415,0.03843,0.02230,-0.02734,-0.03482,0.00,0.00,0.00,Neutra,0.00
0,4,102,-0.98960,-0.01141,0.04154,0.05315,-0.05192,-0.05788,0.00,0.00,0.00,Neutra,0.00
0,4,103,-0.99229,-0.00775,0.03965,0.04291,-0.04536,-0.04215,0.00,0.00,0.00,Neutra,0.00
0,4,104,-0.99351,-0.01635,0.02757,0.02779,-0.01542,-0.01833,0.00,0.00,0.00,Neutra,0.00
0,4,105,-0.99137,-0.01671,0.03190,0.07453,-0.04475,-0.03604,0.00,0.00,0.00,Neutra,0.00
0,4,106,-0.98405,-0.02294,0.01958,0.04246,-0.02443,-0.02764,0.00,0.00,0.00,Neutra,0.00
0,4,107,-0.98844,-0.01934,0.03928,0.04291,-0.01710,-0.03131,0.00,0.00,0.00,Neutra,0.00
0,4,108,-0.99052,-0.01610,0.02306,0.05941,-0.04856,-0.05895,0.00,0.00,0.00,Neutra,0.00
0,4,109,-0.97740,-0.01519,0.02818,0.02352,-0.01955,-0.05040,0.00,0.00,0.00,Neutra,0.00
0,4,110,-0.98057,-0.01982,0.01153,0.01695,-0.02092,-0.03360,0.00,0.00,0.00,Neutra,0.00
0,4,111,-0.96941,-0.01842,0.02977,0.02917,-0.03879,-0.02841,0.00,0.00,0.00,Neutra,0.00
0,4,112,-0.97820,-0.01409,0.03215,0.00412,-0.02123,-0.02902,0.00,0.00,0.00,Neutra,0.00
0,4,113,-0.97716,-0.01616,0.01854,0.03360,-0.03940,-0.02474,0.00,0.00,0.00,Neutra,0.00
0,4,114,-0.97429,-0.01366,0.02507,0.02260,-0.02688,-0.00748,0.00,0.00,0.00,Neutra,0.00
0,4,115,-0.97295,-0.01196,0.02977,0.01649,-0.01772,-0.00458,0.00,0.00,0.00,Neutra,0.00
0,4,116,-0.98436,-0.01238,0.04843,0.01695,-0.03665,-0.02550,0.00,0.00,0.00,Neutra,0.00
0,4,117,-0.99375,-0.01202,0.02672,0.03238,-0.04246,-0.03971,0.00,0.00,0.00,Neutra,0.00
0,4,118,-0.97539,-0.01415,0.02922,0.02062,-0.03543,-0.03024,0.00,0.00,0.00,Neutra,0.00
0,4,119,-0.97454,-0.01501,0.02794,0.05773,-0.06597,-0.04291,0.00,0.00,0.00,Neutra,0.00
0,4,120,-0.97673,-0.01427,0.04404,0.03451,-0.05788,-0.07773,0.00,0.00,0.00,Neutra,0.00
0,4,121,-0.97350,-0.00701,0.02922,0.00550,-0.01772,-0.02001,0.00,0.00,0.00,Neutra,0.00
0,4,122,-0.97136,-0.01013,0.02971,0.05391,-0.05452,-0.04826,0.00,0.00,0.00,Neutra,0.00
0,4,123,-0.97179,-0.01141,0.03873,0.03161,-0.04078,-0.02856,0.00,0.00,0.00,Neutra,0.00
0,4,124,-0.96844,-0.01098,0.03691,0.00596,-0.03833,-0.02825,0.00,0.00,0.00,Neutra,0.00
0,4,125,-0.97112,-0.01287,0.04056,0.04673,-0.05513,-0.02947,0.00,0.00,0.00,Neutra,0.00
0,4,126,-0.96740,-0.01690,0.01952,0.02581,-0.04154,-0.02046,0.00,0.00,0.00,Neutra,0.00
0,4,127,-0.97734,-0.02538,0.05026,0.03176,-0.05818,-0.02611,0.00,0.00,0.00,Neutra,0.00
0,4,128,-0.98289,-0.00775,0.04069,0.02092,-0.05864,-0.07055,0.00,0.00,0.00,Neutra,0.00
0,4,129,-0.97917,-0.01635,0.04020,-0.00321,-0.03344,-0.02123,0.00,0.00,0.00,Neutra,0.00
0,4,130,-0.98667,-0.01061,0.02098,0.01649,-0.04811,-0.04780,0.00,0.00,0.00,Neutra,0.00
0,4,131,-0.98613,-0.01122,0.03965,0.02947,-0.04352,-0.03512,0.00,0.00,0.00,Neutra,0.00
0,4,132,-0.99131,-0.01336,0.03148,0.01069,-0.05360,-0.03482,0.00,0.00,0.00,Neutra,0.00
0,4,133,-0.98759,-0.00525,0.03044,0.04276,-0.04154,-0.03314,0.00,0.00,0.00,Neutra,0.00
0,4,134,-0.98991,-0.00939,0.01745,0.02795,-0.02352,-0.00855,0.00,0.00,0.00,Neutra,0.00
0,4,135,-0.98850,-0.01940,0.02086,0.01023,-0.01848,-0.00718,0.00,0.00,0.00,Neutra,0.00
0,4,136,-0.99070,-0.01616,0.03825,0.04994,-0.05651,-0.04749,0.00,0.00,0.00,Neutra,0.00
0,4,137,-0.98850,-0.01202,0.02007,0.02718,-0.04307,-0.04811,0.00,0.00,0.00,Neutra,0.00
0,4,138,-0.98741,-0.01019,0.03141,0.02016,-0.03344,-0.03803,0.00,0.00,0.00,Neutra,0.00
0,4,139,-0.98966,-0.00842,0.04032,0.03497,-0.03772,-0.04994,0.00,0.00,0.00,Neutra,0.00
0,4,140,-0.98460,-0.01141,0.03575,0.04352,-0.03436,-0.05299,0.00,0.00,0.00,Neutra,0.00
0,4,141,-0.98338,-0.01141,0.02806,0.02398,-0.02169,-0.03665,0.00,0.00,0.00,Neutra,0.00
0,4,142,-0.97496,-0.01031,0.03758,0.04887,-0.03558,-0.04581,0.00,0.00,0.00,Neutra,0.00
0,4,143,-0.98088,-0.00653,0.02635,0.00947,-0.00932,-0.02474,0.00,0.00,0.00,Neutra,0.00
0,4,144,-0.97685,-0.00744,0.03880,0.01405,-0.00901,-0.02611,0.00,0.00,0.00,Neutra,0.00
0,4,145,-0.97136,-0.00610,0.02629,0.03925,-0.04108,-0.04948,0.00,0.00,0.00,Neutra,0.00
0,4,146,-0.96648,-0.00439,0.02385,0.01772,-0.00825,-0.06338,0.00,0.00,0.00,Neutra,0.00
0,4,147,-0.97807,-0.00220,0.04441,0.00443,-0.03528,-0.04093,0.00,0.00,0.00,Neutra,0.00
0,4,148,-0.97447,-0.00317,0.03971,0.06322,-0.05986,-0.07422,0.00,0.00,0.00,Neutra,0.00
0,4,149,-0.98478,-0.00183,0.03520,0.05024,-0.03635,-0.04139,0.00,0.00,0.00,Neutra,0.00
0,4,150,-0.98820,-0.01488,0.04166,0.06918,-0.04032,-0.04536,0.00,0.00,0.00,Neutra,0.00
0,4,151,-0.98918,-0.01793,0.03495,0.05055,-0.03253,-0.03054,0.00,0.00,0.00,Neutra,0.00
0,4,152,-0.99668,-0.02178,0.04447,0.03757,-0.02031,-0.02245,0.00,0.00,0.00,Neutra,0.00
0,4,153,-0.98741,-0.02629,0.02574,0.06674,-0.00229,-0.03650,0.00,0.00,0.00,Neutra,0.00
0,4,154,-0.98295,-0.02172,0.02696,0.03864,-0.03192,-0.04383,0.00,0.00,0.00,Neutra,0.00
0,4,155,-0.98600,-0.02098,0.02690,0.07117,-0.02963,-0.04581,0.00,0.00,0.00,Neutra,0.00
0,4,156,-0.97325,-0.01964,0.02733,0.05009,-0.03238,-0.03192,0.00,0.00,0.00,Neutra,0.00
0,4,157,-0.96343,-0.00939,0.02031,0.02321,-0.01298,-0.02428,0.00,0.00,0.00,Neutra,0.00
0,4,158,-0.96691,-0.01116,0.02422,0.04169,-0.03604,-0.03757,0.00,0.00,0.00,Neutra,0.00
0,4,159,-0.96892,-0.01220,0.02532,0.04123,-0.02505,-0.02596,0.00,0.00,0.00,Neutra,0.00
0,4,160,-0.96880,-0.01232,0.02129,0.07758,-0.04093,-0.03833,0.00,0.00,0.00,Neutra,0.00
0,4,161,-0.97734,-0.02233,0.03141,0.03390,-0.03161,-0.02917,0.00,0.00,0.00,Neutra,0.00
0,4,162,-0.97887,-0.02141,0.03099,0.03604,-0.04597,-0.04811,0.00,0.00,0.00,Neutra,0.00
0,4,163,-0.98308,-0.01915,0.03257,0.01313,-0.01558,-0.04597,0.00,0.00,0.00,Neutra,0.00
0,4,164,-0.98283,-0.02062,0.03727,0.03482,-0.02459,-0.04780,0.00,0.00,0.00,Neutra,0.00
0,4,165,-0.98423,-0.02166,0.03404,0.07651,-0.04429,-0.06445,0.00,0.00,0.00,Neutra,0.00
0,5,1,-0.97472,-0.02495,0.03672,0.05773,-0.03910,-0.03879,0.00,0.00,0.00,Neutra,0.00
0,5,2,-0.98240,-0.02690,0.03721,0.01191,-0.01252,-0.03192,0.00,0.00,0.00,Neutra,0.00
0,5,3,-0.98478,-0.02086,0.04002,0.03222,-0.02810,-0.03283,0.00,0.00,0.00,Neutra,0.00
0,5,4,-0.99814,-0.02196,0.03703,0.04643,-0.05208,-0.06384,0.00,0.00,0.00,Neutra,0.00
0,5,5,-0.98082,-0.02348,0.02464,0.01649,-0.01313,-0.03222,0.00,0.00,0.00,Neutra,0.00
0,5,6,-0.97917,-0.02428,0.03947,0.02886,-0.01100,-0.02535,0.00,0.00,0.00,Neutra,0.00
0,5,7,-0.97539,-0.02751,0.03385,0.02657,-0.02841,-0.06735,0.00,0.00,0.00,Neutra,0.00
0,5,8,-0.97990,-0.02074,0.03099,0.01863,-0.02535,-0.02917,0.00,0.00,0.00,Neutra,0.00
0,5,9,-0.97630,-0.01726,0.04337,0.02947,-0.03757,-0.03894,0.00,0.00,0.00,Neutra,0.00
0,5,10,-0.97740,-0.02800,0.04502,0.04856,-0.05070,-0.04963,0.00,0.00,0.00,Neutra,0.00
0,5,11,-0.98472,-0.01360,0.03831,0.06552,-0.03207,-0.02779,0.00,0.00,0.00,Neutra,0.00
0,5,12,-0.97716,-0.01781,0.03019,0.06567,-0.05895,-0.03543,0.00,0.00,0.00,Neutra,0.00
0,5,13,-0.97252,-0.02922,0.02904,0.04505,-0.03894,-0.01405,0.00,0.00,0.00,Neutra,0.00
0,5,14,-0.97600,-0.02928,0.03361,0.03436,-0.03406,-0.00382,0.00,0.00,0.00,Neutra,0.00
0,5,15,-0.98405,-0.01684,0.03276,0.05055,-0.05605,-0.00535,0.00,0.00,0.00,Neutra,0.00
0,5,16,-0.98259,-0.02306,0.02745,0.01313,-0.02978,-0.03696,0.00,0.00,0.00,Neutra,0.00
0,5,17,-0.96966,-0.01470,0.03410,0.02703,-0.03940,-0.03971,0.00,0.00,0.00,Neutra,0.00
0,5,18,-0.98521,-0.01555,0.02959,0.02520,-0.04719,-0.06277,0.00,0.00,0.00,Neutra,0.00
0,5,19,-0.97698,-0.00854,0.02031,0.02886,-0.04139,-0.05498,0.00,0.00,0.00,Neutra,0.00
0,5,20,-0.98667,-0.01482,0.04044,0.03512,-0.01924,0.01787,0.00,0.00,0.00,Neutra,0.00
0,5,21,-0.97893,-0.02318,0.04276,0.05452,-0.03039,-0.01787,0.00,0.00,0.00,Neutra,0.00
0,5,22,-0.98112,-0.03782,0.03666,0.00229,-0.03665,0.01176,0.00,0.00,0.00,Neutra,0.00
0,5,23,-0.98289,-0.03825,0.04191,-0.00657,-0.01298,-0.01329,0.00,0.00,0.00,Neutra,0.00
0,5,24,-0.97862,-0.02946,0.02306,-0.01436,-0.03406,-0.04688,0.00,0.00,0.00,Neutra,0.00
0,5,25,-0.97502,-0.01189,0.02855,-0.02795,-0.01512,-0.06124,0.00,0.00,0.00,Neutra,0.00
0,5,26,-0.98027,0.00085,0.03569,-0.00015,-0.03146,-0.06490,0.00,0.00,0.00,Neutra,0.00
0,5,27,-0.97838,0.00665,0.04813,0.01558,-0.02505,-0.04352,0.00,0.00,0.00,Neutra,0.00
0,5,28,-0.97637,0.02769,0.02446,0.03344,-0.02489,-0.02077,0.00,0.00,0.00,Neutra,0.00
0,5,29,-0.98625,0.00342,0.04508,0.07071,-0.02138,-0.00779,0.00,0.00,0.00,Neutra,0.00
0,5,30,-0.97673,-0.01183,0.03593,0.07437,-0.03528,-0.03528,0.00,0.00,0.00,Neutra,0.00
0,5,31,-0.98009,-0.02080,0.04752,0.03894,-0.01268,-0.01527,0.00,0.00,0.00,Neutra,0.00
0,5,32,-0.97722,-0.02245,0.03910,0.05559,-0.06231,-0.07132,0.00,0.00,0.00,Neutra,0.00
0,5,33,-0.98076,-0.01732,0.02586,0.04933,-0.03085,-0.11041,0.00,0.00,0.00,Neutra,0.00
0,5,34,-0.98271,-0.00927,0.03764,0.00153,-0.02321,-0.07391,0.00,0.00,0.00,Neutra,0.00
0,5,35,-0.97978,-0.00061,0.03733,0.06139,-0.04169,-0.06903,0.00,0.00,0.00,Neutra,0.00
0,5,36,-0.97777,-0.00848,0.04172,0.07285,-0.03558,-0.04383,0.00,0.00,0.00,Neutra,0.00
0,5,37,-0.97594,-0.01385,0.03074,0.06277,-0.02214,-0.00687,0.00,0.00,0.00,Neutra,0.00
0,5,38,-0.98015,-0.02348,0.04172,0.07743,-0.02978,-0.00244,0.00,0.00,0.00,Neutra,0.00
0,5,39,-0.98082,-0.02959,0.04575,0.06689,-0.02978,-0.01787,0.00,0.00,0.00,Neutra,0.00
0,5,40,-0.99643,-0.03093,0.04758,0.03757,-0.03009,-0.02337,0.00,0.00,0.00,Neutra,0.00
0,5,41,-0.98106,-0.02385,0.02568,0.02795,-0.03680,-0.05727,0.00,0.00,0.00,Neutra,0.00
0,5,42,-0.98759,-0.01757,0.03111,0.02077,-0.03161,-0.05788,0.00,0.00,0.00,Neutra,0.00
0,5,43,-0.97893,-0.00701,0.03831,0.02779,-0.04001,-0.03314,0.00,0.00,0.00,Neutra,0.00
0,5,44,-0.96831,-0.00598,0.00860,0.03986,-0.03543,-0.02657,0.00,0.00,0.00,Neutra,0.00
0,5,45,-0.98588,-0.01183,0.02794,0.03207,-0.02321,-0.00351,0.00,0.00,0.00,Neutra,0.00
0,5,46,-0.99204,-0.00860,0.03453,0.07178,-0.04383,-0.01772,0.00,0.00,0.00,Neutra,0.00
0,5,47,-0.99552,-0.01635,0.02745,0.06170,-0.03009,-0.03024,0.00,0.00,0.00,Neutra,0.00
0,5,48,-0.97386,-0.01427,0.02239,0.04933,-0.00275,-0.03039,0.00,0.00,0.00,Neutra,0.00
0,5,49,-0.97911,-0.02153,0.01629,0.06231,-0.02825,-0.05727,0.00,0.00,0.00,Neutra,0.00
0,5,50,-0.96465,-0.02025,0.01867,0.04780,-0.01558,-0.03833,0.00,0.00,0.00,Neutra,0.00
0,5,51,-0.97008,-0.02227,0.03099,0.04261,-0.02443,-0.02825,0.00,0.00,0.00,Neutra,0.00
0,5,52,-0.97527,-0.02599,0.02178,0.05437,-0.04719,-0.02596,0.00,0.00,0.00,Neutra,0.00
0,5,53,-0.97826,-0.02556,0.01519,0.03299,-0.07590,-0.02810,0.00,0.00,0.00,Neutra,0.00
0,5,54,-0.98893,-0.02233,0.04447,0.05315,-0.04062,-0.04123,0.00,0.00,0.00,Neutra,0.00
0,5,55,-0.98448,-0.01616,0.03416,0.05773,-0.03299,-0.04734,0.00,0.00,0.00,Neutra,0.00
0,5,56,-0.98387,-0.03148,0.02550,0.03864,-0.01481,-0.02459,0.00,0.00,0.00,Neutra,0.00
0,5,57,-0.97576,-0.03392,0.03806,0.05192,-0.03375,-0.04215,0.00,0.00,0.00,Neutra,0.00
0,5,58,-0.97752,-0.03508,0.03831,0.03726,-0.02520,-0.02657,0.00,0.00,0.00,Neutra,0.00
0,5,59,-0.97576,-0.03196,0.03587,0.01130,-0.01359,-0.01359,0.00,0.00,0.00,Neutra,0.00
0,5,60,-0.98716,-0.03398,0.04166,0.02749,-0.02902,-0.02321,0.00,0.00,0.00,Neutra,0.00
0,5,61,-0.98259,-0.01982,0.02879,0.01680,-0.03497,-0.03543,0.00,0.00,0.00,Neutra,0.00
0,5,62,-0.98399,-0.01311,0.03709,0.00733,-0.00428,-0.03115,0.00,0.00,0.00,Neutra,0.00
0,5,63,-0.98064,-0.01403,0.04477,0.03421,-0.02688,-0.03543,0.00,0.00,0.00,Neutra,0.00
0,5,64,-0.97405,-0.01769,0.01806,0.03314,-0.02321,-0.04414,0.00,0.00,0.00,Neutra,0.00
0,5,65,-0.96648,-0.02574,0.02501,0.01313,-0.02718,-0.02749,0.00,0.00,0.00,Neutra,0.00
0,5,66,-0.95721,-0.02251,0.03294,0.03894,-0.04673,-0.03406,0.00,0.00,0.00,Neutra,0.00
0,5,67,-0.97161,-0.02220,0.03569,0.01848,-0.03574,-0.02199,0.00,0.00,0.00,Neutra,0.00
0,5,68,-0.97576,-0.02062,0.02739,0.02291,-0.03589,-0.03711,0.00,0.00,0.00,Neutra,0.00
0,5,69,-0.98375,-0.02068,0.02965,0.03146,-0.05788,-0.07285,0.00,0.00,0.00,Neutra,0.00
0,5,70,-0.99015,-0.00561,0.02806,-0.00489,-0.01008,-0.04902,0.00,0.00,0.00,Neutra,0.00
0,5,71,-0.98448,-0.00311,0.02611,0.02001,-0.03115,-0.04291,0.00,0.00,0.00,Neutra,0.00
0,5,72,-0.98155,-0.00860,0.02824,0.03344,-0.02566,-0.02184,0.00,0.00,0.00,Neutra,0.00
0,5,73,-0.98277,-0.01434,0.02763,0.00779,-0.02963,-0.00244,0.00,0.00,0.00,Neutra,0.00
0,5,74,-0.98015,-0.02208,0.03733,0.03604,-0.04566,0.01130,0.00,0.00,0.00,Neutra,0.00
0,5,75,-0.98100,-0.01842,0.03447,0.02337,-0.03543,-0.01787,0.00,0.00,0.00,Neutra,0.00
0,5,76,-0.98186,-0.02050,0.02623,0.01329,-0.06628,-0.04414,0.00,0.00,0.00,Neutra,0.00
0,5,77,-0.98381,-0.01257,0.02635,0.02016,-0.03787,-0.05192,0.00,0.00,0.00,Neutra,0.00
0,5,78,-0.98747,-0.00732,0.02184,0.01191,-0.04246,-0.05284,0.00,0.00,0.00,Neutra,0.00
0,5,79,-0.98381,-0.00836,0.02422,0.02291,-0.03115,-0.04368,0.00,0.00,0.00,Neutra,0.00
0,5,80,-0.97551,-0.01000,0.02824,0.05880,-0.04948,-0.04032,0.00,0.00,0.00,Neutra,0.00
0,5,81,-0.96947,-0.00750,0.03026,0.04597,-0.02871,-0.01939,0.00,0.00,0.00,Neutra,0.00
0,5,82,-0.97716,-0.01324,0.03117,0.03467,-0.03314,-0.02443,0.00,0.00,0.00,Neutra,0.00
0,5,83,-0.97698,-0.01940,0.04593,0.04994,-0.07147,-0.05544,0.00,0.00,0.00,Neutra,0.00
0,5,84,-0.98070,-0.01757,0.02696,0.02169,-0.01710,-0.03054,0.00,0.00,0.00,Neutra,0.00
0,5,85,-0.98295,-0.01379,0.01903,0.03757,-0.03283,-0.04734,0.00,0.00,0.00,Neutra,0.00
0,5,86,-0.98033,-0.00604,0.03123,0.04627,-0.04872,-0.05849,0.00,0.00,0.00,Neutra,0.00
0,5,87,-0.98009,-0.01208,0.02660,0.02321,-0.02199,-0.02627,0.00,0.00,0.00,Neutra,0.00
0,5,88,-0.97258,-0.01684,0.03581,0.03589,-0.03054,-0.03192,0.00,0.00,0.00,Neutra,0.00
0,5,89,-0.97246,-0.02025,0.01970,0.05925,-0.04078,-0.04337,0.00,0.00,0.00,Neutra,0.00
0,5,90,-0.97106,-0.00299,0.03367,0.01863,-0.00840,-0.02321,0.00,0.00,0.00,Neutra,0.00
0,5,91,-0.97643,-0.02141,0.02891,0.02169,-0.02275,-0.01848,0.00,0.00,0.00,Neutra,0.00
0,5,92,-0.95569,-0.02062,0.02965,0.02459,-0.04032,-0.05559,0.00,0.00,0.00,Neutra,0.00
0,5,93,-0.97478,-0.01769,0.03983,0.02092,-0.03421,-0.02596,0.00,0.00,0.00,Neutra,0.00
0,5,94,-0.97393,-0.01159,0.03538,0.04368,-0.05513,-0.05101,0.00,0.00,0.00,Neutra,0.00
0,5,95,-0.98125,-0.01415,0.03514,0.05009,-0.05330,-0.04414,0.00,0.00,0.00,Neutra,0.00
0,5,96,-0.97862,-0.02129,0.02769,0.03344,-0.03100,-0.02627,0.00,0.00,0.00,Neutra,0.00
0,5,97,-0.98308,-0.02013,0.03190,0.06124,-0.05941,-0.04536,0.00,0.00,0.00,Neutra,0.00
0,5,98,-0.98375,-0.01653,0.03599,0.04856,-0.04887,-0.05131,0.00,0.00,0.00,Neutra,0.00
0,5,99,-0.98667,-0.01775,0.03093,0.02321,-0.00855,-0.02550,0.00,0.00,0.00,Neutra,0.00
0,5,100,-0.98399,-0.01867,0.02233,0.05421,-0.05024,-0.06078,0.00,0.00,0.00,Neutra,0.00
0,5,101,-0.97234,-0.01110,0.02355,0.03406,-0.02321,-0.04520,0.00,0.00,0.00,Neutra,0.00
0,5,102,-0.97356,-0.01653,0.02751,0.04078,-0.02474,-0.03558,0.00,0.00,0.00,Neutra,0.00
0,5,103,-0.96789,-0.01690,0.01909,0.04200,-0.03803,-0.04459,0.00,0.00,0.00,Neutra,0.00
0,5,104,-0.97039,-0.01806,0.02092,0.01374,-0.02046,-0.01038,0.00,0.00,0.00,Neutra,0.00
0,5,105,-0.97307,-0.01610,0.03977,0.01313,-0.01772,-0.01680,0.00,0.00,0.00,Neutra,0.00
0,5,106,-0.97478,-0.01562,0.03007,0.02841,-0.04062,-0.04719,0.00,0.00,0.00,Neutra,0.00
0,5,107,-0.96770,-0.01025,0.03648,0.01527,-0.04811,-0.06200,0.00,0.00,0.00,Neutra,0.00
0,5,108,-0.96837,-0.00165,0.03050,0.04307,-0.04612,-0.06368,0.00,0.00,0.00,Neutra,0.00
0,5,109,-0.96227,-0.00701,0.02843,0.05223,-0.05941,-0.06490,0.00,0.00,0.00,Neutra,0.00
0,5,110,-0.96331,-0.00689,0.02666,0.03283,-0.03696,-0.02550,0.00,0.00,0.00,Neutra,0.00
0,5,111,-0.96795,-0.02086,0.03562,0.05192,-0.06093,-0.03650,0.00,0.00,0.00,Neutra,0.00
0,5,112,-0.97423,-0.01848,0.03288,0.04169,-0.06048,-0.03207,0.00,0.00,0.00,Neutra,0.00
0,5,113,-0.98393,-0.02233,0.03447,0.03726,-0.05009,-0.04352,0.00,0.00,0.00,Neutra,0.00
0,5,114,-0.98472,-0.02397,0.02153,0.06399,-0.07850,-0.07437,0.00,0.00,0.00,Neutra,0.00
0,5,115,-0.98491,-0.02129,0.02050,0.03787,-0.04246,-0.05147,0.00,0.00,0.00,Neutra,0.00
0,5,116,-0.98478,-0.02037,0.03239,0.02749,-0.04047,-0.04398,0.00,0.00,0.00,Neutra,0.00
0,5,117,-0.98905,-0.01879,0.02281,0.05055,-0.07651,-0.06154,0.00,0.00,0.00,Neutra,0.00
0,5,118,-0.98942,-0.01470,0.03910,0.02459,-0.03390,-0.01817,0.00,0.00,0.00,Neutra,0.00
0,5,119,-0.98094,-0.01739,0.01665,0.05009,-0.04032,-0.04933,0.00,0.00,0.00,Neutra,0.00
0,5,120,-0.97551,-0.02233,0.02342,0.05101,-0.00351,-0.03910,0.00,0.00,0.00,Neutra,0.00
0,5,121,-0.97344,-0.02050,0.03294,0.03421,-0.04383,-0.03268,0.00,0.00,0.00,Neutra,0.00
0,5,122,-0.98497,-0.03032,0.02995,0.03314,-0.04246,-0.02520,0.00,0.00,0.00,Neutra,0.00
0,5,123,-0.97954,-0.02812,0.02562,0.01100,-0.04123,-0.04246,0.00,0.00,0.00,Neutra,0.00
0,5,124,-0.99210,-0.01391,0.02159,-0.01726,-0.02734,-0.02764,0.00,0.00,0.00,Neutra,0.00
0,5,125,-0.99338,-0.00762,0.04770,0.00702,-0.03635,-0.04627,0.00,0.00,0.00,Neutra,0.00
0,5,126,-0.98716,-0.00287,0.01189,0.02489,-0.03054,-0.05391,0.00,0.00,0.00,Neutra,0.00
0,5,127,-0.97929,-0.01049,0.03861,0.02321,-0.01512,-0.02505,0.00,0.00,0.00,Neutra,0.00
0,5,128,-0.97826,-0.00970,0.03459,0.06903,-0.01436,-0.03406,0.00,0.00,0.00,Neutra,0.00
0,5,129,-0.98423,-0.01507,0.04008,0.04994,-0.03604,-0.01161,0.00,0.00,0.00,Neutra,0.00
0,5,130,-0.98204,-0.01982,0.02629,0.03711,-0.02352,-0.01374,0.00,0.00,0.00,Neutra,0.00
0,5,131,-0.98015,-0.02263,0.02751,0.05620,-0.06078,-0.07071,0.00,0.00,0.00,Neutra,0.00
0,5,132,-0.97210,-0.01342,0.03770,0.02245,-0.04475,-0.07193,0.00,0.00,0.00,Neutra,0.00
0,5,133,-0.97929,-0.00531,0.03013,0.02871,-0.00855,-0.06506,0.00,0.00,0.00,Neutra,0.00
0,5,134,-0.97350,-0.00409,0.01336,0.04536,-0.04734,-0.07850,0.00,0.00,0.00,Neutra,0.00
0,5,135,-0.96526,-0.00549,0.01421,0.04001,-0.03558,-0.02337,0.00,0.00,0.00,Neutra,0.00
0,5,136,-0.97374,-0.01049,0.03715,0.05895,-0.04322,-0.00550,0.00,0.00,0.00,Neutra,0.00
0,5,137,-0.97990,-0.01806,0.04124,0.05788,-0.05528,-0.01756,0.00,0.00,0.00,Neutra,0.00
0,5,138,-0.98179,-0.02727,0.03099,0.02367,-0.07147,-0.03803,0.00,0.00,0.00,Neutra,0.00
0,5,139,-0.98326,-0.02617,0.02586,0.03009,-0.04627,-0.05253,0.00,0.00,0.00,Neutra,0.00
0,5,140,-0.98204,-0.02409,0.03489,0.03406,-0.04291,-0.05330,0.00,0.00,0.00,Neutra,0.00
0,5,141,-0.97893,-0.01293,0.04477,0.01084,-0.02932,-0.05712,0.00,0.00,0.00,Neutra,0.00
0,5,142,-0.97783,-0.01025,0.02782,0.01237,-0.03009,-0.04154,0.00,0.00,0.00,Neutra,0.00
0,5,143,-0.97502,-0.00830,0.03026,0.04215,-0.05315,-0.04062,0.00,0.00,0.00,Neutra,0.00
0,5,144,-0.97576,-0.01061,0.03727,0.05635,-0.04581,-0.02321,0.00,0.00,0.00,Neutra,0.00
0,5,145,-0.98942,-0.01830,0.04532,0.05651,-0.04749,-0.02596,0.00,0.00,0.00,Neutra,0.00
0,5,146,-0.99772,-0.02013,0.02361,0.05177,-0.04536,-0.03680,0.00,0.00,0.00,Neutra,0.00
0,5,147,-0.98692,-0.02324,0.03251,0.03176,-0.03848,-0.03818,0.00,0.00,0.00,Neutra,0.00
0,5,148,-0.99284,-0.02391,0.02501,0.04780,-0.03848,-0.03879,0.00,0.00,0.00,Neutra,0.00
0,5,149,-0.98643,-0.02123,0.03928,0.02917,-0.04398,-0.04169,0.00,0.00,0.00,Neutra,0.00
0,5,150,-0.97929,-0.00671,0.01702,0.03818,-0.03619,-0.04979,0.00,0.00,0.00,Neutra,0.00
0,5,151,-0.97984,-0.00848,0.03239,0.06170,-0.04322,-0.04414,0.00,0.00,0.00,Neutra,0.00
0,5,152,-0.97722,-0.01074,0.04044,0.05147,-0.03879,-0.04322,0.00,0.00,0.00,Neutra,0.00
0,5,153,-0.98320,-0.01610,0.03068,0.02062,-0.03329,-0.02642,0.00,0.00,0.00,Neutra,0.00
0,5,154,-0.98966,-0.01982,0.03050,0.06597,-0.05925,-0.04688,0.00,0.00,0.00,Neutra,0.00
0,5,155,-0.98155,-0.02141,0.01598,0.06872,-0.05941,-0.04948,0.00,0.00,0.00,Neutra,0.00
0,5,156,-0.99180,-0.02336,0.04410,0.04826,-0.03222,-0.03757,0.00,0.00,0.00,Neutra,0.00
0,5,157,-0.98527,-0.02269,0.03501,0.04933,-0.04459,-0.05880,0.00,0.00,0.00,Neutra,0.00
0,5,158,-0.97820,-0.02525,0.04081,0.06521,-0.02382,-0.04658,0.00,0.00,0.00,Neutra,0.00
0,5,159,-0.99424,-0.01793,0.03770,0.04108,-0.03024,-0.03436,0.00,0.00,0.00,Neutra,0.00
0,5,160,-0.98228,-0.01251,0.03788,0.04154,-0.03711,-0.04536,0.00,0.00,0.00,Neutra,0.00
0,5,161,-0.99131,-0.01946,0.02995,0.03635,-0.02428,-0.02046,0.00,0.00,0.00,Neutra,0.00
0,5,162,-0.98314,-0.02190,0.02391,0.05253,-0.03986,-0.02611,0.00,0.00,0.00,Neutra,0.00
0,5,163,-0.98125,-0.02245,0.01836,0.04261,-0.03925,-0.03100,0.00,0.00,0.00,Neutra,0.00
0,5,164,-0.96886,-0.02483,0.02898,0.02978,-0.03207,-0.02993,0.00,0.00,0.00,Neutra,0.00
0,5,165,-0.97411,-0.02836,0.03056,0.04979,-0.05040,-0.06078,0.00,0.00,0.00,Neutra,0.00
0,5,166,-0.96795,-0.02733,0.01757,0.02275,-0.03253,-0.05101,0.00,0.00,0.00,Neutra,0.00
0,5,167,-0.97112,-0.01836,0.02519,0.03192,-0.03161,-0.05544,0.00,0.00,0.00,Neutra,0.00
0,5,168,-0.97155,-0.00982,0.03910,0.04123,-0.03940,-0.05315,0.00,0.00,0.00,Neutra,0.00
0,5,169,-0.96850,-0.00945,0.03855,0.02932,-0.02841,-0.02535,0.00,0.00,0.00,Neutra,0.00
0,5,170,-0.97673,-0.01476,0.02940,0.03574,-0.02825,-0.01176,0.00,0.00,0.00,Neutra,0.00
0,5,171,-0.96551,-0.02062,0.03288,0.06185,-0.06384,-0.03558,0.00,0.00,0.00,Neutra,0.00
0,5,172,-0.97844,-0.02440,0.04099,0.00993,-0.01542,-0.02214,0.00,0.00,0.00,Neutra,0.00
0,5,173,-0.98356,-0.02940,0.04093,0.02611,-0.03787,-0.03787,0.00,0.00,0.00,Neutra,0.00
0,5,174,-0.98027,-0.02794,0.03989,0.03467,-0.05971,-0.07422,0.00,0.00,0.00,Neutra,0.00
0,5,175,-0.98326,-0.03019,0.03416,0.00382,-0.02535,-0.04826,0.00,0.00,0.00,Neutra,0.00
0,5,176,-0.99332,-0.01110,0.04362,0.03696,-0.04001,-0.05574,0.00,0.00,0.00,Neutra,0.00
0,5,177,-0.99601,-0.01690,0.03916,0.04261,-0.07682,-0.04383,0.00,0.00,0.00,Neutra,0.00
0,5,178,-0.97917,-0.01976,0.03367,0.03283,-0.03894,-0.01283,0.00,0.00,0.00,Neutra,0.00
0,5,179,-0.98137,-0.02062,0.02251,0.05773,-0.07361,-0.03925,0.00,0.00,0.00,Neutra,0.00
0,5,180,-0.98027,-0.02043,0.02965,0.04520,-0.04902,-0.04215,0.00,0.00,0.00,Neutra,0.00
0,5,181,-0.98448,-0.02434,0.04410,0.02627,-0.03558,-0.05437,0.00,0.00,0.00,Neutra,0.00
0,5,182,-0.98277,-0.01976,0.02721,0.05376,-0.01848,-0.06796,0.00,0.00,0.00,Neutra,0.00
0,5,183,-0.97795,-0.02940,0.03276,0.02993,-0.04841,-0.07468,0.00,0.00,0.00,Neutra,0.00
0,5,184,-0.97765,-0.01165,0.02708,0.02123,-0.04383,-0.04398,0.00,0.00,0.00,Neutra,0.00
0,5,185,-0.97771,-0.00500,0.02934,0.04872,-0.04872,-0.03344,0.00,0.00,0.00,Neutra,0.00
0,5,186,-0.96709,-0.00634,0.01708,0.03879,-0.02886,-0.02459,0.00,0.00,0.00,Neutra,0.00
0,6,1,-0.95770,-0.03709,-0.06490,0.04765,-0.04062,-0.05421,0.00,0.00,0.00,adelante,1.00
0,6,2,-0.96520,-0.03898,-0.07027,0.05727,-0.03910,-0.01054,0.00,0.00,0.00,adelante,1.00
0,6,3,-0.97289,-0.05911,-0.08150,0.04261,-0.04429,0.01191,0.00,0.00,0.00,adelante,1.00
0,6,4,-0.98765,-0.04837,-0.07893,0.05605,-0.04581,0.01985,0.00,0.00,0.00,adelante,1.00
0,6,5,-0.98643,-0.06594,-0.08107,0.06200,-0.07025,0.02413,0.00,0.00,0.00,adelante,1.00
0,6,6,-0.98991,-0.06954,-0.08827,0.01909,0.02291,0.06307,0.00,0.00,0.00,adelante,1.00
0,6,7,-0.99204,-0.08546,-0.07027,0.04414,0.00351,0.01756,0.00,0.00,0.00,adelante,1.00
0,6,8,-0.97844,-0.08351,-0.05514,0.03665,-0.00428,-0.00916,0.00,0.00,0.00,adelante,1.00
0,6,9,-0.97838,-0.07741,-0.08296,0.00565,-0.01527,-0.01588,0.00,0.00,0.00,adelante,1.00
0,6,10,-0.99412,-0.07033,-0.05386,-0.00870,-0.01909,-0.01817,0.00,0.00,0.00,adelante,1.00
0,6,11,-0.98149,-0.07613,-0.07143,-0.02031,-0.01817,-0.03070,0.00,0.00,0.00,adelante,1.00
0,6,12,-0.98308,-0.05710,-0.07570,-0.03574,-0.02489,-0.02535,0.00,0.00,0.00,adelante,1.00
0,6,13,-0.97258,-0.05179,-0.07838,0.01573,-0.06078,-0.02993,0.00,0.00,0.00,adelante,1.00
0,6,14,-0.96325,-0.05228,-0.07967,-0.00519,-0.04368,-0.00565,0.00,0.00,0.00,adelante,1.00
0,6,15,-0.96563,-0.04209,-0.07168,-0.01863,-0.04322,0.00870,0.00,0.00,0.00,adelante,1.00
0,6,16,-0.97801,-0.04349,-0.07802,0.00076,-0.05757,-0.00076,0.00,0.00,0.00,adelante,1.00
0,6,17,-0.97960,-0.04056,-0.06728,-0.02550,-0.02046,0.00779,0.00,0.00,0.00,adelante,1.00
0,6,18,-0.98125,-0.03843,-0.07674,-0.00825,-0.03971,-0.02810,0.00,0.00,0.00,adelante,1.00
0,6,19,-0.96917,-0.04026,-0.06368,0.00397,-0.05238,-0.03482,0.00,0.00,0.00,adelante,1.00
0,6,20,-0.95014,-0.04136,-0.07692,-0.01848,-0.05360,-0.00641,0.00,0.00,0.00,adelante,1.00
0,6,21,-0.95727,-0.03202,-0.06021,-0.00428,-0.08415,0.03253,0.00,0.00,0.00,adelante,1.00
0,6,22,-0.94867,-0.05832,-0.05045,-0.01451,-0.11545,0.00137,0.00,0.00,0.00,adelante,1.00
0,6,23,-0.95233,-0.04984,-0.06033,-0.06414,-0.13760,0.00260,0.00,0.00,0.00,adelante,1.00
0,6,24,-0.95532,-0.04374,-0.04929,-0.06277,-0.18433,-0.03024,0.00,0.00,0.00,adelante,1.00
0,6,25,-0.95678,-0.05008,-0.07491,-0.06872,-0.19273,-0.06063,0.00,0.00,0.00,adelante,1.00
0,6,26,-0.94282,-0.04856,-0.06173,-0.08399,-0.22342,-0.10033,0.00,0.00,0.00,adelante,1.00
0,6,27,-0.94111,-0.04587,-0.05484,-0.07834,-0.28482,-0.12660,0.00,0.00,0.00,adelante,1.00
0,6,28,-0.93989,-0.03623,-0.03843,-0.09575,-0.35003,-0.14126,0.00,0.00,0.00,adelante,1.00
0,6,29,-0.92952,-0.01952,-0.05228,-0.11148,-0.33460,-0.14233,0.00,0.00,0.00,adelante,1.00
0,6,30,-0.91714,-0.00762,-0.03733,-0.05192,-0.41844,-0.17685,0.00,0.00,0.00,adelante,1.00
0,6,31,-0.87681,0.00220,-0.03263,-0.03696,-0.49220,-0.18906,0.00,0.00,0.00,adelante,1.00
0,6,32,-0.87572,0.02684,-0.02757,0.01985,-0.61255,-0.15913,0.00,0.00,0.00,adelante,1.00
0,6,33,-0.86181,0.04307,-0.01311,0.05681,-0.72342,-0.10431,0.00,0.00,0.00,adelante,1.00
0,6,34,-0.88395,0.02239,-0.02458,0.08170,-0.78847,-0.01787,0.00,0.00,0.00,adelante,1.00
0,6,35,-0.92598,-0.01098,-0.02867,0.09927,-0.82497,0.02993,0.00,0.00,0.00,adelante,1.00
0,6,36,-0.92494,-0.02525,-0.01598,0.07743,-0.85032,0.04673,0.00,0.00,0.00,adelante,1.00
0,6,37,-0.95026,-0.03270,-0.01708,0.03115,-0.84238,0.08476,0.00,0.00,0.00,adelante,1.00
0,6,38,-0.94276,-0.02458,-0.00238,0.03222,-0.87247,0.05605,0.00,0.00,0.00,adelante,1.00
0,6,39,-0.92653,-0.03660,0.02233,0.04123,-0.90897,0.03421,0.00,0.00,0.00,adelante,1.00
0,6,40,-0.88688,-0.02483,0.05673,0.02184,-0.96685,0.02520,0.00,0.00,0.00,adelante,1.00
0,6,41,-0.87236,-0.03227,0.07540,0.03268,-1.10857,0.01161,0.00,0.00,0.00,adelante,1.00
0,6,42,-0.83716,-0.04941,0.06899,0.01481,-1.24265,-0.01619,0.00,0.00,0.00,adelante,1.00
0,6,43,-0.86278,-0.05600,0.08137,-0.04200,-1.35414,-0.02673,0.00,0.00,0.00,adelante,1.00
0,6,44,-0.89859,-0.07997,0.06948,-0.06750,-1.43110,-0.06857,0.00,0.00,0.00,adelante,1.00
0,6,45,-0.92836,-0.06557,0.07448,-0.14157,-1.42561,-0.12935,0.00,0.00,0.00,adelante,1.00
0,6,46,-0.97966,-0.07735,0.06893,-0.18051,-1.37460,-0.19303,0.00,0.00,0.00,adelante,1.00
0,6,47,-1.01114,-0.05819,0.08351,-0.19196,-1.36421,-0.26771,0.00,0.00,0.00,adelante,1.00
0,6,48,-1.00351,-0.05691,0.08479,-0.22801,-1.28893,-0.29245,0.00,0.00,0.00,adelante,1.00
0,6,49,-0.98021,-0.04685,0.11395,-0.21060,-1.21883,-0.30818,0.00,0.00,0.00,adelante,1.00
0,6,50,-0.95422,-0.04154,0.15866,-0.15669,-1.24326,-0.39126,0.00,0.00,0.00,adelante,1.00
0,6,51,-0.92507,-0.02409,0.20557,-0.14432,-1.28557,-0.43173,0.00,0.00,0.00,adelante,1.00
0,6,52,-0.89005,0.01055,0.24888,-0.13699,-1.38025,-0.36667,0.00,0.00,0.00,adelante,1.00
0,6,53,-0.88340,0.00842,0.24632,-0.11927,-1.49815,-0.31292,0.00,0.00,0.00,adelante,1.00
0,6,54,-0.89963,-0.02202,0.22546,-0.12874,-1.54549,-0.16066,0.00,0.00,0.00,adelante,1.00
0,6,55,-0.89633,-0.04941,0.25632,-0.08491,-1.65025,-0.04856,0.00,0.00,0.00,adelante,1.00
0,6,56,-0.87584,-0.08589,0.25175,-0.14584,-1.72218,0.15379,0.00,0.00,0.00,adelante,1.00
0,6,57,-0.90713,-0.16897,0.13371,-0.23121,-2.03983,0.32330,0.00,0.00,0.00,adelante,1.00
0,6,58,-0.95965,-0.19984,0.29506,-0.30543,-1.78220,0.33857,0.00,0.00,0.00,adelante,1.00
0,6,59,-0.94337,-0.27029,0.34526,-0.46456,-1.74494,0.22816,0.00,0.00,0.00,adelante,1.00
0,6,60,-0.99015,-0.22277,0.39022,-0.71868,-1.72569,0.05681,0.00,0.00,0.00,adelante,1.00
0,6,61,-1.00839,-0.14524,0.40815,-0.71822,-1.67805,-0.23366,0.00,0.00,0.00,adelante,1.00
0,6,62,-1.00607,-0.05844,0.38521,-0.75335,-1.65392,-0.36499,0.00,0.00,0.00,adelante,1.00
0,6,63,-0.99869,-0.00537,0.39351,-0.59529,-1.41858,-0.33262,0.00,0.00,0.00,adelante,1.00
0,6,64,-0.94947,0.01019,0.35685,-0.40638,-1.26464,-0.17211,0.00,0.00,0.00,adelante,1.00
0,6,65,-0.86510,-0.03562,0.35563,-0.33399,-1.23425,0.10599,0.00,0.00,0.00,adelante,1.00
0,6,66,-0.80953,-0.10022,0.39284,-0.33369,-1.25456,0.40149,0.00,0.00,0.00,adelante,1.00
0,6,67,-0.75140,-0.18282,0.43212,-0.44700,-1.31443,0.63148,0.00,0.00,0.00,adelante,1.00
0,6,68,-0.75372,-0.26633,0.46891,-0.66111,-1.34497,0.65622,0.00,0.00,0.00,adelante,1.00
0,6,69,-0.78153,-0.31659,0.50862,-0.86315,-1.46623,0.38011,0.00,0.00,0.00,adelante,1.00
0,6,70,-0.84589,-0.26809,0.52015,-1.10383,-1.55648,-0.02734,0.00,0.00,0.00,adelante,1.00
0,6,71,-0.89170,-0.17873,0.48239,-1.26510,-1.57909,-0.30986,0.00,0.00,0.00,adelante,1.00
0,6,72,-0.96593,-0.08595,0.42108,-1.22387,-1.49219,-0.52046,0.00,0.00,0.00,adelante,1.00
0,6,73,-0.93879,0.00647,0.40608,-1.05924,-1.38483,-0.48823,0.00,0.00,0.00,adelante,1.00
0,6,74,-0.91012,0.03196,0.41962,-0.83719,-1.23792,-0.32574,0.00,0.00,0.00,adelante,1.00
0,6,75,-0.85766,0.00549,0.45970,-0.58719,-1.15102,-0.17562,0.00,0.00,0.00,adelante,1.00
0,6,76,-0.83930,-0.02641,0.47702,-0.44089,-1.08795,-0.02428,0.00,0.00,0.00,adelante,1.00
0,6,77,-0.86443,-0.08095,0.48086,-0.38820,-0.99785,0.12248,0.00,0.00,0.00,adelante,1.00
0,6,78,-0.84253,-0.11139,0.50813,-0.29444,-0.98273,0.16112,0.00,0.00,0.00,adelante,1.00
0,6,79,-0.80032,-0.15067,0.52240,-0.32223,-0.91355,0.16081,0.00,0.00,0.00,adelante,1.00
0,6,80,-0.75646,-0.13170,0.58658,-0.33766,-1.00457,0.07880,0.00,0.00,0.00,adelante,1.00
0,6,81,-0.75713,-0.13835,0.59042,-0.44181,-1.11468,0.06811,0.00,0.00,0.00,adelante,1.00
0,6,82,-0.80239,-0.11139,0.58023,-0.55772,-1.20799,0.06811,0.00,0.00,0.00,adelante,1.00
0,6,83,-0.89310,-0.09449,0.55309,-0.58674,-1.22616,0.04536,0.00,0.00,0.00,adelante,1.00
0,6,84,-0.94032,-0.07582,0.53082,-0.62339,-1.11025,-0.00626,0.00,0.00,0.00,adelante,1.00
0,6,85,-0.97679,-0.04923,0.52167,-0.53374,-0.94822,-0.10950,0.00,0.00,0.00,adelante,1.00
0,6,86,-0.95526,-0.02757,0.55632,-0.38988,-0.88530,-0.25137,0.00,0.00,0.00,adelante,1.00
0,6,87,-0.92061,-0.00561,0.55272,-0.27382,-0.78221,-0.31689,0.00,0.00,0.00,adelante,1.00
0,6,88,-0.88956,-0.00988,0.56157,-0.16020,-0.66829,-0.29780,0.00,0.00,0.00,adelante,1.00
0,6,89,-0.84528,-0.01519,0.58584,0.05024,-0.65363,-0.29658,0.00,0.00,0.00,adelante,1.00
0,6,90,-0.84814,-0.07893,0.57261,0.15776,-0.61056,-0.18158,0.00,0.00,0.00,adelante,1.00
0,6,91,-0.84424,-0.14384,0.57053,0.15195,-0.56383,-0.04780,0.00,0.00,0.00,adelante,1.00
0,6,92,-0.82618,-0.18703,0.62934,0.13958,-0.59086,-0.02275,0.00,0.00,0.00,adelante,1.00
0,6,93,-0.82710,-0.19349,0.63190,0.05391,-0.59880,-0.03024,0.00,0.00,0.00,adelante,1.00
0,6,94,-0.83210,-0.18623,0.64831,-0.02077,-0.61484,-0.07040,0.00,0.00,0.00,adelante,1.00
0,6,95,-0.85132,-0.21350,0.60390,-0.07727,-0.57941,-0.17043,0.00,0.00,0.00,adelante,1.00
0,6,96,-0.88243,-0.21594,0.59512,-0.11912,-0.51496,-0.33369,0.00,0.00,0.00,adelante,1.00
0,6,97,-0.85565,-0.17306,0.61701,-0.12645,-0.46395,-0.39676,0.00,0.00,0.00,adelante,1.00
0,6,98,-0.82539,-0.14933,0.62318,-0.09728,-0.43097,-0.40928,0.00,0.00,0.00,adelante,1.00
0,6,99,-0.77671,-0.11986,0.63129,-0.07269,-0.38057,-0.31704,0.00,0.00,0.00,adelante,1.00
0,6,100,-0.76933,-0.15799,0.63483,0.01863,-0.38714,-0.23213,0.00,0.00,0.00,adelante,1.00
0,6,101,-0.78123,-0.19203,0.65569,0.02581,-0.36530,-0.16173,0.00,0.00,0.00,adelante,1.00
0,6,102,-0.82008,-0.20520,0.64611,-0.04551,-0.30574,-0.10461,0.00,0.00,0.00,adelante,1.00
0,6,103,-0.84863,-0.20703,0.67124,-0.04169,-0.24358,-0.16784,0.00,0.00,0.00,adelante,1.00
0,6,104,-0.82978,-0.16330,0.63739,-0.07086,-0.21716,-0.18219,0.00,0.00,0.00,adelante,1.00
0,6,105,-0.84936,-0.11541,0.63263,-0.04429,-0.13683,-0.12492,0.00,0.00,0.00,adelante,1.00
0,6,106,-0.86522,-0.08571,0.63165,0.02993,-0.07621,-0.04780,0.00,0.00,0.00,adelante,1.00
0,6,107,-0.88493,-0.07546,0.59310,0.09972,0.07880,0.05177,0.00,0.00,0.00,adelante,1.00
0,6,108,-0.90914,-0.10236,0.58188,0.21151,0.20739,0.12645,0.00,0.00,0.00,adelante,1.00
0,6,109,-0.89029,-0.14634,0.61268,0.29077,0.33521,0.11530,0.00,0.00,0.00,adelante,1.00
0,6,110,-0.78983,-0.11175,0.66838,0.33414,0.34132,0.05421,0.00,0.00,0.00,adelante,1.00
0,6,111,-0.79032,-0.16653,0.62250,0.34575,0.31658,-0.01985,0.00,0.00,0.00,adelante,1.00
0,6,112,-0.82820,-0.21075,0.59676,0.34208,0.29596,-0.09667,0.00,0.00,0.00,adelante,1.00
0,6,113,-0.87010,-0.22753,0.56498,0.24328,0.35980,-0.12507,0.00,0.00,0.00,adelante,1.00
0,6,114,-0.90695,-0.21326,0.56260,0.20067,0.41905,-0.18998,0.00,0.00,0.00,adelante,1.00
0,6,115,-0.95624,-0.21399,0.54095,0.18937,0.55665,-0.25595,0.00,0.00,0.00,adelante,1.00
0,6,116,-1.02010,-0.23131,0.52094,0.18570,0.77122,-0.38775,0.00,0.00,0.00,adelante,1.00
0,6,117,-0.86809,-0.12352,0.66307,0.24969,0.88682,-0.52183,0.00,0.00,0.00,adelante,1.00
0,6,118,-0.73291,-0.01812,0.67027,0.36606,0.79810,-0.50671,0.00,0.00,0.00,adelante,1.00
0,6,119,-0.66716,0.03745,0.66935,0.44059,0.70295,-0.28191,0.00,0.00,0.00,adelante,1.00
0,6,120,-0.74036,0.03422,0.59243,0.57834,0.64141,0.06811,0.00,0.00,0.00,adelante,1.00
0,6,121,-0.90817,-0.00586,0.52405,0.69990,0.74831,0.45830,0.00,0.00,0.00,adelante,1.00
0,6,122,-1.04993,-0.07540,0.47409,0.83123,1.01938,0.76358,0.00,0.00,0.00,adelante,1.00
0,6,123,-1.25776,-0.21844,0.39022,0.94516,1.41553,0.81092,0.00,0.00,0.00,adelante,1.00
0,6,124,-1.39153,-0.38332,0.38528,0.96944,2.00028,0.51756,0.00,0.00,0.00,adelante,1.00
0,6,125,-1.28667,-0.49135,0.49142,0.93462,2.51493,-0.00901,0.00,0.00,0.00,adelante,1.00
0,6,126,-0.96185,-0.51606,0.65569,0.72785,2.60045,-0.67852,0.00,0.00,0.00,adelante,1.00
0,6,127,-0.68948,-0.38839,0.76756,0.29184,2.27731,-1.21822,0.00,0.00,0.00,adelante,1.00
0,6,128,-0.54674,-0.19489,0.78861,-0.11713,1.81076,-1.47661,0.00,0.00,0.00,adelante,1.00
0,6,129,-0.57120,0.00067,0.70144,-0.29260,1.41064,-1.49127,0.00,0.00,0.00,adelante,1.00
0,6,130,-0.68753,0.08046,0.55388,-0.31994,1.20921,-1.28618,0.00,0.00,0.00,adelante,1.00
0,6,131,-0.84436,0.09089,0.41163,-0.16448,1.21272,-0.95616,0.00,0.00,0.00,adelante,1.00
0,6,132,-0.99723,0.06234,0.30884,0.05941,1.35429,-0.48121,0.00,0.00,0.00,adelante,1.00
0,6,133,-1.11044,0.03355,0.27224,0.23182,1.65086,0.06521,0.00,0.00,0.00,adelante,1.00
0,6,134,-1.14924,-0.01421,0.28383,0.42012,1.96699,0.56872,0.00,0.00,0.00,adelante,1.00
0,6,135,-1.12472,-0.07710,0.34660,0.60109,2.29594,0.91340,0.00,0.00,0.00,adelante,1.00
0,6,136,-1.11282,-0.12487,0.38345,0.63545,2.61130,1.15973,0.00,0.00,0.00,adelante,1.00
0,6,137,-1.05280,-0.13194,0.43279,0.71563,2.76737,1.22631,0.00,0.00,0.00,adelante,1.00
0,6,138,-0.96124,-0.12346,0.43975,0.70051,2.78570,1.17347,0.00,0.00,0.00,adelante,1.00
0,6,139,-0.87712,-0.10559,0.42242,0.67730,2.65513,1.09895,0.00,0.00,0.00,adelante,1.00
0,6,140,-0.84595,-0.15762,0.37497,0.68218,2.42452,1.03374,0.00,0.00,0.00,adelante,1.00
0,6,141,-0.87230,-0.24912,0.33074,0.57773,2.31380,0.91462,0.00,0.00,0.00,adelante,1.00
0,6,142,-0.89743,-0.32165,0.33123,0.37690,2.25470,0.66645,0.00,0.00,0.00,adelante,1.00
0,6,143,-0.92208,-0.36868,0.29030,0.15715,2.11772,0.27733,0.00,0.00,0.00,adelante,1.00
0,6,144,-0.89084,-0.35112,0.25632,-0.09575,1.93247,-0.16509,0.00,0.00,0.00,adelante,1.00
0,6,145,-0.88023,-0.27596,0.21118,-0.29108,1.70325,-0.51038,0.00,0.00,0.00,adelante,1.00
0,6,146,-0.87102,-0.14268,0.20215,-0.35140,1.46470,-0.73258,0.00,0.00,0.00,adelante,1.00
0,6,147,-0.90646,-0.01818,0.15592,-0.34438,1.42805,-0.65164,0.00,0.00,0.00,adelante,1.00
0,6,148,-0.95020,0.03934,0.12804,-0.26252,1.44760,-0.43356,0.00,0.00,0.00,adelante,1.00
0,6,149,-0.99168,0.03666,0.08058,-0.19548,1.56122,-0.10812,0.00,0.00,0.00,adelante,1.00
0,6,150,-0.96911,0.01360,0.07094,-0.12981,1.67606,0.23396,0.00,0.00,0.00,adelante,1.00
0,6,151,-0.92610,-0.02586,0.07546,-0.02291,1.68034,0.44166,0.00,0.00,0.00,adelante,1.00
0,6,152,-0.91305,-0.07576,0.05496,0.04078,1.61314,0.56597,0.00,0.00,0.00,adelante,1.00
0,6,153,-0.93336,-0.11645,0.05520,-0.01206,1.61956,0.62614,0.00,0.00,0.00,adelante,1.00
0,6,154,-0.91396,-0.14036,0.06112,-0.05574,1.58810,0.56841,0.00,0.00,0.00,adelante,1.00
0,6,155,-0.85351,-0.12261,0.03617,-0.11255,1.47188,0.50427,0.00,0.00,0.00,adelante,1.00
0,6,156,-0.87132,-0.08808,0.04270,-0.13714,1.33627,0.49633,0.00,0.00,0.00,adelante,1.00
0,6,157,-0.90524,-0.09199,-0.00037,-0.09194,1.22478,0.45754,0.00,0.00,0.00,adelante,1.00
0,6,158,-0.92055,-0.10096,-0.02452,-0.16707,1.24143,0.42425,0.00,0.00,0.00,adelante,1.00
0,6,159,-0.88828,-0.10443,-0.01348,-0.17669,1.14950,0.27642,0.00,0.00,0.00,adelante,1.00
0,6,160,-0.89810,-0.10516,-0.02910,-0.18127,1.05008,0.12324,0.00,0.00,0.00,adelante,1.00
0,6,161,-0.86169,-0.09821,-0.03215,-0.27687,0.98120,0.02932,0.00,0.00,0.00,adelante,1.00
0,6,162,-0.82490,-0.07033,-0.05337,-0.27794,0.80619,-0.07453,0.00,0.00,0.00,adelante,1.00
0,6,163,-0.80685,-0.03453,-0.07131,-0.26420,0.63515,-0.10461,0.00,0.00,0.00,adelante,1.00
0,6,164,-0.82734,-0.00189,-0.09138,-0.28298,0.54260,-0.03039,0.00,0.00,0.00,adelante,1.00
0,6,165,-0.87395,0.00067,-0.09736,-0.26786,0.53161,0.06338,0.00,0.00,0.00,adelante,1.00
0,6,166,-0.83960,0.00134,-0.10785,-0.24053,0.39141,0.08842,0.00,0.00,0.00,adelante,1.00
0,6,167,-0.85943,0.00762,-0.11834,-0.22113,0.30467,0.14203,0.00,0.00,0.00,adelante,1.00
0,6,168,-0.88907,0.01800,-0.11596,-0.16386,0.27153,0.23457,0.00,0.00,0.00,adelante,1.00
0,6,169,-0.90646,0.04014,-0.12956,-0.09804,0.26252,0.25733,0.00,0.00,0.00,adelante,1.00
0,6,170,-0.90402,0.04453,-0.12847,-0.02703,0.24480,0.25717,0.00,0.00,0.00,adelante,1.00
0,6,171,-0.89395,0.03117,-0.13036,0.10492,0.16234,0.12294,0.00,0.00,0.00,adelante,1.00
0,6,172,-0.89151,0.01714,-0.12474,0.14218,0.12645,0.11133,0.00,0.00,0.00,adelante,1.00
0,6,173,-0.88127,-0.00390,-0.12316,0.17410,0.05941,0.04337,0.00,0.00,0.00,adelante,1.00
0,6,174,-0.87029,-0.02922,-0.12737,0.19319,-0.03329,0.00443,0.00,0.00,0.00,adelante,1.00
0,6,175,-0.86047,-0.03550,-0.13030,0.15608,-0.12385,-0.00473,0.00,0.00,0.00,adelante,1.00
0,6,176,-0.89377,-0.04538,-0.12901,0.13485,-0.20403,0.02169,0.00,0.00,0.00,adelante,1.00
0,6,177,-0.90292,-0.04111,-0.12731,0.09484,-0.23030,0.00214,0.00,0.00,0.00,adelante,1.00
0,6,178,-0.93867,-0.03385,-0.14201,0.04505,-0.23870,0.00183,0.00,0.00,0.00,adelante,1.00
0,6,179,-0.97307,-0.01879,-0.11639,0.02917,-0.22999,0.02367,0.00,0.00,0.00,adelante,1.00
0,6,180,-0.99552,-0.00403,-0.13725,0.06872,-0.21197,-0.02245,0.00,0.00,0.00,adelante,1.00
0,6,181,-0.99473,-0.01854,-0.13731,0.03604,-0.11148,0.00290,0.00,0.00,0.00,adelante,1.00
0,6,182,-0.98112,-0.02294,-0.13804,0.08476,-0.11698,-0.03222,0.00,0.00,0.00,adelante,1.00
0,6,183,-0.96947,-0.02666,-0.11621,0.08140,-0.15409,-0.02657,0.00,0.00,0.00,adelante,1.00
0,6,184,-0.95276,-0.02861,-0.10718,0.06552,-0.12462,0.00580,0.00,0.00,0.00,adelante,1.00
0,6,185,-0.95648,-0.02477,-0.09632,0.08842,-0.19059,-0.00031,0.00,0.00,0.00,adelante,1.00
0,6,186,-0.96032,-0.02233,-0.10998,0.08094,-0.21197,0.00962,0.00,0.00,0.00,adelante,1.00
0,6,187,-0.97307,-0.02977,-0.11193,0.04566,-0.20036,0.03329,0.00,0.00,0.00,adelante,1.00
0,6,188,-0.97338,-0.02788,-0.10718,0.06292,-0.23106,0.00290,0.00,0.00,0.00,adelante,1.00
0,6,189,-0.97844,-0.03721,-0.14256,0.06200,-0.24480,-0.06765,0.00,0.00,0.00,adelante,1.00
0,7,1,-0.98381,0.00159,-0.10279,0.05773,-0.03711,-0.09453,0.00,0.00,0.00,adelante,1.00
0,7,2,-0.97429,-0.00781,-0.09638,0.07529,-0.00107,-0.03772,0.00,0.00,0.00,adelante,1.00
0,7,3,-0.97722,-0.02251,-0.09888,0.10263,-0.02734,-0.00336,0.00,0.00,0.00,adelante,1.00
0,7,4,-0.97234,-0.03904,-0.09937,0.05605,0.01084,0.04184,0.00,0.00,0.00,adelante,1.00
0,7,5,-0.97136,-0.05514,-0.09992,0.06872,-0.02871,0.01588,0.00,0.00,0.00,adelante,1.00
0,7,6,-0.97179,-0.06887,-0.09803,0.04322,-0.03680,0.01848,0.00,0.00,0.00,adelante,1.00
0,7,7,-0.97521,-0.05447,-0.09803,0.00107,-0.03024,-0.03360,0.00,0.00,0.00,adelante,1.00
0,7,8,-0.97868,-0.04197,-0.08107,0.00428,-0.04734,-0.08690,0.00,0.00,0.00,adelante,1.00
0,7,9,-0.97033,-0.03324,-0.08924,-0.00611,-0.06445,-0.10308,0.00,0.00,0.00,adelante,1.00
0,7,10,-0.96148,-0.03062,-0.07967,-0.01619,-0.05956,-0.08354,0.00,0.00,0.00,adelante,1.00
0,7,11,-0.96990,-0.01269,-0.09241,0.01344,-0.07636,-0.06597,0.00,0.00,0.00,adelante,1.00
0,7,12,-0.98942,-0.00073,-0.10431,0.02764,-0.04963,-0.03329,0.00,0.00,0.00,adelante,1.00
0,7,13,-1.01620,-0.01043,-0.09833,0.06826,-0.02337,-0.03726,0.00,0.00,0.00,adelante,1.00
0,7,14,-0.99906,-0.01555,-0.10260,0.12920,-0.00794,-0.06185,0.00,0.00,0.00,adelante,1.00
0,7,15,-0.98228,-0.03532,-0.10376,0.12049,0.01374,-0.03742,0.00,0.00,0.00,adelante,1.00
0,7,16,-0.95355,-0.04240,-0.09650,0.08995,0.01451,-0.01634,0.00,0.00,0.00,adelante,1.00
0,7,17,-0.95422,-0.05606,-0.09577,0.04352,0.00458,0.00886,0.00,0.00,0.00,adelante,1.00
0,7,18,-0.94416,-0.05295,-0.10797,0.02657,-0.05315,0.00122,0.00,0.00,0.00,adelante,1.00
0,7,19,-0.95154,-0.05362,-0.10059,0.01512,-0.06368,0.00901,0.00,0.00,0.00,adelante,1.00
0,7,20,-0.95209,-0.05026,-0.08815,0.02245,-0.11438,-0.02260,0.00,0.00,0.00,adelante,1.00
0,7,21,-0.94257,-0.04209,-0.08455,-0.00351,-0.12004,-0.03910,0.00,0.00,0.00,adelante,1.00
0,7,22,-0.98521,-0.02507,-0.09894,0.04169,-0.13912,-0.06826,0.00,0.00,0.00,adelante,1.00
0,7,23,-0.99625,-0.02159,-0.08924,0.09545,-0.12614,-0.12065,0.00,0.00,0.00,adelante,1.00
0,7,24,-0.99845,-0.03886,-0.08760,0.06185,-0.04490,-0.12462,0.00,0.00,0.00,adelante,1.00
0,7,25,-0.98985,-0.04618,-0.08723,0.09423,-0.06154,-0.12523,0.00,0.00,0.00,adelante,1.00
0,7,26,-0.97246,-0.04563,-0.09150,0.07101,-0.05651,-0.07590,0.00,0.00,0.00,adelante,1.00
0,7,27,-0.95300,-0.06179,-0.08955,0.03146,-0.04948,-0.03390,0.00,0.00,0.00,adelante,1.00
0,7,28,-0.92885,-0.03324,-0.06490,0.03940,-0.11438,0.05406,0.00,0.00,0.00,adelante,1.00
0,7,29,-0.90737,-0.02775,-0.07351,0.02841,-0.17425,0.10751,0.00,0.00,0.00,adelante,1.00
0,7,30,-0.91128,-0.03800,-0.07729,0.03848,-0.23931,0.12095,0.00,0.00,0.00,adelante,1.00
0,7,31,-0.93062,-0.06112,-0.08863,0.06246,-0.28894,0.06139,0.00,0.00,0.00,adelante,1.00
0,7,32,-0.95355,-0.06905,-0.07546,0.02352,-0.29062,-0.00473,0.00,0.00,0.00,adelante,1.00
0,7,33,-0.94867,-0.07649,-0.08198,0.01100,-0.32009,-0.11316,0.00,0.00,0.00,adelante,1.00
0,7,34,-0.92952,-0.05520,-0.07143,-0.00076,-0.36224,-0.17837,0.00,0.00,0.00,adelante,1.00
0,7,35,-0.91018,-0.01690,-0.05649,-0.02550,-0.42104,-0.17303,0.00,0.00,0.00,adelante,1.00
0,7,36,-0.88981,-0.02422,-0.06069,0.02963,-0.51374,-0.15073,0.00,0.00,0.00,adelante,1.00
0,7,37,-0.86169,-0.02324,-0.03526,0.00397,-0.61499,-0.08781,0.00,0.00,0.00,adelante,1.00
0,7,38,-0.84650,-0.03776,-0.02843,-0.01833,-0.72143,-0.04948,0.00,0.00,0.00,adelante,1.00
0,7,39,-0.83979,-0.03068,0.00427,0.01115,-0.82360,-0.05315,0.00,0.00,0.00,adelante,1.00
0,7,40,-0.86894,-0.00177,-0.00897,0.07147,-1.00625,-0.15592,0.00,0.00,0.00,adelante,1.00
0,7,41,-0.84936,-0.02818,0.00470,0.14157,-1.14507,-0.21060,0.00,0.00,0.00,adelante,1.00
0,7,42,-0.85522,-0.02123,0.02727,0.17440,-1.30832,-0.32391,0.00,0.00,0.00,adelante,1.00
0,7,43,-0.83033,-0.00683,0.04331,0.21121,-1.48318,-0.39676,0.00,0.00,0.00,adelante,1.00
0,7,44,-0.85577,0.00250,0.03922,0.18906,-1.60077,-0.37034,0.00,0.00,0.00,adelante,1.00
0,7,45,-0.93446,-0.02373,0.03959,0.20296,-1.64353,-0.29871,0.00,0.00,0.00,adelante,1.00
0,7,46,-0.95831,-0.07271,0.05264,0.13302,-1.55374,-0.18845,0.00,0.00,0.00,adelante,1.00
0,7,47,-0.96618,-0.10199,0.06301,0.02627,-1.49906,-0.11301,0.00,0.00,0.00,adelante,1.00
0,7,48,-1.02218,-0.05948,0.06515,-0.00412,-1.47341,-0.03864,0.00,0.00,0.00,adelante,1.00
0,7,49,-1.02791,-0.02971,0.06173,0.00168,-1.37261,0.00870,0.00,0.00,0.00,adelante,1.00
0,7,50,-0.98015,0.01952,0.13438,0.06903,-1.31428,0.02611,0.00,0.00,0.00,adelante,1.00
0,7,51,-0.94178,0.05276,0.15158,0.17471,-1.35429,0.04749,0.00,0.00,0.00,adelante,1.00
0,7,52,-0.85113,0.05874,0.18330,0.25702,-1.42316,0.08125,0.00,0.00,0.00,adelante,1.00
0,7,53,-0.83735,0.07412,0.17226,0.34712,-1.59253,0.14523,0.00,0.00,0.00,adelante,1.00
0,7,54,-0.89109,0.03648,0.14762,0.42196,-1.68034,0.25320,0.00,0.00,0.00,adelante,1.00
0,7,55,-0.92256,-0.03428,0.13664,0.43463,-1.65789,0.29062,0.00,0.00,0.00,adelante,1.00
0,7,56,-0.98204,-0.11303,0.13749,0.40791,-1.65178,0.27703,0.00,0.00,0.00,adelante,1.00
0,7,57,-1.06994,-0.15811,0.16165,0.36789,-1.52518,0.14233,0.00,0.00,0.00,adelante,1.00
0,7,58,-1.06628,-0.14847,0.22942,0.26053,-1.37582,-0.10232,0.00,0.00,0.00,adelante,1.00
0,7,59,-1.01376,-0.06728,0.31494,0.24404,-1.38437,-0.36072,0.00,0.00,0.00,adelante,1.00
0,7,60,-0.94642,-0.00525,0.30793,0.19426,-1.42729,-0.48640,0.00,0.00,0.00,adelante,1.00
0,7,61,-0.90914,0.04941,0.33343,0.22388,-1.50456,-0.48884,0.00,0.00,0.00,adelante,1.00
0,7,62,-0.87736,0.03642,0.31616,0.27779,-1.57145,-0.36927,0.00,0.00,0.00,adelante,1.00
0,7,63,-0.84247,-0.03715,0.33635,0.26389,-1.63972,-0.27351,0.00,0.00,0.00,adelante,1.00
0,7,64,-0.84522,-0.13518,0.31067,0.14966,-1.72111,-0.13134,0.00,0.00,0.00,adelante,1.00
0,7,65,-0.89383,-0.21966,0.30646,0.03314,-1.83748,-0.17455,0.00,0.00,0.00,adelante,1.00
0,7,66,-0.92141,-0.19172,0.36588,-0.09392,-1.81946,-0.28741,0.00,0.00,0.00,adelante,1.00
0,7,67,-0.98228,-0.14280,0.38808,-0.19563,-1.79854,-0.38393,0.00,0.00,0.00,adelante,1.00
0,7,68,-1.03865,-0.05649,0.40047,-0.21289,-1.73562,-0.42761,0.00,0.00,0.00,adelante,1.00
0,7,69,-1.06665,-0.03977,0.37728,-0.17959,-1.51357,-0.44929,0.00,0.00,0.00,adelante,1.00
0,7,70,-1.05158,-0.01921,0.42438,-0.11530,-1.31718,-0.34529,0.00,0.00,0.00,adelante,1.00
0,7,71,-1.00455,-0.02513,0.43035,-0.04276,-1.17637,-0.22831,0.00,0.00,0.00,adelante,1.00
0,7,72,-0.93818,-0.02184,0.47001,0.00260,-1.11605,-0.09560,0.00,0.00,0.00,adelante,1.00
0,7,73,-0.92885,-0.08973,0.43700,0.02474,-1.09956,0.03421,0.00,0.00,0.00,adelante,1.00
0,7,74,-0.88395,-0.14366,0.47934,-0.03528,-1.03297,0.11301,0.00,0.00,0.00,adelante,1.00
0,7,75,-0.85132,-0.20374,0.46836,-0.16157,-1.06031,0.18219,0.00,0.00,0.00,adelante,1.00
0,7,76,-0.81398,-0.27340,0.47330,-0.32437,-1.10903,0.17959,0.00,0.00,0.00,adelante,1.00
0,7,77,-0.78025,-0.32470,0.52173,-0.51450,-1.16645,0.09056,0.00,0.00,0.00,adelante,1.00
0,7,78,-0.77610,-0.30476,0.55156,-0.69425,-1.25716,-0.10293,0.00,0.00,0.00,adelante,1.00
0,7,79,-0.83594,-0.24912,0.56968,-0.86239,-1.37536,-0.32193,0.00,0.00,0.00,adelante,1.00
0,7,80,-0.94428,-0.16019,0.53125,-0.99968,-1.29855,-0.44456,0.00,0.00,0.00,adelante,1.00
0,7,81,-1.04042,-0.04740,0.49093,-1.00548,-1.12460,-0.48487,0.00,0.00,0.00,adelante,1.00
0,7,82,-1.08830,-0.00128,0.43761,-0.85872,-0.79748,-0.43524,0.00,0.00,0.00,adelante,1.00
0,7,83,-1.01455,-0.01330,0.44652,-0.63454,-0.51664,-0.37645,0.00,0.00,0.00,adelante,1.00
0,7,84,-0.91030,-0.09010,0.48818,-0.50473,-0.38882,-0.30620,0.00,0.00,0.00,adelante,1.00
0,7,85,-0.79837,-0.16690,0.53802,-0.52886,-0.40607,-0.34208,0.00,0.00,0.00,adelante,1.00
0,7,86,-0.73511,-0.20844,0.57596,-0.68829,-0.49923,-0.40149,0.00,0.00,0.00,adelante,1.00
0,7,87,-0.78446,-0.20789,0.56431,-0.80604,-0.62705,-0.54275,0.00,0.00,0.00,adelante,1.00
0,7,88,-0.73731,-0.14207,0.58902,-0.85720,-0.69929,-0.60277,0.00,0.00,0.00,adelante,1.00
0,7,89,-0.75591,-0.11956,0.55882,-0.89965,-0.77427,-0.59666,0.00,0.00,0.00,adelante,1.00
0,7,90,-0.83271,-0.03569,0.56291,-0.80863,-0.83337,-0.51618,0.00,0.00,0.00,adelante,1.00
0,7,91,-0.87620,0.00256,0.52515,-0.68600,-0.76541,-0.26450,0.00,0.00,0.00,adelante,1.00
0,7,92,-0.91323,-0.03202,0.50227,-0.49694,-0.62843,-0.07208,0.00,0.00,0.00,adelante,1.00
0,7,93,-0.90073,-0.06966,0.54003,-0.34529,-0.49480,0.01558,0.00,0.00,0.00,adelante,1.00
0,7,94,-0.88261,-0.12359,0.54217,-0.20831,-0.41707,-0.01848,0.00,0.00,0.00,adelante,1.00
0,7,95,-0.90426,-0.18019,0.54516,-0.13363,-0.31185,-0.13760,0.00,0.00,0.00,adelante,1.00
0,7,96,-0.87443,-0.18764,0.55864,-0.03299,-0.31047,-0.28268,0.00,0.00,0.00,adelante,1.00
0,7,97,-0.80148,-0.16293,0.61146,-0.08140,-0.27825,-0.27077,0.00,0.00,0.00,adelante,1.00
0,7,98,-0.78550,-0.15183,0.59054,-0.07437,-0.34774,-0.23488,0.00,0.00,0.00,adelante,1.00
0,7,99,-0.77610,-0.13713,0.59786,-0.06414,-0.35644,-0.05635,0.00,0.00,0.00,adelante,1.00
0,7,100,-0.81124,-0.14219,0.56401,-0.09911,-0.31383,0.16173,0.00,0.00,0.00,adelante,1.00
0,7,101,-0.83393,-0.12584,0.57724,-0.05116,-0.30543,0.34102,0.00,0.00,0.00,adelante,1.00
0,7,102,-0.85876,-0.12554,0.56700,0.01558,-0.25000,0.45968,0.00,0.00,0.00,adelante,1.00
0,7,103,-0.87029,-0.15878,0.57242,0.10339,-0.15104,0.45433,0.00,0.00,0.00,adelante,1.00
0,7,104,-0.90695,-0.20703,0.55321,0.17104,-0.08690,0.27749,0.00,0.00,0.00,adelante,1.00
0,7,105,-0.90707,-0.21777,0.55815,0.21533,0.00550,0.05116,0.00,0.00,0.00,adelante,1.00
0,7,106,-0.87443,-0.21112,0.56791,0.23045,0.07055,-0.12935,0.00,0.00,0.00,adelante,1.00
0,7,107,-0.83613,-0.17696,0.58621,0.24542,0.08842,-0.18922,0.00,0.00,0.00,adelante,1.00
0,7,108,-0.84076,-0.16086,0.58456,0.19731,0.13042,-0.12187,0.00,0.00,0.00,adelante,1.00
0,7,109,-0.88102,-0.11932,0.56602,0.22358,0.21625,0.04505,0.00,0.00,0.00,adelante,1.00
0,7,110,-0.95514,-0.09711,0.53656,0.32727,0.34147,0.23900,0.00,0.00,0.00,adelante,1.00
0,7,111,-1.01528,-0.12737,0.49886,0.42043,0.60399,0.38820,0.00,0.00,0.00,adelante,1.00
0,7,112,-0.93141,-0.14256,0.57859,0.58445,0.78817,0.37446,0.00,0.00,0.00,adelante,1.00
0,7,113,-0.79886,-0.14701,0.62775,0.71700,0.74083,0.27504,0.00,0.00,0.00,adelante,1.00
0,7,114,-0.72633,-0.13707,0.64026,0.61942,0.63133,0.28191,0.00,0.00,0.00,adelante,1.00
0,7,115,-0.78995,-0.14713,0.57340,0.51862,0.59651,0.33827,0.00,0.00,0.00,adelante,1.00
0,7,116,-0.93446,-0.11254,0.50111,0.52534,0.67027,0.43142,0.00,0.00,0.00,adelante,1.00
0,7,117,-1.13667,-0.12468,0.38741,0.54489,0.94363,0.54413,0.00,0.00,0.00,adelante,1.00
0,7,118,-1.30040,-0.20484,0.34038,0.63667,1.43523,0.58887,0.00,0.00,0.00,adelante,1.00
0,7,119,-1.27734,-0.27438,0.37991,0.78573,1.94179,0.37446,0.00,0.00,0.00,adelante,1.00
0,7,120,-1.13088,-0.28139,0.48574,0.78145,2.21546,0.05498,0.00,0.00,0.00,adelante,1.00
0,7,121,-0.94385,-0.21527,0.60658,0.71593,2.18537,-0.22068,0.00,0.00,0.00,adelante,1.00
0,7,122,-0.83180,-0.13066,0.63745,0.56352,2.09099,-0.37645,0.00,0.00,0.00,adelante,1.00
0,7,123,-0.75640,-0.04795,0.63452,0.38194,1.92453,-0.31368,0.00,0.00,0.00,adelante,1.00
0,7,124,-0.75975,0.02775,0.57572,0.35659,1.72997,-0.16997,0.00,0.00,0.00,adelante,1.00
0,7,125,-0.80978,0.05557,0.50673,0.32865,1.69347,0.18097,0.00,0.00,0.00,adelante,1.00
0,7,126,-0.89255,0.02477,0.41431,0.32559,1.77609,0.53894,0.00,0.00,0.00,adelante,1.00
0,7,127,-0.97374,-0.02910,0.38131,0.31383,1.93156,0.97265,0.00,0.00,0.00,adelante,1.00
0,7,128,-1.02944,-0.10663,0.31915,0.29535,2.06136,1.26495,0.00,0.00,0.00,adelante,1.00
0,7,129,-1.03895,-0.14445,0.32964,0.30559,2.20049,1.43477,0.00,0.00,0.00,adelante,1.00
0,7,130,-1.01553,-0.18654,0.33471,0.32147,2.21698,1.32695,0.00,0.00,0.00,adelante,1.00
0,7,131,-0.97051,-0.17861,0.33257,0.33399,2.18171,1.04259,0.00,0.00,0.00,adelante,1.00
0,7,132,-0.96331,-0.13896,0.35667,0.36377,2.11543,0.64630,0.00,0.00,0.00,adelante,1.00
0,7,133,-0.95666,-0.09998,0.34801,0.39584,2.01983,0.16096,0.00,0.00,0.00,adelante,1.00
0,7,134,-0.93403,-0.08503,0.33251,0.30895,1.97264,-0.11515,0.00,0.00,0.00,adelante,1.00
0,7,135,-0.90109,-0.06496,0.30549,0.21793,1.81534,-0.35812,0.00,0.00,0.00,adelante,1.00
0,7,136,-0.85973,-0.04355,0.29402,0.09178,1.65621,-0.38546,0.00,0.00,0.00,adelante,1.00
0,7,137,-0.87639,-0.02178,0.25467,0.02245,1.57130,-0.35934,0.00,0.00,0.00,adelante,1.00
0,7,138,-0.89908,-0.04471,0.21649,0.00473,1.55404,-0.30788,0.00,0.00,0.00,adelante,1.00
0,7,139,-0.92104,-0.02714,0.17519,-0.01619,1.58275,-0.28986,0.00,0.00,0.00,adelante,1.00
0,7,140,-0.92238,-0.01171,0.15817,-0.02627,1.52823,-0.30467,0.00,0.00,0.00,adelante,1.00
0,7,141,-0.92116,0.00433,0.13548,-0.01741,1.46348,-0.28588,0.00,0.00,0.00,adelante,1.00
0,7,142,-0.90237,0.01970,0.10224,-0.01374,1.40178,-0.18860,0.00,0.00,0.00,adelante,1.00
0,7,143,-0.90249,0.05655,0.10675,0.05299,1.35643,-0.03146,0.00,0.00,0.00,adelante,1.00
0,7,144,-0.90036,0.07125,0.08729,0.22541,1.25151,0.11500,0.00,0.00,0.00,adelante,1.00
0,7,145,-0.90274,0.02678,0.07936,0.29673,1.25609,0.29108,0.00,0.00,0.00,adelante,1.00
0,7,146,-0.88175,-0.00628,0.07174,0.33704,1.20844,0.35216,0.00,0.00,0.00,adelante,1.00
0,7,147,-0.87517,-0.04947,0.07430,0.32513,1.10108,0.38255,0.00,0.00,0.00,adelante,1.00
0,7,148,-0.91793,-0.08674,0.04362,0.21426,1.05939,0.36255,0.00,0.00,0.00,adelante,1.00
0,7,149,-0.93452,-0.10834,0.03989,0.13515,1.01908,0.25443,0.00,0.00,0.00,adelante,1.00
0,7,150,-0.95422,-0.11303,0.03684,0.05147,1.00930,0.08980,0.00,0.00,0.00,adelante,1.00
0,7,151,-0.94501,-0.08918,0.02202,-0.03879,0.94348,-0.11286,0.00,0.00,0.00,adelante,1.00
0,7,152,-0.96258,-0.05405,0.01934,-0.06368,0.84483,-0.18876,0.00,0.00,0.00,adelante,1.00
0,7,153,-0.95056,-0.03691,-0.00256,-0.05666,0.80481,-0.21900,0.00,0.00,0.00,adelante,1.00
0,7,154,-0.91744,-0.02501,0.00671,-0.04963,0.76862,-0.21701,0.00,0.00,0.00,adelante,1.00
0,7,155,-0.91183,-0.02196,-0.00720,-0.02673,0.71212,-0.21701,0.00,0.00,0.00,adelante,1.00
0,7,156,-0.91421,-0.03154,-0.00976,-0.06307,0.65760,-0.19975,0.00,0.00,0.00,adelante,1.00
0,7,157,-0.91396,-0.03068,-0.02995,-0.10033,0.62232,-0.17486,0.00,0.00,0.00,adelante,1.00
0,7,158,-0.91110,-0.02940,-0.04544,-0.06994,0.52916,-0.20815,0.00,0.00,0.00,adelante,1.00
0,7,159,-0.91421,-0.04301,-0.05691,-0.10446,0.50060,-0.17440,0.00,0.00,0.00,adelante,1.00
0,7,160,-0.89517,-0.01214,-0.04752,-0.10828,0.45387,-0.14966,0.00,0.00,0.00,adelante,1.00
0,7,161,-0.88566,0.00098,-0.04996,-0.07834,0.35522,-0.07453,0.00,0.00,0.00,adelante,1.00
0,8,1,-0.98137,0.00732,-0.13402,0.07789,-0.02138,-0.04062,0.00,0.00,0.00,adelante,1.00
0,8,2,-0.97893,-0.02477,-0.11291,0.11393,0.00137,0.02459,0.00,0.00,0.00,adelante,1.00
0,8,3,-0.93751,-0.04715,-0.12560,0.10492,-0.03451,0.06521,0.00,0.00,0.00,adelante,1.00
0,8,4,-0.95233,-0.05051,-0.11004,0.04658,-0.03986,0.10919,0.00,0.00,0.00,adelante,1.00
0,8,5,-0.94257,-0.06051,-0.11651,0.03818,-0.05941,0.12630,0.00,0.00,0.00,adelante,1.00
0,8,6,-0.94770,-0.04904,-0.12938,-0.01252,-0.11270,0.04215,0.00,0.00,0.00,adelante,1.00
0,8,7,-0.98106,-0.04569,-0.11163,-0.03009,-0.12431,0.04184,0.00,0.00,0.00,adelante,1.00
0,8,8,-0.99845,-0.04026,-0.12255,-0.01145,-0.12614,-0.03207,0.00,0.00,0.00,adelante,1.00
0,8,9,-0.99399,-0.02300,-0.12651,-0.03558,-0.06704,-0.05544,0.00,0.00,0.00,adelante,1.00
0,8,10,-0.98625,-0.01964,-0.12108,-0.00290,-0.05681,-0.06903,0.00,0.00,0.00,adelante,1.00
0,8,11,-0.97746,-0.01769,-0.10626,0.02245,-0.07941,-0.07223,0.00,0.00,0.00,adelante,1.00
0,8,12,-0.96221,-0.00903,-0.12371,0.00168,-0.06964,-0.02367,0.00,0.00,0.00,adelante,1.00
0,8,13,-0.97691,-0.01928,-0.10901,0.00733,-0.07605,0.02138,0.00,0.00,0.00,adelante,1.00
0,8,14,-0.96307,-0.02940,-0.10455,0.00687,-0.09942,0.04047,0.00,0.00,0.00,adelante,1.00
0,8,15,-0.97399,-0.02324,-0.11358,-0.02718,-0.12309,0.04872,0.00,0.00,0.00,adelante,1.00
0,8,16,-0.97576,-0.01989,-0.11584,-0.00611,-0.12263,0.05162,0.00,0.00,0.00,adelante,1.00
0,8,17,-0.99619,-0.01982,-0.13274,0.00641,-0.09560,0.00458,0.00,0.00,0.00,adelante,1.00
0,8,18,-1.00235,-0.01940,-0.11633,-0.01512,-0.07086,-0.02841,0.00,0.00,0.00,adelante,1.00
0,8,19,-0.98985,-0.01970,-0.11883,0.02841,-0.06979,-0.04261,0.00,0.00,0.00,adelante,1.00
0,8,20,-0.99210,-0.02013,-0.11810,0.03757,-0.04261,-0.06933,0.00,0.00,0.00,adelante,1.00
0,8,21,-0.97502,-0.01501,-0.11248,-0.00993,-0.03604,-0.05712,0.00,0.00,0.00,adelante,1.00
0,8,22,-0.95904,-0.01903,-0.11010,0.01741,-0.08598,-0.05742,0.00,0.00,0.00,adelante,1.00
0,8,23,-0.95209,-0.01281,-0.12468,-0.01573,-0.09591,-0.01848,0.00,0.00,0.00,adelante,1.00
0,8,24,-0.95526,-0.01928,-0.10687,-0.01298,-0.11194,0.01176,0.00,0.00,0.00,adelante,1.00
0,8,25,-0.94654,-0.02763,-0.12102,-0.01130,-0.12416,0.03176,0.00,0.00,0.00,adelante,1.00
0,8,26,-0.96349,-0.01897,-0.12584,-0.03222,-0.14080,0.01573,0.00,0.00,0.00,adelante,1.00
0,8,27,-0.99375,-0.01812,-0.09729,-0.02001,-0.13271,-0.00641,0.00,0.00,0.00,adelante,1.00
0,8,28,-0.98521,-0.00860,-0.11736,-0.01313,-0.11072,-0.02581,0.00,0.00,0.00,adelante,1.00
0,8,29,-0.97935,-0.01574,-0.11236,-0.04780,-0.09865,-0.06536,0.00,0.00,0.00,adelante,1.00
0,8,30,-0.98423,-0.00531,-0.11315,-0.01466,-0.11637,-0.08628,0.00,0.00,0.00,adelante,1.00
0,8,31,-0.96203,0.00701,-0.08168,0.00183,-0.13790,-0.10095,0.00,0.00,0.00,adelante,1.00
0,8,32,-0.93769,0.00317,-0.08272,0.02734,-0.18784,-0.09102,0.00,0.00,0.00,adelante,1.00
0,8,33,-0.92470,-0.01653,-0.07302,0.03161,-0.27306,-0.08063,0.00,0.00,0.00,adelante,1.00
0,8,34,-0.92622,-0.04435,-0.08503,0.01542,-0.32758,-0.08384,0.00,0.00,0.00,adelante,1.00
0,8,35,-0.93025,-0.06686,-0.07351,-0.05696,-0.39752,-0.11683,0.00,0.00,0.00,adelante,1.00
0,8,36,-0.92324,-0.04740,-0.06710,-0.11072,-0.49831,-0.16646,0.00,0.00,0.00,adelante,1.00
0,8,37,-0.91097,-0.03611,-0.09577,-0.14813,-0.56337,-0.20311,0.00,0.00,0.00,adelante,1.00
0,8,38,-0.87468,-0.04288,-0.08119,-0.18082,-0.66080,-0.23808,0.00,0.00,0.00,adelante,1.00
0,8,39,-0.85186,-0.03099,-0.04947,-0.14340,-0.79916,-0.25748,0.00,0.00,0.00,adelante,1.00
0,8,40,-0.85272,-0.01885,-0.02348,-0.16112,-0.94318,-0.23442,0.00,0.00,0.00,adelante,1.00
0,8,41,-0.86742,0.03562,-0.01427,-0.16417,-1.06367,-0.18357,0.00,0.00,0.00,adelante,1.00
0,8,42,-0.89353,0.05996,-0.02593,-0.07834,-1.17943,-0.15974,0.00,0.00,0.00,adelante,1.00
0,8,43,-0.90420,0.08546,-0.01019,-0.03711,-1.18233,-0.08399,0.00,0.00,0.00,adelante,1.00
0,8,44,-0.93910,0.06618,-0.02312,0.07117,-1.20203,-0.02520,0.00,0.00,0.00,adelante,1.00
0,8,45,-0.98497,-0.00421,-0.04746,0.10568,-1.10322,0.02260,0.00,0.00,0.00,adelante,1.00
0,8,46,-0.98399,-0.06911,-0.01885,0.04123,-1.01923,0.03360,0.00,0.00,0.00,adelante,1.00
0,8,47,-1.00723,-0.08644,0.01043,-0.00733,-0.99968,-0.01527,0.00,0.00,0.00,adelante,1.00
0,8,48,-0.95538,-0.04599,0.04715,-0.04948,-1.03969,-0.15333,0.00,0.00,0.00,adelante,1.00
0,8,49,-0.92525,0.02696,0.05337,-0.04765,-1.09757,-0.21915,0.00,0.00,0.00,adelante,1.00
0,8,50,-0.89054,0.05094,0.06551,0.08888,-1.20188,-0.27550,0.00,0.00,0.00,adelante,1.00
0,8,51,-0.88352,0.09967,0.07046,0.19716,-1.28557,-0.30910,0.00,0.00,0.00,adelante,1.00
0,8,52,-0.83735,0.11797,0.10498,0.36087,-1.40010,-0.22755,0.00,0.00,0.00,adelante,1.00
0,8,53,-0.78068,0.14481,0.14738,0.57391,-1.67133,-0.15409,0.00,0.00,0.00,adelante,1.00
0,8,54,-0.81807,0.09510,0.12499,0.62690,-1.79060,0.02825,0.00,0.00,0.00,adelante,1.00
0,8,55,-0.84113,0.01568,0.13274,0.67943,-1.86314,0.15867,0.00,0.00,0.00,adelante,1.00
0,8,56,-0.87242,-0.07320,0.15268,0.68875,-1.97035,0.21884,0.00,0.00,0.00,adelante,1.00
0,8,57,-0.83954,-0.09937,0.19856,0.55909,-2.07526,0.26405,0.00,0.00,0.00,adelante,1.00
0,8,58,-0.91921,-0.10169,0.21472,0.43952,-2.16002,0.28787,0.00,0.00,0.00,adelante,1.00
0,8,59,-0.91598,-0.07039,0.27481,0.41340,-2.15040,0.18723,0.00,0.00,0.00,adelante,1.00
0,8,60,-0.94721,-0.00915,0.30238,0.37095,-2.21393,0.02428,0.00,0.00,0.00,adelante,1.00
0,8,61,-0.94617,-0.00238,0.29146,0.36209,-2.19820,-0.13149,0.00,0.00,0.00,adelante,1.00
0,8,62,-0.98082,-0.01055,0.26535,0.35537,-2.14154,-0.27672,0.00,0.00,0.00,adelante,1.00
0,8,63,-0.96770,-0.02294,0.27328,0.28253,-2.06014,-0.33231,0.00,0.00,0.00,adelante,1.00
0,8,64,-0.87321,-0.02544,0.32428,0.27092,-2.10642,-0.30436,0.00,0.00,0.00,adelante,1.00
0,8,65,-0.80447,-0.00695,0.34874,0.17761,-2.25150,-0.10507,0.00,0.00,0.00,adelante,1.00
0,8,66,-0.81295,-0.08192,0.30323,-0.01649,-2.28219,0.22006,0.00,0.00,0.00,adelante,1.00
0,8,67,-0.89286,-0.12413,0.34569,-0.06750,-2.21210,0.42974,0.00,0.00,0.00,adelante,1.00
0,8,68,-0.96697,-0.13640,0.36258,-0.14981,-2.06442,0.52886,0.00,0.00,0.00,adelante,1.00
0,8,69,-0.98698,-0.14799,0.39205,-0.26328,-1.93140,0.42715,0.00,0.00,0.00,adelante,1.00
0,8,70,-0.92238,-0.17702,0.41626,-0.40057,-1.83214,0.22373,0.00,0.00,0.00,adelante,1.00
0,8,71,-0.98234,-0.12151,0.44682,-0.43494,-1.81381,-0.06445,0.00,0.00,0.00,adelante,1.00
0,8,72,-1.04694,-0.07058,0.46086,-0.39386,-1.67041,-0.39370,0.00,0.00,0.00,adelante,1.00
0,8,73,-1.04847,-0.01677,0.49715,-0.25870,-1.53281,-0.58383,0.00,0.00,0.00,adelante,1.00
0,8,74,-1.00272,0.00964,0.53649,-0.19044,-1.34558,-0.52030,0.00,0.00,0.00,adelante,1.00
0,8,75,-0.96179,-0.00049,0.52558,-0.07865,-1.19470,-0.23350,0.00,0.00,0.00,adelante,1.00
0,8,76,-0.90298,-0.10998,0.50697,-0.03467,-1.06123,0.15959,0.00,0.00,0.00,adelante,1.00
0,8,77,-0.80715,-0.18678,0.57407,-0.22510,-0.99052,0.56841,0.00,0.00,0.00,adelante,1.00
0,8,78,-0.72986,-0.23265,0.65325,-0.52580,-1.14247,0.71181,0.00,0.00,0.00,adelante,1.00
0,8,79,-0.77836,-0.28829,0.67033,-0.79061,-1.29565,0.52397,0.00,0.00,0.00,adelante,1.00
0,8,80,-0.83832,-0.31958,0.66874,-1.05176,-1.32069,0.07957,0.00,0.00,0.00,adelante,1.00
0,8,81,-0.89286,-0.28152,0.62873,-1.23059,-1.36147,-0.53329,0.00,0.00,0.00,adelante,1.00
0,8,82,-0.93964,-0.20398,0.57852,-1.39858,-1.35811,-0.94654,0.00,0.00,0.00,adelante,1.00
0,8,83,-0.95105,-0.03837,0.54406,-1.34070,-1.29916,-1.13361,0.00,0.00,0.00,adelante,1.00
0,8,84,-0.95868,0.07039,0.53277,-1.07024,-1.18325,-1.05283,0.00,0.00,0.00,adelante,1.00
0,8,85,-0.91274,0.13743,0.53466,-0.84758,-0.93707,-0.72907,0.00,0.00,0.00,adelante,1.00
0,8,86,-0.88444,0.15817,0.56486,-0.60705,-0.82192,-0.35629,0.00,0.00,0.00,adelante,1.00
0,8,87,-0.89133,0.13591,0.56120,-0.42745,-0.68066,-0.06139,0.00,0.00,0.00,adelante,1.00
0,8,88,-0.95160,0.07357,0.49611,-0.13821,-0.50396,0.11851,0.00,0.00,0.00,adelante,1.00
0,8,89,-0.94007,0.00006,0.51893,0.13363,-0.32254,0.17929,0.00,0.00,0.00,adelante,1.00
0,8,90,-0.92427,-0.07918,0.53473,0.28726,-0.20617,0.14462,0.00,0.00,0.00,adelante,1.00
0,8,91,-0.84351,-0.09534,0.60768,0.31230,-0.10507,0.15379,0.00,0.00,0.00,adelante,1.00
0,8,92,-0.79270,-0.10754,0.61384,0.30238,-0.13454,0.16722,0.00,0.00,0.00,adelante,1.00
0,8,93,-0.83759,-0.17611,0.61244,0.26435,-0.11973,0.19471,0.00,0.00,0.00,adelante,1.00
0,8,94,-0.91128,-0.18696,0.60030,0.06475,-0.07575,0.26573,0.00,0.00,0.00,adelante,1.00
0,8,95,-0.96203,-0.15756,0.60256,-0.10278,0.01894,0.32208,0.00,0.00,0.00,adelante,1.00
0,8,96,-0.94330,-0.08412,0.60945,-0.08522,0.10644,0.29887,0.00,0.00,0.00,adelante,1.00
0,8,97,-0.96057,-0.04593,0.60780,-0.04429,0.24282,0.28344,0.00,0.00,0.00,adelante,1.00
0,8,98,-0.96600,-0.01354,0.61500,0.09759,0.33491,0.23014,0.00,0.00,0.00,adelante,1.00
0,8,99,-0.96661,0.02794,0.56370,0.19761,0.46013,0.27138,0.00,0.00,0.00,adelante,1.00
0,8,100,-0.99631,-0.01470,0.55650,0.30971,0.60735,0.37645,0.00,0.00,0.00,adelante,1.00
0,8,101,-1.07634,-0.06191,0.51758,0.44593,0.79993,0.40012,0.00,0.00,0.00,adelante,1.00
0,8,102,-1.18212,-0.12108,0.46299,0.51771,1.07909,0.35277,0.00,0.00,0.00,adelante,1.00
0,8,103,-1.27289,-0.20880,0.42389,0.57910,1.50395,0.13699,0.00,0.00,0.00,adelante,1.00
0,8,104,-1.23610,-0.26633,0.49434,0.64416,1.83000,-0.22068,0.00,0.00,0.00,adelante,1.00
0,8,105,-1.08671,-0.28152,0.60890,0.57650,2.00822,-0.61255,0.00,0.00,0.00,adelante,1.00
0,8,106,-0.93452,-0.27029,0.67436,0.26649,2.02380,-0.91340,0.00,0.00,0.00,adelante,1.00
0,8,107,-0.83930,-0.21002,0.69424,-0.02306,1.84176,-1.16828,0.00,0.00,0.00,adelante,1.00
0,8,108,-0.81514,-0.12926,0.65575,-0.30467,1.68996,-1.24357,0.00,0.00,0.00,adelante,1.00
0,8,109,-0.88108,-0.06124,0.61079,-0.47709,1.64078,-1.11605,0.00,0.00,0.00,adelante,1.00
0,8,110,-0.97990,-0.02769,0.52332,-0.60735,1.75227,-0.85521,0.00,0.00,0.00,adelante,1.00
0,8,111,-1.04706,-0.01092,0.47360,-0.69180,1.95507,-0.45021,0.00,0.00,0.00,adelante,1.00
0,8,112,-1.06256,-0.00531,0.41809,-0.68753,2.15467,0.03696,0.00,0.00,0.00,adelante,1.00
0,8,113,-1.06402,-0.00823,0.40894,-0.59040,2.29334,0.40424,0.00,0.00,0.00,adelante,1.00
0,8,114,-1.03084,0.01629,0.40248,-0.43631,2.42040,0.69242,0.00,0.00,0.00,adelante,1.00
0,8,115,-1.02340,0.00128,0.39205,-0.21121,2.52623,0.82665,0.00,0.00,0.00,adelante,1.00
0,8,116,-1.01053,-0.00830,0.37576,0.02443,2.59282,0.82024,0.00,0.00,0.00,adelante,1.00
0,8,117,-0.95471,-0.05581,0.36527,0.19975,2.62550,0.65485,0.00,0.00,0.00,adelante,1.00
0,8,118,-0.93617,-0.07192,0.36832,0.34880,2.54425,0.35736,0.00,0.00,0.00,adelante,1.00
0,8,119,-0.98442,-0.10468,0.29597,0.29077,2.53662,0.10446,0.00,0.00,0.00,adelante,1.00
0,8,120,-1.00601,-0.12395,0.27908,0.17623,2.55983,-0.06781,0.00,0.00,0.00,adelante,1.00
0,8,121,-1.00918,-0.12554,0.26401,0.07697,2.57571,-0.21166,0.00,0.00,0.00,adelante,1.00
0,8,122,-0.94837,-0.10211,0.27542,-0.01741,2.57159,-0.34621,0.00,0.00,0.00,adelante,1.00
0,8,123,-0.84888,-0.07064,0.25791,-0.00443,2.42559,-0.35171,0.00,0.00,0.00,adelante,1.00
0,8,124,-0.80642,-0.05935,0.20929,0.00473,2.19194,-0.27672,0.00,0.00,0.00,adelante,1.00
0,8,125,-0.81514,-0.06435,0.19398,-0.07025,2.11176,-0.12874,0.00,0.00,0.00,adelante,1.00
0,8,126,-0.81966,-0.05642,0.15884,-0.06750,1.95416,-0.04994,0.00,0.00,0.00,adelante,1.00
0,8,127,-0.82936,-0.04709,0.13640,-0.06445,1.82771,0.04062,0.00,0.00,0.00,adelante,1.00
0,8,128,-0.82521,-0.05112,0.09516,-0.07941,1.70080,0.14172,0.00,0.00,0.00,adelante,1.00
0,8,129,-0.83515,-0.04508,0.09321,-0.05864,1.57863,0.25687,0.00,0.00,0.00,adelante,1.00
0,8,130,-0.81935,-0.02916,0.05868,-0.03574,1.44943,0.36698,0.00,0.00,0.00,adelante,1.00
0,8,131,-0.87956,-0.02653,0.03880,0.00718,1.39598,0.47510,0.00,0.00,0.00,adelante,1.00
0,8,132,-0.89273,-0.01555,0.02013,0.08796,1.37109,0.56948,0.00,0.00,0.00,adelante,1.00
0,8,133,-0.92293,-0.05819,-0.00518,0.11912,1.40423,0.57208,0.00,0.00,0.00,adelante,1.00
0,8,134,-0.91280,-0.09467,0.00000,0.14462,1.35994,0.44486,0.00,0.00,0.00,adelante,1.00
0,8,135,-0.87889,-0.10199,0.00085,0.18189,1.25136,0.30329,0.00,0.00,0.00,adelante,1.00
0,8,136,-0.82198,-0.10132,-0.00482,0.08231,1.09910,0.12462,0.00,0.00,0.00,adelante,1.00
0,8,137,-0.78464,-0.08198,-0.00665,0.03971,0.92225,0.03070,0.00,0.00,0.00,adelante,1.00
0,8,138,-0.80099,-0.06631,-0.02934,0.03757,0.73212,-0.02214,0.00,0.00,0.00,adelante,1.00
0,8,139,-0.83619,-0.05466,-0.06612,-0.03574,0.67180,0.03451,0.00,0.00,0.00,adelante,1.00
0,8,140,-0.87730,-0.03318,-0.07308,-0.02963,0.62171,0.07682,0.00,0.00,0.00,adelante,1.00
0,8,141,-0.89822,-0.02580,-0.08436,-0.00351,0.58551,0.07850,0.00,0.00,0.00,adelante,1.00
0,8,142,-0.86809,-0.04605,-0.10455,0.02214,0.49129,0.02566,0.00,0.00,0.00,adelante,1.00
0,8,143,-0.87687,-0.07046,-0.10791,0.03787,0.44975,-0.00428,0.00,0.00,0.00,adelante,1.00
0,8,144,-0.85882,-0.05655,-0.09363,-0.02046,0.39111,-0.09453,0.00,0.00,0.00,adelante,1.00
0,8,145,-0.86894,-0.02861,-0.09345,-0.02214,0.34056,-0.10553,0.00,0.00,0.00,adelante,1.00
0,8,146,-0.87669,-0.01208,-0.10211,0.03329,0.26069,-0.06139,0.00,0.00,0.00,adelante,1.00
0,8,147,-0.83710,0.00518,-0.11358,0.05208,0.19441,0.03940,0.00,0.00,0.00,adelante,1.00
0,8,148,-0.85455,-0.01763,-0.12761,0.05391,0.13958,0.16890,0.00,0.00,0.00,adelante,1.00
0,8,149,-0.88993,-0.03129,-0.13396,0.04933,0.08094,0.24358,0.00,0.00,0.00,adelante,1.00
0,8,150,-0.89493,-0.03593,-0.12407,0.06139,0.05177,0.27672,0.00,0.00,0.00,adelante,1.00
0,8,151,-0.89816,-0.05063,-0.13078,0.07727,-0.00260,0.24251,0.00,0.00,0.00,adelante,1.00
0,8,152,-0.95215,-0.10059,-0.14225,0.05391,0.01558,0.17379,0.00,0.00,0.00,adelante,1.00
0,8,153,-0.94251,-0.09919,-0.11846,-0.01008,0.02764,0.03085,0.00,0.00,0.00,adelante,1.00
0,8,154,-0.91744,-0.06637,-0.12725,-0.01695,-0.03558,-0.14478,0.00,0.00,0.00,adelante,1.00
0,8,155,-0.91665,-0.01867,-0.12810,0.01619,-0.12630,-0.24374,0.00,0.00,0.00,adelante,1.00
0,8,156,-0.96679,-0.01263,-0.14317,0.05269,-0.11881,-0.24374,0.00,0.00,0.00,adelante,1.00
0,8,157,-0.97039,0.00073,-0.14158,0.11057,-0.05803,-0.21533,0.00,0.00,0.00,adelante,1.00
0,8,158,-0.94202,-0.00488,-0.14500,0.15379,-0.08537,-0.19334,0.00,0.00,0.00,adelante,1.00
0,9,1,-0.96398,-0.01909,-0.11657,0.02352,0.02184,0.00351,0.00,0.00,0.00,adelante,1.00
0,9,2,-0.96215,-0.01311,-0.13414,0.01481,0.01909,0.01130,0.00,0.00,0.00,adelante,1.00
0,9,3,-0.94251,-0.00964,-0.11511,0.03131,-0.01955,-0.02428,0.00,0.00,0.00,adelante,1.00
0,9,4,-0.92598,0.00207,-0.12371,0.02321,-0.05284,-0.01787,0.00,0.00,0.00,adelante,1.00
0,9,5,-0.92720,0.01196,-0.12871,0.01817,-0.07895,0.00229,0.00,0.00,0.00,adelante,1.00
0,9,6,-0.93098,0.00634,-0.12749,0.02566,-0.10476,0.02291,0.00,0.00,0.00,adelante,1.00
0,9,7,-0.92372,-0.00836,-0.14408,0.02841,-0.12248,0.02917,0.00,0.00,0.00,adelante,1.00
0,9,8,-0.93525,-0.02782,-0.13542,0.00535,-0.13241,0.02291,0.00,0.00,0.00,adelante,1.00
0,9,9,-0.94739,-0.02775,-0.11883,0.01283,-0.16936,-0.01787,0.00,0.00,0.00,adelante,1.00
0,9,10,-0.95843,-0.01549,-0.12786,-0.00428,-0.15699,-0.04261,0.00,0.00,0.00,adelante,1.00
0,9,11,-0.96160,0.01189,-0.12810,0.01481,-0.18204,-0.06842,0.00,0.00,0.00,adelante,1.00
0,9,12,-0.96087,0.01647,-0.12432,0.04688,-0.18799,-0.06765,0.00,0.00,0.00,adelante,1.00
0,9,13,-0.92421,0.01153,-0.10461,0.03283,-0.18815,-0.03176,0.00,0.00,0.00,adelante,1.00
0,9,14,-0.92342,0.02318,-0.09351,0.05620,-0.26954,0.02825,0.00,0.00,0.00,adelante,1.00
0,9,15,-0.94550,0.01793,-0.09900,0.05696,-0.28894,0.03879,0.00,0.00,0.00,adelante,1.00
0,9,16,-0.95130,0.00976,-0.12304,0.06322,-0.34147,-0.00596,0.00,0.00,0.00,adelante,1.00
0,9,17,-0.95282,-0.00671,-0.10919,0.09789,-0.35125,-0.05635,0.00,0.00,0.00,adelante,1.00
0,9,18,-0.92446,-0.00799,-0.09595,0.09056,-0.40470,-0.09010,0.00,0.00,0.00,adelante,1.00
0,9,19,-0.91860,-0.01470,-0.08320,0.06979,-0.46456,-0.11362,0.00,0.00,0.00,adelante,1.00
0,9,20,-0.94501,-0.02184,-0.08089,0.05742,-0.50366,-0.14203,0.00,0.00,0.00,adelante,1.00
0,9,21,-0.93531,0.00262,-0.07485,0.06063,-0.55512,-0.18677,0.00,0.00,0.00,adelante,1.00
0,9,22,-0.93446,0.02959,-0.08046,0.06933,-0.59987,-0.21060,0.00,0.00,0.00,adelante,1.00
0,9,23,-0.92568,0.03532,-0.07869,0.16616,-0.70402,-0.23350,0.00,0.00,0.00,adelante,1.00
0,9,24,-0.87864,0.07491,-0.03526,0.15898,-0.76633,-0.13729,0.00,0.00,0.00,adelante,1.00
0,9,25,-0.86547,0.08381,-0.04362,0.21396,-0.90255,0.00977,0.00,0.00,0.00,adelante,1.00
0,9,26,-0.85516,0.06704,-0.04014,0.27794,-1.05542,0.13195,0.00,0.00,0.00,adelante,1.00
0,9,27,-0.89859,0.02812,-0.05478,0.29245,-1.09910,0.22694,0.00,0.00,0.00,adelante,1.00
0,9,28,-0.96545,-0.03995,-0.05301,0.31185,-1.08642,0.21350,0.00,0.00,0.00,adelante,1.00
0,9,29,-0.95825,-0.07229,-0.01885,0.21747,-1.06657,0.08552,0.00,0.00,0.00,adelante,1.00
0,9,30,-0.95965,-0.05014,0.00092,0.14844,-1.08138,-0.05727,0.00,0.00,0.00,adelante,1.00
0,9,31,-0.92555,-0.00250,0.01909,0.17119,-1.20142,-0.25855,0.00,0.00,0.00,adelante,1.00
0,9,32,-0.91518,0.03080,0.02330,0.20556,-1.23578,-0.35109,0.00,0.00,0.00,adelante,1.00
0,9,33,-0.90158,0.06856,0.05887,0.25244,-1.29229,-0.37309,0.00,0.00,0.00,adelante,1.00
0,9,34,-0.85132,0.08906,0.06942,0.33323,-1.42087,-0.33857,0.00,0.00,0.00,adelante,1.00
0,9,35,-0.76140,0.11078,0.12779,0.44104,-1.64934,-0.28604,0.00,0.00,0.00,adelante,1.00
0,9,36,-0.74877,0.13792,0.12822,0.48197,-1.91506,-0.10140,0.00,0.00,0.00,adelante,1.00
0,9,37,-0.78178,0.08357,0.12932,0.58613,-2.07939,0.08155,0.00,0.00,0.00,adelante,1.00
0,9,38,-0.80099,0.02275,0.12157,0.61132,-2.19591,0.21869,0.00,0.00,0.00,adelante,1.00
0,9,39,-0.84326,-0.02037,0.16964,0.58826,-2.32602,0.32758,0.00,0.00,0.00,adelante,1.00
0,9,40,-0.90481,-0.00945,0.17574,0.57910,-2.42315,0.37828,0.00,0.00,0.00,adelante,1.00
0,9,41,-0.97338,-0.01800,0.18459,0.61117,-2.39704,0.29596,0.00,0.00,0.00,adelante,1.00
0,9,42,-0.95642,-0.02605,0.22680,0.53374,-2.34221,0.18479,0.00,0.00,0.00,adelante,1.00
0,9,43,-0.97966,-0.06320,0.25425,0.50289,-2.27456,0.00290,0.00,0.00,0.00,adelante,1.00
0,9,44,-0.93568,-0.08497,0.28042,0.45433,-2.25348,-0.23931,0.00,0.00,0.00,adelante,1.00
0,9,45,-0.92635,-0.12212,0.29664,0.36377,-2.29090,-0.45112,0.00,0.00,0.00,adelante,1.00
0,9,46,-0.94574,-0.16311,0.30671,0.12889,-2.28143,-0.57620,0.00,0.00,0.00,adelante,1.00
0,9,47,-0.99204,-0.16879,0.30207,-0.06460,-2.15299,-0.61285,0.00,0.00,0.00,adelante,1.00
0,9,48,-0.99271,-0.15726,0.33044,-0.22663,-2.12825,-0.61224,0.00,0.00,0.00,adelante,1.00
0,9,49,-0.99412,-0.09498,0.33062,-0.39920,-2.03693,-0.42196,0.00,0.00,0.00,adelante,1.00
0,9,50,-0.99887,-0.00171,0.34697,-0.49007,-1.91476,-0.09881,0.00,0.00,0.00,adelante,1.00
0,9,51,-1.02986,0.06789,0.37021,-0.36240,-1.70981,0.32147,0.00,0.00,0.00,adelante,1.00
0,9,52,-1.04450,0.08314,0.39479,-0.16050,-1.44745,0.64660,0.00,0.00,0.00,adelante,1.00
0,9,53,-1.02456,0.00964,0.44628,0.00336,-1.20738,0.74602,0.00,0.00,0.00,adelante,1.00
0,9,54,-1.02815,-0.04557,0.47379,0.07315,-1.07741,0.69562,0.00,0.00,0.00,adelante,1.00
0,9,55,-1.03450,-0.07710,0.46879,0.10186,-1.00442,0.48121,0.00,0.00,0.00,adelante,1.00
0,9,56,-1.01656,-0.10291,0.48288,0.06674,-0.89767,0.33307,0.00,0.00,0.00,adelante,1.00
0,9,57,-0.96252,-0.10937,0.47952,0.02749,-0.82253,0.22373,0.00,0.00,0.00,adelante,1.00
0,9,58,-0.92592,-0.14439,0.46732,-0.08155,-0.77351,0.09132,0.00,0.00,0.00,adelante,1.00
0,9,59,-0.89511,-0.14640,0.50288,-0.18967,-0.80756,-0.02138,0.00,0.00,0.00,adelante,1.00
0,9,60,-0.89524,-0.14841,0.49312,-0.35033,-0.83108,-0.09468,0.00,0.00,0.00,adelante,1.00
0,9,61,-0.90030,-0.11596,0.50416,-0.52244,-0.82009,-0.16478,0.00,0.00,0.00,adelante,1.00
0,9,62,-0.94032,-0.07887,0.47714,-0.58047,-0.80252,-0.22235,0.00,0.00,0.00,adelante,1.00
0,9,63,-0.99875,-0.04727,0.43987,-0.60033,-0.70983,-0.27138,0.00,0.00,0.00,adelante,1.00
0,9,64,-1.00967,-0.00586,0.44530,-0.57620,-0.54367,-0.25824,0.00,0.00,0.00,adelante,1.00
0,9,65,-0.97429,0.06082,0.47019,-0.44563,-0.40256,-0.24099,0.00,0.00,0.00,adelante,1.00
0,9,66,-0.94312,0.07570,0.45347,-0.34331,-0.32070,-0.20327,0.00,0.00,0.00,adelante,1.00
0,9,67,-0.91207,0.08503,0.48818,-0.22419,-0.24099,-0.14386,0.00,0.00,0.00,adelante,1.00
0,9,68,-0.89200,0.06338,0.50453,-0.11591,-0.22510,-0.02886,0.00,0.00,0.00,adelante,1.00
0,9,69,-0.92226,0.01861,0.45774,-0.06994,-0.18723,0.05253,0.00,0.00,0.00,adelante,1.00
0,9,70,-0.95782,-0.00305,0.47074,-0.05513,-0.10721,0.11942,0.00,0.00,0.00,adelante,1.00
0,9,71,-0.95380,-0.00744,0.47848,-0.01390,-0.07086,0.10400,0.00,0.00,0.00,adelante,1.00
0,9,72,-0.91909,0.01434,0.49709,-0.03696,-0.01787,0.11209,0.00,0.00,0.00,adelante,1.00
0,9,73,-0.91012,0.03947,0.50136,0.01176,-0.01023,0.08522,0.00,0.00,0.00,adelante,1.00
0,9,74,-0.94989,0.03538,0.47915,0.10385,0.00367,0.07895,0.00,0.00,0.00,adelante,1.00
0,9,75,-1.02132,0.04544,0.42682,0.16570,0.12095,0.16646,0.00,0.00,0.00,adelante,1.00
0,9,76,-1.13411,0.02928,0.38454,0.26496,0.32956,0.29719,0.00,0.00,0.00,adelante,1.00
0,9,77,-1.23873,-0.01397,0.34502,0.40057,0.67485,0.39844,0.00,0.00,0.00,adelante,1.00
0,9,78,-1.27453,-0.07631,0.36576,0.50702,1.07207,0.35629,0.00,0.00,0.00,adelante,1.00
0,9,79,-1.21122,-0.11200,0.46567,0.51023,1.42011,0.25168,0.00,0.00,0.00,adelante,1.00
0,9,80,-1.09355,-0.13280,0.53149,0.46487,1.54381,0.00855,0.00,0.00,0.00,adelante,1.00
0,9,81,-0.97691,-0.13328,0.58920,0.25702,1.56382,-0.21273,0.00,0.00,0.00,adelante,1.00
0,9,82,-0.89145,-0.09028,0.62311,0.03955,1.42927,-0.38225,0.00,0.00,0.00,adelante,1.00
0,9,83,-0.88395,-0.04154,0.58353,-0.17287,1.36177,-0.40271,0.00,0.00,0.00,adelante,1.00
0,9,84,-0.91738,0.00384,0.53552,-0.35018,1.29122,-0.28695,0.00,0.00,0.00,adelante,1.00
0,9,85,-0.99406,0.03977,0.46299,-0.45616,1.32008,-0.06888,0.00,0.00,0.00,adelante,1.00
0,9,86,-1.06994,0.05606,0.38619,-0.42364,1.43004,0.17394,0.00,0.00,0.00,adelante,1.00
0,9,87,-1.16040,0.07643,0.32062,-0.37034,1.67988,0.37156,0.00,0.00,0.00,adelante,1.00
0,9,88,-1.21298,0.07838,0.30805,-0.24267,1.98806,0.50931,0.00,0.00,0.00,adelante,1.00
0,9,89,-1.21073,0.06673,0.27523,-0.09881,2.21118,0.51710,0.00,0.00,0.00,adelante,1.00
0,9,90,-1.13966,0.06277,0.31067,0.01527,2.41307,0.45968,0.00,0.00,0.00,adelante,1.00
0,9,91,-1.02889,0.05118,0.36039,0.19273,2.38909,0.28619,0.00,0.00,0.00,adelante,1.00
0,9,92,-0.92561,0.04453,0.36484,0.21823,2.28540,0.15684,0.00,0.00,0.00,adelante,1.00
0,9,93,-0.89981,0.02251,0.33660,0.20907,2.09909,0.06781,0.00,0.00,0.00,adelante,1.00
0,9,94,-0.93849,-0.00403,0.29756,0.13378,2.04655,0.07071,0.00,0.00,0.00,adelante,1.00
0,9,95,-0.95495,-0.02458,0.27676,0.03238,2.07389,0.04612,0.00,0.00,0.00,adelante,1.00
0,9,96,-0.98253,-0.05514,0.24418,-0.06246,2.10657,-0.05757,0.00,0.00,0.00,adelante,1.00
0,9,97,-0.98606,-0.06362,0.19300,-0.18097,2.04899,-0.21518,0.00,0.00,0.00,adelante,1.00
0,9,98,-1.00302,-0.04618,0.15665,-0.29642,2.01112,-0.37629,0.00,0.00,0.00,adelante,1.00
0,9,99,-0.98503,0.00988,0.14610,-0.30391,1.99035,-0.43982,0.00,0.00,0.00,adelante,1.00
0,9,100,-0.98033,0.04252,0.12529,-0.23137,1.96821,-0.47983,0.00,0.00,0.00,adelante,1.00
0,9,101,-0.93043,0.06692,0.12615,-0.16310,1.92865,-0.38851,0.00,0.00,0.00,adelante,1.00
0,9,102,-0.92787,0.08595,0.11303,-0.04184,1.91018,-0.21365,0.00,0.00,0.00,adelante,1.00
0,9,103,-0.92519,0.09461,0.08967,0.00305,1.90132,-0.07819,0.00,0.00,0.00,adelante,1.00
0,9,104,-0.91280,0.07808,0.07338,0.06658,1.90605,0.06643,0.00,0.00,0.00,adelante,1.00
0,9,105,-0.87974,0.04721,0.04215,0.17700,1.81824,0.11454,0.00,0.00,0.00,adelante,1.00
0,9,106,-0.88419,0.00701,0.02660,0.15898,1.83657,0.21243,0.00,0.00,0.00,adelante,1.00
0,9,107,-0.87297,-0.02739,0.01415,0.10003,1.76876,0.23259,0.00,0.00,0.00,adelante,1.00
0,9,108,-0.83838,-0.03880,0.00281,0.08399,1.60673,0.19135,0.00,0.00,0.00,adelante,1.00
0,9,109,-0.81588,-0.02653,-0.02422,0.01359,1.47112,0.19548,0.00,0.00,0.00,adelante,1.00
0,9,110,-0.77976,0.00458,-0.01025,-0.00580,1.29091,0.16325,0.00,0.00,0.00,adelante,1.00
0,9,111,-0.74957,0.02452,-0.03190,0.00412,1.08367,0.14829,0.00,0.00,0.00,adelante,1.00
0,9,112,-0.74274,0.02092,-0.05283,-0.01145,0.89553,0.15379,0.00,0.00,0.00,adelante,1.00
0,9,113,-0.73737,0.01806,-0.07710,0.00718,0.69257,0.10476,0.00,0.00,0.00,adelante,1.00
0,9,114,-0.77171,0.01068,-0.10218,0.02841,0.52825,0.03421,0.00,0.00,0.00,adelante,1.00
0,9,115,-0.81636,0.00579,-0.10541,-0.04108,0.45189,-0.04841,0.00,0.00,0.00,adelante,1.00
0,9,116,-0.81838,-0.02855,-0.12206,-0.04719,0.35583,-0.17562,0.00,0.00,0.00,adelante,1.00
0,9,117,-0.80874,-0.02416,-0.11779,-0.07453,0.23915,-0.30100,0.00,0.00,0.00,adelante,1.00
0,9,118,-0.82789,0.00805,-0.13902,-0.14004,0.16325,-0.31505,0.00,0.00,0.00,adelante,1.00
0,9,119,-0.86321,0.05313,-0.12279,-0.07697,0.02123,-0.32635,0.00,0.00,0.00,adelante,1.00
0,9,120,-0.85400,0.08186,-0.14524,-0.01161,0.00367,-0.24572,0.00,0.00,0.00,adelante,1.00
0,9,121,-0.83344,0.08644,-0.11999,0.05498,-0.06063,-0.14142,0.00,0.00,0.00,adelante,1.00
0,9,122,-0.86803,0.06997,-0.13164,0.12843,-0.11209,-0.02016,0.00,0.00,0.00,adelante,1.00
0,9,123,-0.89932,0.04142,-0.13633,0.14768,-0.11362,0.08980,0.00,0.00,0.00,adelante,1.00
0,9,124,-0.91024,0.01501,-0.13762,0.16570,-0.11179,0.14630,0.00,0.00,0.00,adelante,1.00
0,9,125,-0.94074,-0.01293,-0.15341,0.17410,-0.14951,0.12752,0.00,0.00,0.00,adelante,1.00
0,9,126,-0.97130,-0.03337,-0.14237,0.13836,-0.10125,0.06445,0.00,0.00,0.00,adelante,1.00
0,9,127,-0.98338,-0.05167,-0.14006,0.12080,-0.06246,-0.04994,0.00,0.00,0.00,adelante,1.00
0,9,128,-0.95050,-0.04965,-0.13286,0.11530,-0.10766,-0.18112,0.00,0.00,0.00,adelante,1.00
0,9,129,-0.96502,-0.04697,-0.13481,0.04215,-0.09270,-0.24007,0.00,0.00,0.00,adelante,1.00
0,9,130,-0.96130,-0.02184,-0.11907,-0.00443,-0.10599,-0.29077,0.00,0.00,0.00,adelante,1.00
0,9,131,-0.94556,0.00482,-0.12121,0.00626,-0.14768,-0.28512,0.00,0.00,0.00,adelante,1.00
0,9,132,-0.92860,0.01885,-0.12163,-0.01374,-0.16677,-0.20800,0.00,0.00,0.00,adelante,1.00
0,9,133,-0.93855,0.02367,-0.14805,0.02245,-0.22678,-0.04963,0.00,0.00,0.00,adelante,1.00
0,9,134,-0.96099,0.01928,-0.13469,0.05712,-0.22892,0.02642,0.00,0.00,0.00,adelante,1.00
0,9,135,-0.98161,0.01098,-0.13719,0.06414,-0.20372,0.11164,0.00,0.00,0.00,adelante,1.00
0,9,136,-1.00912,-0.01348,-0.15299,0.07727,-0.17196,0.12004,0.00,0.00,0.00,adelante,1.00
0,10,1,-0.95715,-0.03117,-0.01208,0.02535,-0.02077,-0.02886,0.00,0.00,0.00,atrás,1.00
0,10,2,-0.95898,-0.03812,-0.01610,0.04749,-0.03696,-0.00260,0.00,0.00,0.00,atrás,1.00
0,10,3,-0.95111,-0.03623,-0.00793,0.06048,-0.04719,-0.03803,0.00,0.00,0.00,atrás,1.00
0,10,4,-0.96667,-0.03544,-0.01189,0.02077,-0.02214,-0.03024,0.00,0.00,0.00,atrás,1.00
0,10,5,-0.96551,-0.04612,-0.02013,0.04123,-0.05223,-0.03512,0.00,0.00,0.00,atrás,1.00
0,10,6,-0.95977,-0.04660,-0.01629,0.04276,-0.06689,-0.04398,0.00,0.00,0.00,atrás,1.00
0,10,7,-0.96288,-0.05838,-0.01708,0.02963,-0.05116,-0.01649,0.00,0.00,0.00,atrás,1.00
0,10,8,-0.96868,-0.05295,-0.01525,0.06185,-0.09224,-0.04795,0.00,0.00,0.00,atrás,1.00
0,10,9,-0.97271,-0.05502,-0.01397,0.02398,-0.11393,-0.04123,0.00,0.00,0.00,atrás,1.00
0,10,10,-0.97618,-0.05045,-0.02623,0.00351,-0.05421,-0.03436,0.00,0.00,0.00,atrás,1.00
0,10,11,-0.97405,-0.05441,-0.01873,0.02275,-0.06460,-0.04322,0.00,0.00,0.00,atrás,1.00
0,10,12,-0.97081,-0.04410,-0.02300,0.02367,-0.08812,-0.06154,0.00,0.00,0.00,atrás,1.00
0,10,13,-0.97283,-0.04087,-0.02568,0.00260,-0.08094,-0.05421,0.00,0.00,0.00,atrás,1.00
0,10,14,-0.98381,-0.03892,-0.02379,0.02245,-0.10369,-0.06521,0.00,0.00,0.00,atrás,1.00
0,10,15,-0.96032,-0.03508,-0.01494,0.00336,-0.09362,-0.04688,0.00,0.00,0.00,atrás,1.00
0,10,16,-0.96215,-0.04910,-0.02440,-0.00321,-0.10858,-0.04795,0.00,0.00,0.00,atrás,1.00
0,10,17,-0.96697,-0.04142,-0.01427,0.00458,-0.13851,-0.05834,0.00,0.00,0.00,atrás,1.00
0,10,18,-0.96154,-0.04496,-0.02623,-0.02046,-0.13271,-0.05467,0.00,0.00,0.00,atrás,1.00
0,10,19,-0.97380,-0.04538,-0.00872,-0.01741,-0.15104,-0.06216,0.00,0.00,0.00,atrás,1.00
0,10,20,-0.98405,-0.02025,-0.02385,-0.00580,-0.15195,-0.08338,0.00,0.00,0.00,atrás,1.00
0,10,21,-0.98942,-0.02843,-0.01836,-0.00046,-0.12263,-0.07819,0.00,0.00,0.00,atrás,1.00
0,10,22,-0.99033,-0.04538,-0.02501,0.03207,-0.12935,-0.07346,0.00,0.00,0.00,atrás,1.00
0,10,23,-0.99253,-0.04972,-0.00891,0.06338,-0.15241,-0.11041,0.00,0.00,0.00,atrás,1.00
0,10,24,-0.99820,-0.06027,-0.01165,0.03375,-0.13164,-0.07193,0.00,0.00,0.00,atrás,1.00
0,10,25,-1.00064,-0.06576,-0.00067,0.04734,-0.16493,-0.07407,0.00,0.00,0.00,atrás,1.00
0,10,26,-1.02791,-0.06350,-0.00964,0.00596,-0.13042,-0.03207,0.00,0.00,0.00,atrás,1.00
0,10,27,-1.04938,-0.07357,-0.01696,-0.00825,-0.09163,-0.03619,0.00,0.00,0.00,atrás,1.00
0,10,28,-1.04548,-0.07033,-0.02952,0.04246,-0.10644,-0.07957,0.00,0.00,0.00,atrás,1.00
0,10,29,-1.04273,-0.06405,-0.02373,0.03161,-0.06506,-0.06445,0.00,0.00,0.00,atrás,1.00
0,10,30,-1.03785,-0.06173,-0.01732,-0.00779,-0.03436,-0.02428,0.00,0.00,0.00,atrás,1.00
0,10,31,-1.03572,-0.06484,0.00909,0.01161,-0.06261,-0.05162,0.00,0.00,0.00,atrás,1.00
0,10,32,-1.04694,-0.05899,-0.00098,-0.03146,-0.02963,-0.01863,0.00,0.00,0.00,atrás,1.00
0,10,33,-1.06091,-0.05734,-0.01238,-0.03894,-0.00870,0.03558,0.00,0.00,0.00,atrás,1.00
0,10,34,-1.06750,-0.04636,-0.00695,-0.01573,0.01680,-0.00932,0.00,0.00,0.00,atrás,1.00
0,10,35,-1.07067,-0.05148,-0.01720,0.00183,0.02947,-0.04337,0.00,0.00,0.00,atrás,1.00
0,10,36,-1.10910,-0.05514,0.00390,-0.03467,0.11637,0.00473,0.00,0.00,0.00,atrás,1.00
0,10,37,-1.11209,-0.05569,-0.00110,-0.00855,0.11927,-0.04581,0.00,0.00,0.00,atrás,1.00
0,10,38,-1.12167,-0.05234,-0.01702,-0.04001,0.22923,0.02062,0.00,0.00,0.00,atrás,1.00
0,10,39,-1.11612,-0.05252,0.01074,-0.00061,0.25611,0.00977,0.00,0.00,0.00,atrás,1.00
0,10,40,-1.09953,-0.06808,0.00762,-0.00855,0.29001,0.01176,0.00,0.00,0.00,atrás,1.00
0,10,41,-1.09397,-0.06112,0.00732,-0.06521,0.34712,0.04032,0.00,0.00,0.00,atrás,1.00
0,10,42,-1.14021,-0.05673,0.00201,-0.06338,0.39538,0.02917,0.00,0.00,0.00,atrás,1.00
0,10,43,-1.19725,-0.05569,-0.01147,-0.05299,0.50381,-0.03497,0.00,0.00,0.00,atrás,1.00
0,10,44,-1.24074,-0.07527,-0.04660,-0.07071,0.69975,-0.02382,0.00,0.00,0.00,atrás,1.00
0,10,45,-1.24123,-0.10059,-0.03026,-0.07254,0.89171,-0.09988,0.00,0.00,0.00,atrás,1.00
0,10,46,-1.26172,-0.12969,-0.06930,-0.14981,1.07955,-0.13668,0.00,0.00,0.00,atrás,1.00
0,10,47,-1.25733,-0.12407,-0.06948,-0.21548,1.30588,-0.20036,0.00,0.00,0.00,atrás,1.00
0,10,48,-1.25245,-0.09126,-0.08882,-0.24022,1.45707,-0.26527,0.00,0.00,0.00,atrás,1.00
0,10,49,-1.23830,-0.05051,-0.08766,-0.22923,1.67041,-0.30696,0.00,0.00,0.00,atrás,1.00
0,10,50,-1.27270,-0.01586,-0.10943,-0.20510,1.97768,-0.25992,0.00,0.00,0.00,atrás,1.00
0,10,51,-1.31223,-0.03209,-0.09821,-0.16784,2.24722,-0.20556,0.00,0.00,0.00,atrás,1.00
0,10,52,-1.21122,0.04087,-0.08808,-0.14951,2.47874,-0.19105,0.00,0.00,0.00,atrás,1.00
0,10,53,-1.17779,0.09980,-0.10919,-0.02902,2.62855,-0.10400,0.00,0.00,0.00,atrás,1.00
0,10,54,-1.20024,0.10321,-0.12688,0.12477,2.81853,0.02428,0.00,0.00,0.00,atrás,1.00
0,10,55,-1.19127,0.10962,-0.16464,0.19426,3.10946,0.21945,0.00,0.00,0.00,atrás,1.00
0,10,56,-1.14509,0.10071,-0.16946,0.33964,3.28997,0.37385,0.00,0.00,0.00,atrás,1.00
0,10,57,-1.10996,0.05551,-0.17294,0.46395,3.40130,0.53680,0.00,0.00,0.00,atrás,1.00
0,10,58,-1.00016,0.01409,-0.18105,0.41172,3.54500,0.79336,0.00,0.00,0.00,atrás,1.00
0,10,59,-0.98161,0.03819,-0.19276,0.46044,3.53722,1.04595,0.00,0.00,0.00,atrás,1.00
0,10,60,-1.03621,0.02836,-0.26907,0.45739,3.71941,1.28114,0.00,0.00,0.00,atrás,1.00
0,10,61,-0.87035,-0.01684,-0.26620,0.55329,3.76858,1.40041,0.00,0.00,0.00,atrás,1.00
0,10,62,-0.77488,-0.05264,-0.25236,0.61453,3.57356,1.28877,0.00,0.00,0.00,atrás,1.00
0,10,63,-0.71468,-0.04002,-0.26181,0.56169,3.33364,1.20860,0.00,0.00,0.00,atrás,1.00
0,10,64,-0.63800,-0.02434,-0.31628,0.48778,3.08456,1.09207,0.00,0.00,0.00,atrás,1.00
0,10,65,-0.64703,-0.04618,-0.37186,0.42257,2.90344,0.98120,0.00,0.00,0.00,atrás,1.00
0,10,66,-0.62879,-0.05325,-0.44853,0.37278,2.82006,0.89079,0.00,0.00,0.00,atrás,1.00
0,10,67,-0.58743,-0.01293,-0.43786,0.36514,2.58625,0.77565,0.00,0.00,0.00,atrás,1.00
0,10,68,-0.60170,0.10089,-0.48330,0.42150,2.36374,0.69639,0.00,0.00,0.00,atrás,1.00
0,10,69,-0.61537,0.11797,-0.53906,0.46808,2.27746,0.84513,0.00,0.00,0.00,atrás,1.00
0,10,70,-0.58115,0.05435,-0.56986,0.55192,2.20324,0.95616,0.00,0.00,0.00,atrás,1.00
0,10,71,-0.45579,-0.05405,-0.56273,0.56474,2.10428,0.97479,0.00,0.00,0.00,atrás,1.00
0,10,72,-0.43822,-0.10126,-0.57395,0.44181,1.91720,0.91615,0.00,0.00,0.00,atrás,1.00
0,10,73,-0.42114,-0.11017,-0.58517,0.33811,1.68981,0.72632,0.00,0.00,0.00,atrás,1.00
0,10,74,-0.35130,-0.11303,-0.58023,0.22144,1.42087,0.45372,0.00,0.00,0.00,atrás,1.00
0,10,75,-0.35246,-0.04819,-0.62226,0.11897,1.12980,0.27168,0.00,0.00,0.00,atrás,1.00
0,10,76,-0.28316,-0.03282,-0.61836,0.04704,0.81749,0.11774,0.00,0.00,0.00,atrás,1.00
0,10,77,-0.29719,0.04721,-0.65813,0.00443,0.50335,0.08292,0.00,0.00,0.00,atrás,1.00
0,10,78,-0.35990,0.07491,-0.71010,0.03283,0.34071,0.12263,0.00,0.00,0.00,atrás,1.00
0,10,79,-0.34672,0.04343,-0.69528,0.12034,0.15837,0.10843,0.00,0.00,0.00,atrás,1.00
0,10,80,-0.34215,-0.00994,-0.69546,0.06689,0.00672,0.11148,0.00,0.00,0.00,atrás,1.00
0,10,81,-0.35978,-0.06198,-0.67545,-0.03131,-0.19028,0.05666,0.00,0.00,0.00,atrás,1.00
0,10,82,-0.40108,-0.07802,-0.66350,-0.15455,-0.30452,-0.09010,0.00,0.00,0.00,atrás,1.00
0,10,83,-0.42517,-0.03916,-0.67253,-0.27932,-0.43845,-0.22037,0.00,0.00,0.00,atrás,1.00
0,10,84,-0.41016,-0.00866,-0.67442,-0.34590,-0.54550,-0.30895,0.00,0.00,0.00,atrás,1.00
0,10,85,-0.40230,0.02495,-0.66673,-0.38515,-0.66691,-0.34819,0.00,0.00,0.00,atrás,1.00
0,10,86,-0.40028,0.06393,-0.65148,-0.42547,-0.82253,-0.32590,0.00,0.00,0.00,atrás,1.00
0,10,87,-0.41096,0.12060,-0.65666,-0.38271,-0.96746,-0.26130,0.00,0.00,0.00,atrás,1.00
0,10,88,-0.42072,0.12657,-0.64745,-0.32926,-1.12689,-0.17013,0.00,0.00,0.00,atrás,1.00
0,10,89,-0.45842,0.12444,-0.64001,-0.28100,-1.31611,-0.12110,0.00,0.00,0.00,atrás,1.00
0,10,90,-0.50618,0.10468,-0.62055,-0.23595,-1.42881,-0.11255,0.00,0.00,0.00,atrás,1.00
0,10,91,-0.54083,0.08052,-0.61799,-0.20159,-1.54167,-0.16173,0.00,0.00,0.00,atrás,1.00
0,10,92,-0.53936,0.05014,-0.59548,-0.22969,-1.64842,-0.25275,0.00,0.00,0.00,atrás,1.00
0,10,93,-0.54089,0.01458,-0.59194,-0.21670,-1.83809,-0.37629,0.00,0.00,0.00,atrás,1.00
0,10,94,-0.55486,0.00281,-0.53924,-0.27168,-2.01204,-0.50259,0.00,0.00,0.00,atrás,1.00
0,10,95,-0.58706,0.04868,-0.51710,-0.35064,-2.19362,-0.55100,0.00,0.00,0.00,atrás,1.00
0,10,96,-0.69467,0.10712,-0.50776,-0.35109,-2.36435,-0.60231,0.00,0.00,0.00,atrás,1.00
0,10,97,-0.74017,0.14555,-0.50465,-0.26664,-2.42193,-0.62079,0.00,0.00,0.00,atrás,1.00
0,10,98,-0.78049,0.15939,-0.48946,-0.17119,-2.47859,-0.59559,0.00,0.00,0.00,atrás,1.00
0,10,99,-0.85034,0.14457,-0.49508,-0.02642,-2.43812,-0.58948,0.00,0.00,0.00,atrás,1.00
0,10,100,-0.81270,0.12938,-0.45829,0.08964,-2.48515,-0.60094,0.00,0.00,0.00,atrás,1.00
0,10,101,-0.76104,0.11322,-0.42127,0.15959,-2.60152,-0.55909,0.00,0.00,0.00,atrás,1.00
0,10,102,-0.81398,0.06655,-0.42865,0.20525,-2.70674,-0.46242,0.00,0.00,0.00,atrás,1.00
0,10,103,-0.87285,0.00079,-0.43182,0.16371,-2.65467,-0.39141,0.00,0.00,0.00,atrás,1.00
0,10,104,-0.98808,-0.06076,-0.40901,0.08430,-2.48592,-0.38164,0.00,0.00,0.00,atrás,1.00
0,10,105,-1.05140,-0.09851,-0.37100,-0.01176,-2.37993,-0.56536,0.00,0.00,0.00,atrás,1.00
0,10,106,-1.05036,-0.10108,-0.33025,-0.14768,-2.23729,-0.78664,0.00,0.00,0.00,atrás,1.00
0,10,107,-1.03230,-0.07204,-0.33751,-0.17776,-2.21103,-1.07802,0.00,0.00,0.00,atrás,1.00
0,10,108,-0.97759,-0.02025,-0.29646,-0.19151,-2.18583,-1.24479,0.00,0.00,0.00,atrás,1.00
0,10,109,-0.91592,0.05911,-0.25443,-0.18891,-2.21210,-1.26052,0.00,0.00,0.00,atrás,1.00
0,10,110,-0.89542,0.12066,-0.22015,-0.04963,-2.33854,-1.15820,0.00,0.00,0.00,atrás,1.00
0,10,111,-0.98741,0.14951,-0.25169,0.08415,-2.35336,-0.94012,0.00,0.00,0.00,atrás,1.00
0,10,112,-1.10355,0.11364,-0.28255,0.18891,-2.14429,-0.65286,0.00,0.00,0.00,atrás,1.00
0,10,113,-1.16107,0.04734,-0.28219,0.26603,-1.85413,-0.41004,0.00,0.00,0.00,atrás,1.00
0,10,114,-1.17974,-0.04258,-0.25986,0.29948,-1.58733,-0.31062,0.00,0.00,0.00,atrás,1.00
0,10,115,-1.17919,-0.11108,-0.27291,0.17776,-1.31901,-0.21502,0.00,0.00,0.00,atrás,1.00
0,10,116,-1.16656,-0.12798,-0.25449,0.13195,-1.14171,-0.21396,0.00,0.00,0.00,atrás,1.00
0,10,117,-1.10849,-0.09016,-0.20490,0.04979,-0.96120,-0.16875,0.00,0.00,0.00,atrás,1.00
0,10,118,-1.02535,-0.03691,-0.15555,0.00275,-0.91584,-0.10705,0.00,0.00,0.00,atrás,1.00
0,10,119,-0.93739,-0.02007,-0.13963,0.00519,-0.97021,0.01313,0.00,0.00,0.00,atrás,1.00
0,10,120,-0.86010,-0.00567,-0.11974,0.01329,-1.12689,0.14676,0.00,0.00,0.00,atrás,1.00
0,10,121,-0.86242,0.02147,-0.09583,0.08018,-1.28648,0.28344,0.00,0.00,0.00,atrás,1.00
0,10,122,-0.98838,0.00079,-0.15421,0.12233,-1.27885,0.42073,0.00,0.00,0.00,atrás,1.00
0,10,123,-1.02748,-0.05905,-0.14921,0.11118,-1.14537,0.42623,0.00,0.00,0.00,atrás,1.00
0,10,124,-1.08068,-0.11480,-0.16604,0.11820,-1.03481,0.25992,0.00,0.00,0.00,atrás,1.00
0,10,125,-1.09892,-0.14268,-0.15659,0.11240,-0.91248,-0.02520,0.00,0.00,0.00,atrás,1.00
0,10,126,-1.07055,-0.13688,-0.11712,0.01939,-0.81108,-0.26481,0.00,0.00,0.00,atrás,1.00
0,10,127,-1.01577,-0.11309,-0.08857,-0.02443,-0.82161,-0.44853,0.00,0.00,0.00,atrás,1.00
0,10,128,-0.95355,-0.06277,-0.06051,-0.07285,-0.84269,-0.46120,0.00,0.00,0.00,atrás,1.00
0,10,129,-0.93056,-0.01311,-0.03831,-0.12034,-0.93478,-0.34270,0.00,0.00,0.00,atrás,1.00
0,10,130,-0.92372,0.02178,-0.03422,-0.06796,-1.03526,-0.16661,0.00,0.00,0.00,atrás,1.00
0,10,131,-0.95721,0.03294,-0.05850,-0.02566,-1.07390,0.01802,0.00,0.00,0.00,atrás,1.00
0,10,132,-1.01547,0.01482,-0.07216,-0.01222,-1.01908,0.21808,0.00,0.00,0.00,atrás,1.00
0,10,133,-1.09239,0.01421,-0.09052,0.05681,-0.91721,0.35904,0.00,0.00,0.00,atrás,1.00
0,10,134,-1.12234,0.00750,-0.08644,0.12828,-0.76221,0.37965,0.00,0.00,0.00,atrás,1.00
0,10,135,-1.15534,-0.00817,-0.08528,0.16173,-0.54642,0.36133,0.00,0.00,0.00,atrás,1.00
0,10,136,-1.14906,-0.02769,-0.06564,0.21777,-0.38607,0.31108,0.00,0.00,0.00,atrás,1.00
0,10,137,-1.12502,-0.03898,-0.03495,0.22969,-0.24282,0.17196,0.00,0.00,0.00,atrás,1.00
0,10,138,-1.10489,-0.07558,-0.02348,0.23870,-0.22755,0.01802,0.00,0.00,0.00,atrás,1.00
0,10,139,-1.07079,-0.07064,0.00275,0.16173,-0.13210,-0.03711,0.00,0.00,0.00,atrás,1.00
0,10,140,-1.05506,-0.06783,-0.00165,0.08476,-0.12477,-0.06704,0.00,0.00,0.00,atrás,1.00
0,10,141,-1.03968,-0.05685,0.01452,0.00657,-0.11041,-0.04352,0.00,0.00,0.00,atrás,1.00
0,10,142,-1.03962,-0.04276,-0.00543,-0.01390,-0.12920,-0.06888,0.00,0.00,0.00,atrás,1.00
0,10,143,-1.04017,-0.02489,-0.01800,-0.06139,-0.08323,-0.04811,0.00,0.00,0.00,atrás,1.00
0,10,144,-1.04816,-0.03032,-0.02470,-0.05895,-0.04429,-0.00199,0.00,0.00,0.00,atrás,1.00
0,10,145,-1.04725,-0.00647,-0.03678,0.03543,-0.03390,-0.11851,0.00,0.00,0.00,atrás,1.00
0,10,146,-1.03480,0.00360,-0.02861,0.02459,0.04215,-0.13989,0.00,0.00,0.00,atrás,1.00
0,10,147,-1.01425,-0.00128,-0.02281,0.09178,0.04398,-0.18906,0.00,0.00,0.00,atrás,1.00
0,10,148,-0.99381,-0.00464,-0.02428,0.09514,0.05803,-0.18189,0.00,0.00,0.00,atrás,1.00
0,10,149,-0.98741,-0.02861,-0.02214,0.09850,0.05986,-0.15440,0.00,0.00,0.00,atrás,1.00
0,10,150,-0.97893,-0.01598,-0.01696,0.10599,0.04337,-0.11484,0.00,0.00,0.00,atrás,1.00
0,10,151,-0.98423,-0.00921,-0.05069,0.07743,0.00962,-0.07239,0.00,0.00,0.00,atrás,1.00
0,10,152,-0.99235,-0.01318,-0.03575,0.05681,0.06933,-0.00229,0.00,0.00,0.00,atrás,1.00
0,11,1,-0.97057,-0.02788,-0.00665,0.03238,-0.04963,-0.06200,0.00,0.00,0.00,atrás,1.00
0,11,2,-0.96514,-0.02330,-0.00067,0.01176,-0.03650,-0.02046,0.00,0.00,0.00,atrás,1.00
0,11,3,-0.97179,-0.01702,-0.00616,0.03024,-0.04566,-0.02856,0.00,0.00,0.00,atrás,1.00
0,11,4,-0.97039,-0.03550,-0.00604,0.02505,-0.04215,-0.01527,0.00,0.00,0.00,atrás,1.00
0,11,5,-0.97881,-0.03196,-0.01019,0.01756,-0.04994,-0.01634,0.00,0.00,0.00,atrás,1.00
0,11,6,-0.98283,-0.04221,-0.00836,0.02581,-0.06185,-0.01634,0.00,0.00,0.00,atrás,1.00
0,11,7,-0.97643,-0.03788,-0.00647,0.02062,-0.06796,-0.03070,0.00,0.00,0.00,atrás,1.00
0,11,8,-0.99094,-0.05594,0.00506,-0.00168,-0.04688,-0.00748,0.00,0.00,0.00,atrás,1.00
0,11,9,-0.99033,-0.04581,-0.01226,0.02077,-0.07498,-0.04200,0.00,0.00,0.00,atrás,1.00
0,11,10,-0.99528,-0.04258,0.00122,-0.01863,-0.05131,-0.04688,0.00,0.00,0.00,atrás,1.00
0,11,11,-1.00199,-0.03123,0.00183,-0.01787,-0.03971,-0.03131,0.00,0.00,0.00,atrás,1.00
0,11,12,-1.00912,-0.02629,-0.02178,0.00397,-0.04826,-0.04093,0.00,0.00,0.00,atrás,1.00
0,11,13,-1.01181,-0.02025,-0.01196,0.01909,-0.04200,-0.05589,0.00,0.00,0.00,atrás,1.00
0,11,14,-1.01382,-0.01537,0.00439,0.00901,-0.01512,-0.03955,0.00,0.00,0.00,atrás,1.00
0,11,15,-1.01894,-0.02428,0.00311,0.02627,-0.02734,-0.03940,0.00,0.00,0.00,atrás,1.00
0,11,16,-1.03017,-0.01793,0.00403,-0.01130,0.01726,0.01145,0.00,0.00,0.00,atrás,1.00
0,11,17,-1.02693,-0.02043,0.00964,0.02062,0.01909,0.02046,0.00,0.00,0.00,atrás,1.00
0,11,18,-1.02553,-0.01000,0.03056,0.04581,-0.02107,0.02535,0.00,0.00,0.00,atrás,1.00
0,11,19,-1.03523,-0.01629,0.00122,0.01222,0.01359,0.06414,0.00,0.00,0.00,atrás,1.00
0,11,20,-1.04548,-0.02946,0.01842,0.03543,0.06811,0.06872,0.00,0.00,0.00,atrás,1.00
0,11,21,-1.06116,-0.03477,-0.02019,0.04780,0.04658,-0.03619,0.00,0.00,0.00,atrás,1.00
0,11,22,-1.08403,-0.03215,0.00390,0.07391,0.09209,-0.06597,0.00,0.00,0.00,atrás,1.00
0,11,23,-1.11618,-0.03093,-0.01488,0.05727,0.15226,-0.12889,0.00,0.00,0.00,atrás,1.00
0,11,24,-1.10489,-0.02544,-0.00311,0.09255,0.20693,-0.20998,0.00,0.00,0.00,atrás,1.00
0,11,25,-1.11252,-0.02843,-0.02422,0.05055,0.34346,-0.14233,0.00,0.00,0.00,atrás,1.00
0,11,26,-1.11453,-0.03331,-0.03428,0.06170,0.38408,-0.09468,0.00,0.00,0.00,atrás,1.00
0,11,27,-1.13649,-0.02861,-0.04819,0.06246,0.51343,-0.05803,0.00,0.00,0.00,atrás,1.00
0,11,28,-1.16242,-0.03721,-0.08253,0.00260,0.76862,0.07972,0.00,0.00,0.00,atrás,1.00
0,11,29,-1.19914,-0.04294,-0.08839,0.02443,0.91874,0.11622,0.00,0.00,0.00,atrás,1.00
0,11,30,-1.20188,-0.05155,-0.11358,0.00626,1.13682,0.15256,0.00,0.00,0.00,atrás,1.00
0,11,31,-1.18291,-0.06472,-0.09034,-0.03161,1.36513,0.18219,0.00,0.00,0.00,atrás,1.00
0,11,32,-1.14845,-0.07204,-0.11980,-0.06338,1.54671,0.19853,0.00,0.00,0.00,atrás,1.00
0,11,33,-1.10922,-0.07222,-0.08955,-0.11393,1.71913,0.19028,0.00,0.00,0.00,atrás,1.00
0,11,34,-1.09678,-0.07649,-0.11871,-0.17043,1.79549,0.18418,0.00,0.00,0.00,atrás,1.00
0,11,35,-1.08531,-0.05258,-0.11718,-0.19135,1.90269,0.14096,0.00,0.00,0.00,atrás,1.00
0,11,36,-1.09068,-0.01568,-0.15659,-0.19868,2.04854,0.08949,0.00,0.00,0.00,atrás,1.00
0,11,37,-1.06890,-0.02166,-0.16031,-0.18983,2.16338,-0.00428,0.00,0.00,0.00,atrás,1.00
0,11,38,-1.04841,0.02166,-0.15939,-0.10110,2.22187,-0.09942,0.00,0.00,0.00,atrás,1.00
0,11,39,-1.02626,0.03001,-0.19447,-0.04597,2.32969,-0.09087,0.00,0.00,0.00,atrás,1.00
0,11,40,-1.00992,0.05112,-0.18367,0.03528,2.39215,-0.05024,0.00,0.00,0.00,atrás,1.00
0,11,41,-0.95428,0.08400,-0.20722,0.05849,2.42834,0.05253,0.00,0.00,0.00,atrás,1.00
0,11,42,-0.92622,0.10504,-0.21600,0.14126,2.41307,0.16570,0.00,0.00,0.00,atrás,1.00
0,11,43,-0.92080,0.07826,-0.24174,0.24801,2.39734,0.26313,0.00,0.00,0.00,atrás,1.00
0,11,44,-0.90109,0.04240,-0.27053,0.29459,2.37947,0.33582,0.00,0.00,0.00,atrás,1.00
0,11,45,-0.91036,0.02147,-0.30518,0.33033,2.33366,0.32269,0.00,0.00,0.00,atrás,1.00
0,11,46,-0.93550,0.02074,-0.33483,0.38194,2.31060,0.32116,0.00,0.00,0.00,atrás,1.00
0,11,47,-0.97130,0.00531,-0.35215,0.34422,2.44377,0.37996,0.00,0.00,0.00,atrás,1.00
0,11,48,-0.94648,-0.00220,-0.35441,0.31230,2.53647,0.38011,0.00,0.00,0.00,atrás,1.00
0,11,49,-0.91134,0.02391,-0.36551,0.28405,2.52883,0.41050,0.00,0.00,0.00,atrás,1.00
0,11,50,-0.87120,0.07198,-0.39979,0.32299,2.48424,0.46685,0.00,0.00,0.00,atrás,1.00
0,11,51,-0.82173,0.08290,-0.39308,0.37782,2.48454,0.60751,0.00,0.00,0.00,atrás,1.00
0,11,52,-0.75469,0.06442,-0.42078,0.46151,2.37901,0.68478,0.00,0.00,0.00,atrás,1.00
0,11,53,-0.73267,0.00335,-0.43847,0.43371,2.26982,0.75824,0.00,0.00,0.00,atrás,1.00
0,11,54,-0.78031,-0.01446,-0.47098,0.41447,2.15483,0.71822,0.00,0.00,0.00,atrás,1.00
0,11,55,-0.78049,-0.00494,-0.48361,0.39706,2.08366,0.61499,0.00,0.00,0.00,atrás,1.00
0,11,56,-0.78977,-0.00518,-0.52009,0.38393,2.04258,0.51221,0.00,0.00,0.00,atrás,1.00
0,11,57,-0.74542,-0.00159,-0.52881,0.42654,1.95920,0.34270,0.00,0.00,0.00,atrás,1.00
0,11,58,-0.68979,0.02891,-0.55345,0.40821,1.85398,0.25259,0.00,0.00,0.00,atrás,1.00
0,11,59,-0.64166,0.03672,-0.57145,0.39905,1.75944,0.22571,0.00,0.00,0.00,atrás,1.00
0,11,60,-0.57798,0.03447,-0.57639,0.45250,1.61207,0.17471,0.00,0.00,0.00,atrás,1.00
0,11,61,-0.48513,0.01531,-0.61006,0.46059,1.39231,0.12370,0.00,0.00,0.00,atrás,1.00
0,11,62,-0.47147,-0.02196,-0.61104,0.42577,1.17225,0.14615,0.00,0.00,0.00,atrás,1.00
0,11,63,-0.43475,-0.03202,-0.59396,0.36011,0.91034,0.10156,0.00,0.00,0.00,atrás,1.00
0,11,64,-0.43853,-0.01165,-0.61817,0.27413,0.69761,0.08247,0.00,0.00,0.00,atrás,1.00
0,11,65,-0.45512,0.02434,-0.65544,0.25045,0.48182,0.09850,0.00,0.00,0.00,atrás,1.00
0,11,66,-0.49825,0.03953,-0.66429,0.27428,0.33384,0.10278,0.00,0.00,0.00,atrás,1.00
0,11,67,-0.51649,0.01031,-0.66734,0.25213,0.28512,0.09759,0.00,0.00,0.00,atrás,1.00
0,11,68,-0.53930,-0.02190,-0.64678,0.25901,0.17287,0.00641,0.00,0.00,0.00,atrás,1.00
0,11,69,-0.52417,-0.04398,-0.67210,0.17883,0.10217,-0.04536,0.00,0.00,0.00,atrás,1.00
0,11,70,-0.50520,-0.06039,-0.67631,0.09163,0.01084,-0.09484,0.00,0.00,0.00,atrás,1.00
0,11,71,-0.48654,-0.05941,-0.65959,-0.02505,-0.11469,-0.13500,0.00,0.00,0.00,atrás,1.00
0,11,72,-0.46348,-0.04862,-0.63867,-0.09117,-0.27932,-0.11606,0.00,0.00,0.00,atrás,1.00
0,11,73,-0.45646,-0.02641,-0.64355,-0.19028,-0.45036,-0.04444,0.00,0.00,0.00,atrás,1.00
0,11,74,-0.47135,-0.00433,-0.64129,-0.26038,-0.60033,0.05452,0.00,0.00,0.00,atrás,1.00
0,11,75,-0.50679,0.04081,-0.63605,-0.26160,-0.76022,0.08231,0.00,0.00,0.00,atrás,1.00
0,11,76,-0.56724,0.08766,-0.61738,-0.22801,-0.90011,0.18219,0.00,0.00,0.00,atrás,1.00
0,11,77,-0.62696,0.08485,-0.62586,-0.14691,-0.98044,0.16890,0.00,0.00,0.00,atrás,1.00
0,11,78,-0.66862,0.07119,-0.62580,-0.10507,-1.03664,0.10965,0.00,0.00,0.00,atrás,1.00
0,11,79,-0.68003,0.03941,-0.62379,-0.09743,-1.02091,0.03283,0.00,0.00,0.00,atrás,1.00
0,11,80,-0.64916,-0.00756,-0.62080,-0.06811,-1.11620,-0.11072,0.00,0.00,0.00,atrás,1.00
0,11,81,-0.57291,-0.04551,-0.62586,-0.12553,-1.25304,-0.20479,0.00,0.00,0.00,atrás,1.00
0,11,82,-0.52838,-0.04502,-0.59310,-0.23839,-1.42774,-0.21090,0.00,0.00,0.00,atrás,1.00
0,11,83,-0.54790,-0.01647,-0.56559,-0.33475,-1.67117,-0.21044,0.00,0.00,0.00,atrás,1.00
0,11,84,-0.62562,0.01330,-0.56590,-0.43035,-1.83244,-0.20815,0.00,0.00,0.00,atrás,1.00
0,11,85,-0.71327,0.06527,-0.54998,-0.47403,-1.89048,-0.22831,0.00,0.00,0.00,atrás,1.00
0,11,86,-0.68613,0.12298,-0.50538,-0.32895,-2.04472,-0.37767,0.00,0.00,0.00,atrás,1.00
0,11,87,-0.74444,0.18361,-0.50886,-0.27932,-2.01326,-0.33979,0.00,0.00,0.00,atrás,1.00
0,11,88,-0.75951,0.19978,-0.50770,-0.10980,-2.03204,-0.28482,0.00,0.00,0.00,atrás,1.00
0,11,89,-0.75231,0.13475,-0.49093,-0.01466,-2.03403,-0.28161,0.00,0.00,0.00,atrás,1.00
0,11,90,-0.76634,0.08357,-0.47635,-0.03039,-2.01326,-0.24419,0.00,0.00,0.00,atrás,1.00
0,11,91,-0.87974,0.01147,-0.47123,-0.05085,-2.00623,-0.26893,0.00,0.00,0.00,atrás,1.00
0,11,92,-0.98747,-0.07869,-0.50288,-0.16264,-1.76372,-0.44272,0.00,0.00,0.00,atrás,1.00
0,11,93,-0.99772,-0.13444,-0.42730,-0.21502,-1.70157,-0.72662,0.00,0.00,0.00,atrás,1.00
0,11,94,-0.92073,-0.17019,-0.37039,-0.34774,-1.74280,-1.00671,0.00,0.00,0.00,atrás,1.00
0,11,95,-0.82942,-0.13951,-0.32238,-0.53145,-1.84756,-1.11116,0.00,0.00,0.00,atrás,1.00
0,11,96,-0.81539,-0.03605,-0.29189,-0.67546,-2.00440,-1.05054,0.00,0.00,0.00,atrás,1.00
0,11,97,-0.80801,0.07357,-0.28457,-0.64523,-2.19881,-0.89049,0.00,0.00,0.00,atrás,1.00
0,11,98,-0.76592,0.13987,-0.29634,-0.52809,-2.34206,-0.59880,0.00,0.00,0.00,atrás,1.00
0,11,99,-0.81154,0.13993,-0.29817,-0.36499,-2.46728,-0.26802,0.00,0.00,0.00,atrás,1.00
0,11,100,-0.99033,0.08717,-0.35276,-0.21075,-2.37352,0.02596,0.00,0.00,0.00,atrás,1.00
0,11,101,-1.14125,-0.00458,-0.35947,-0.16157,-1.96515,0.10934,0.00,0.00,0.00,atrás,1.00
0,11,102,-1.15266,-0.10565,-0.29012,-0.19945,-1.66904,-0.09743,0.00,0.00,0.00,atrás,1.00
0,11,103,-1.09397,-0.13036,-0.21661,-0.22342,-1.59558,-0.45479,0.00,0.00,0.00,atrás,1.00
0,11,104,-1.03438,-0.10205,-0.18050,-0.33842,-1.58321,-0.66141,0.00,0.00,0.00,atrás,1.00
0,11,105,-0.98027,-0.02525,-0.16940,-0.35308,-1.63651,-0.76297,0.00,0.00,0.00,atrás,1.00
0,11,106,-0.94855,0.01739,-0.16982,-0.34651,-1.68202,-0.68478,0.00,0.00,0.00,atrás,1.00
0,11,107,-0.93373,0.05874,-0.17123,-0.31154,-1.77609,-0.46838,0.00,0.00,0.00,atrás,1.00
0,11,108,-0.96514,0.08467,-0.15622,-0.22297,-1.83305,-0.20708,0.00,0.00,0.00,atrás,1.00
0,11,109,-1.02230,0.09656,-0.16812,-0.11515,-1.75028,0.01558,0.00,0.00,0.00,atrás,1.00
0,11,110,-1.10892,0.06863,-0.20161,-0.05315,-1.57466,0.16768,0.00,0.00,0.00,atrás,1.00
0,11,111,-1.18944,-0.01745,-0.21301,-0.02214,-1.33245,0.18219,0.00,0.00,0.00,atrás,1.00
0,11,112,-1.21683,-0.09089,-0.19032,-0.06842,-1.01816,0.07819,0.00,0.00,0.00,atrás,1.00
0,11,113,-1.13777,-0.12163,-0.14573,-0.13515,-0.84712,-0.13821,0.00,0.00,0.00,atrás,1.00
0,11,114,-1.08745,-0.09522,-0.11139,-0.16936,-0.82910,-0.36988,0.00,0.00,0.00,atrás,1.00
0,11,115,-1.06866,-0.05606,-0.09071,-0.18433,-0.79260,-0.50015,0.00,0.00,0.00,atrás,1.00
0,11,116,-1.03700,-0.02172,-0.05606,-0.20678,-0.74220,-0.52870,0.00,0.00,0.00,atrás,1.00
0,11,117,-1.02456,0.01403,-0.08290,-0.13225,-0.79748,-0.56444,0.00,0.00,0.00,atrás,1.00
0,11,118,-1.03816,0.04996,-0.09553,-0.06689,-0.76190,-0.51175,0.00,0.00,0.00,atrás,1.00
0,11,119,-1.04371,0.05783,-0.11383,-0.00076,-0.70005,-0.38744,0.00,0.00,0.00,atrás,1.00
0,11,120,-1.04310,0.04929,-0.12035,0.14997,-0.66676,-0.25840,0.00,0.00,0.00,atrás,1.00
0,11,121,-1.09678,0.02367,-0.12987,0.14142,-0.47266,-0.07285,0.00,0.00,0.00,atrás,1.00
0,11,122,-1.10556,0.00024,-0.11517,0.16035,-0.33445,0.04276,0.00,0.00,0.00,atrás,1.00
0,11,123,-1.07329,-0.03117,-0.10291,0.22465,-0.27672,0.06216,0.00,0.00,0.00,atrás,1.00
0,11,124,-1.04847,-0.05222,-0.07954,0.21441,-0.20235,0.06063,0.00,0.00,0.00,atrás,1.00
0,11,125,-1.02852,-0.07960,-0.07021,0.21472,-0.18372,0.07605,0.00,0.00,0.00,atrás,1.00
0,11,126,-1.00845,-0.09772,-0.04746,0.17990,-0.23350,0.04215,0.00,0.00,0.00,atrás,1.00
0,11,127,-1.05475,-0.10144,-0.04819,0.10217,-0.13470,0.02535,0.00,0.00,0.00,atrás,1.00
0,11,128,-1.07573,-0.10266,-0.05270,0.04261,-0.09041,-0.06475,0.00,0.00,0.00,atrás,1.00
0,11,129,-1.05402,-0.07204,-0.06143,0.06704,-0.07178,-0.15119,0.00,0.00,0.00,atrás,1.00
0,11,130,-1.04231,-0.05618,-0.05350,0.06979,-0.03772,-0.18723,0.00,0.00,0.00,atrás,1.00
0,11,131,-1.01394,-0.04941,-0.04990,0.10431,-0.03818,-0.19563,0.00,0.00,0.00,atrás,1.00
0,11,132,-0.99564,-0.05234,-0.06057,0.07132,-0.03940,-0.13806,0.00,0.00,0.00,atrás,1.00
0,11,133,-0.98911,-0.05740,-0.06307,0.04765,-0.03070,-0.06384,0.00,0.00,0.00,atrás,1.00
0,11,134,-0.98887,-0.05911,-0.07338,0.05299,-0.05483,-0.01222,0.00,0.00,0.00,atrás,1.00
0,11,135,-0.98527,-0.05758,-0.06063,0.03497,-0.05284,0.01878,0.00,0.00,0.00,atrás,1.00
0,11,136,-1.01699,-0.05380,-0.07082,0.02627,0.01436,0.05818,0.00,0.00,0.00,atrás,1.00
0,11,137,-1.00778,-0.05795,-0.05777,0.05620,-0.00092,-0.01237,0.00,0.00,0.00,atrás,1.00
0,11,138,-0.99375,-0.05240,-0.06917,0.01772,0.03680,-0.02825,0.00,0.00,0.00,atrás,1.00
0,11,139,-0.99692,-0.04807,-0.06326,0.04291,0.00794,-0.04979,0.00,0.00,0.00,atrás,1.00
0,12,1,-0.97929,-0.01116,-0.05106,0.03910,-0.01833,-0.01802,0.00,0.00,0.00,atrás,1.00
0,12,2,-0.97179,-0.02495,-0.06710,0.04581,-0.01939,-0.02352,0.00,0.00,0.00,atrás,1.00
0,12,3,-0.96740,-0.02568,-0.06082,0.05483,-0.01344,-0.03589,0.00,0.00,0.00,atrás,1.00
0,12,4,-0.97039,-0.03379,-0.04880,0.05528,-0.02275,-0.00260,0.00,0.00,0.00,atrás,1.00
0,12,5,-0.95276,-0.03947,-0.06313,0.05162,-0.03955,-0.03390,0.00,0.00,0.00,atrás,1.00
0,12,6,-0.95105,-0.03337,-0.05789,-0.00137,-0.02703,0.00550,0.00,0.00,0.00,atrás,1.00
0,12,7,-0.94916,-0.03160,-0.05789,0.01344,-0.05895,0.00092,0.00,0.00,0.00,atrás,1.00
0,12,8,-0.95569,-0.02910,-0.05862,0.01161,-0.08002,-0.00351,0.00,0.00,0.00,atrás,1.00
0,12,9,-0.95965,-0.02751,-0.04892,-0.01695,-0.08888,-0.00932,0.00,0.00,0.00,atrás,1.00
0,12,10,-0.96349,-0.02702,-0.05069,0.00947,-0.11942,-0.03757,0.00,0.00,0.00,atrás,1.00
0,12,11,-0.95294,-0.01781,-0.06130,0.02092,-0.14676,-0.06048,0.00,0.00,0.00,atrás,1.00
0,12,12,-0.96252,-0.01238,-0.04197,0.00977,-0.12798,-0.02749,0.00,0.00,0.00,atrás,1.00
0,12,13,-0.98448,-0.00823,-0.05520,0.02520,-0.13531,-0.02337,0.00,0.00,0.00,atrás,1.00
0,12,14,-0.99351,-0.00159,-0.05496,0.04261,-0.12385,-0.02657,0.00,0.00,0.00,atrás,1.00
0,12,15,-1.02327,0.00470,-0.05100,0.04902,-0.08445,-0.02947,0.00,0.00,0.00,atrás,1.00
0,12,16,-1.03523,-0.00323,-0.05215,0.09957,-0.07697,-0.07361,0.00,0.00,0.00,atrás,1.00
0,12,17,-1.03791,-0.01763,-0.06643,0.10889,-0.04062,-0.07651,0.00,0.00,0.00,atrás,1.00
0,12,18,-1.03206,-0.03007,-0.05386,0.08674,-0.01008,-0.05574,0.00,0.00,0.00,atrás,1.00
0,12,19,-1.04664,-0.03953,-0.06246,0.09209,-0.02214,-0.05696,0.00,0.00,0.00,atrás,1.00
0,12,20,-1.06231,-0.03312,-0.04117,0.07453,-0.00137,-0.06582,0.00,0.00,0.00,atrás,1.00
0,12,21,-1.07384,-0.03379,-0.04856,0.04505,0.05574,-0.03054,0.00,0.00,0.00,atrás,1.00
0,12,22,-1.07525,-0.03684,-0.05002,0.06292,0.05696,-0.06261,0.00,0.00,0.00,atrás,1.00
0,12,23,-1.07653,-0.04270,-0.05246,0.02886,0.10797,-0.04490,0.00,0.00,0.00,atrás,1.00
0,12,24,-1.09867,-0.04014,-0.04691,0.02917,0.14355,-0.06842,0.00,0.00,0.00,atrás,1.00
0,12,25,-1.10264,-0.05600,-0.05618,0.05498,0.18723,-0.11301,0.00,0.00,0.00,atrás,1.00
0,12,26,-1.12136,-0.04642,-0.07814,0.01573,0.30910,-0.12263,0.00,0.00,0.00,atrás,1.00
0,12,27,-1.12289,-0.05941,-0.06692,0.01878,0.39767,-0.15531,0.00,0.00,0.00,atrás,1.00
0,12,28,-1.13051,-0.07192,-0.07387,0.00412,0.47480,-0.19349,0.00,0.00,0.00,atrás,1.00
0,12,29,-1.13552,-0.08388,-0.07588,-0.04994,0.59788,-0.20006,0.00,0.00,0.00,atrás,1.00
0,12,30,-1.13338,-0.08357,-0.08644,-0.07834,0.70051,-0.22190,0.00,0.00,0.00,atrás,1.00
0,12,31,-1.14241,-0.07649,-0.09083,-0.10278,0.80405,-0.22434,0.00,0.00,0.00,atrás,1.00
0,12,32,-1.15430,-0.08168,-0.11279,-0.17532,0.95570,-0.17791,0.00,0.00,0.00,atrás,1.00
0,12,33,-1.14479,-0.09473,-0.11017,-0.20097,1.08322,-0.20998,0.00,0.00,0.00,atrás,1.00
0,12,34,-1.13167,-0.06820,-0.13646,-0.21365,1.24494,-0.21533,0.00,0.00,0.00,atrás,1.00
0,12,35,-1.12698,-0.07265,-0.14140,-0.21334,1.35582,-0.23274,0.00,0.00,0.00,atrás,1.00
0,12,36,-1.12874,-0.05697,-0.16336,-0.19105,1.48746,-0.25290,0.00,0.00,0.00,atrás,1.00
0,12,37,-1.11526,0.00756,-0.16897,-0.13378,1.64628,-0.28497,0.00,0.00,0.00,atrás,1.00
0,12,38,-1.08946,0.05490,-0.17031,-0.02443,1.81030,-0.25733,0.00,0.00,0.00,atrás,1.00
0,12,39,-1.10434,0.06710,-0.19642,0.13836,1.95126,-0.23808,0.00,0.00,0.00,atrás,1.00
0,12,40,-1.05768,0.04081,-0.20301,0.22449,2.11451,-0.15440,0.00,0.00,0.00,atrás,1.00
0,12,41,-0.94989,0.02306,-0.17257,0.28787,2.11772,-0.03803,0.00,0.00,0.00,atrás,1.00
0,12,42,-0.94965,0.01476,-0.20307,0.30772,2.12016,0.14416,0.00,0.00,0.00,atrás,1.00
0,12,43,-0.95495,0.00067,-0.22698,0.26771,2.16934,0.33292,0.00,0.00,0.00,atrás,1.00
0,12,44,-0.95630,0.00030,-0.24144,0.27077,2.18736,0.51191,0.00,0.00,0.00,atrás,1.00
0,12,45,-0.96398,0.00579,-0.26901,0.28955,2.21210,0.64492,0.00,0.00,0.00,atrás,1.00
0,12,46,-0.99448,0.00030,-0.29164,0.27947,2.32434,0.79886,0.00,0.00,0.00,atrás,1.00
0,12,47,-0.95404,-0.00195,-0.28347,0.34911,2.36588,0.84742,0.00,0.00,0.00,atrás,1.00
0,12,48,-0.93617,0.00067,-0.32220,0.40424,2.37230,0.89476,0.00,0.00,0.00,atrás,1.00
0,12,49,-0.94934,0.01677,-0.32281,0.43494,2.40345,0.94608,0.00,0.00,0.00,atrás,1.00
0,12,50,-0.96709,0.01885,-0.35837,0.53955,2.43170,0.97525,0.00,0.00,0.00,atrás,1.00
0,12,51,-0.91055,-0.01787,-0.35368,0.59116,2.46347,0.92913,0.00,0.00,0.00,atrás,1.00
0,12,52,-0.83808,-0.06716,-0.38765,0.59116,2.41658,0.83887,0.00,0.00,0.00,atrás,1.00
0,12,53,-0.79337,-0.08235,-0.37131,0.53573,2.26707,0.68967,0.00,0.00,0.00,atrás,1.00
0,12,54,-0.74249,-0.05209,-0.40535,0.47617,2.10229,0.56795,0.00,0.00,0.00,atrás,1.00
0,12,55,-0.71888,-0.02885,-0.42846,0.41050,1.96653,0.54092,0.00,0.00,0.00,atrás,1.00
0,12,56,-0.73096,-0.04056,-0.46726,0.34682,1.87322,0.53344,0.00,0.00,0.00,atrás,1.00
0,12,57,-0.69918,-0.04270,-0.49294,0.29092,1.76861,0.50824,0.00,0.00,0.00,atrás,1.00
0,12,58,-0.68723,-0.02379,-0.49386,0.25244,1.68889,0.49618,0.00,0.00,0.00,atrás,1.00
0,12,59,-0.64190,0.00909,-0.54229,0.22846,1.50868,0.44731,0.00,0.00,0.00,atrás,1.00
0,12,60,-0.59853,0.02733,-0.53881,0.22174,1.35169,0.39294,0.00,0.00,0.00,atrás,1.00
0,12,61,-0.57218,0.04965,-0.57029,0.27901,1.21409,0.37965,0.00,0.00,0.00,atrás,1.00
0,12,62,-0.56462,0.06063,-0.58786,0.30482,1.06184,0.45968,0.00,0.00,0.00,atrás,1.00
0,12,63,-0.54705,0.03581,-0.61933,0.29551,0.97662,0.58613,0.00,0.00,0.00,atrás,1.00
0,12,64,-0.56895,-0.01189,-0.61201,0.25366,0.87842,0.69608,0.00,0.00,0.00,atrás,1.00
0,12,65,-0.58322,-0.01653,-0.59835,0.21732,0.73212,0.68111,0.00,0.00,0.00,atrás,1.00
0,12,66,-0.57486,-0.01903,-0.60445,0.11484,0.66004,0.67913,0.00,0.00,0.00,atrás,1.00
0,12,67,-0.56114,-0.03227,-0.60829,0.07330,0.53206,0.60567,0.00,0.00,0.00,atrás,1.00
0,12,68,-0.49623,-0.05795,-0.64001,0.00046,0.38530,0.51588,0.00,0.00,0.00,atrás,1.00
0,12,69,-0.43548,-0.07875,-0.61677,-0.14203,0.20571,0.47541,0.00,0.00,0.00,atrás,1.00
0,12,70,-0.40370,-0.08930,-0.62153,-0.23564,-0.06674,0.37538,0.00,0.00,0.00,atrás,1.00
0,12,71,-0.42383,-0.05283,-0.59841,-0.38072,-0.28421,0.29428,0.00,0.00,0.00,atrás,1.00
0,12,72,-0.47507,-0.00952,-0.60664,-0.46288,-0.47480,0.24343,0.00,0.00,0.00,atrás,1.00
0,12,73,-0.50551,0.02190,-0.59414,-0.47510,-0.63973,0.13332,0.00,0.00,0.00,atrás,1.00
0,12,74,-0.53021,0.05527,-0.60280,-0.49129,-0.74724,0.03390,0.00,0.00,0.00,atrás,1.00
0,12,75,-0.52161,0.06082,-0.58017,-0.45739,-0.89370,-0.10537,0.00,0.00,0.00,atrás,1.00
0,12,76,-0.53082,0.04203,-0.57981,-0.43341,-1.06474,-0.25840,0.00,0.00,0.00,atrás,1.00
0,12,77,-0.50337,0.04136,-0.54851,-0.46319,-1.23624,-0.34346,0.00,0.00,0.00,atrás,1.00
0,12,78,-0.52045,0.07442,-0.51655,-0.46899,-1.47952,-0.36392,0.00,0.00,0.00,atrás,1.00
0,12,79,-0.56706,0.12224,-0.51209,-0.46365,-1.69607,-0.35400,0.00,0.00,0.00,atrás,1.00
0,12,80,-0.63342,0.16568,-0.51502,-0.48472,-1.78541,-0.24786,0.00,0.00,0.00,atrás,1.00
0,12,81,-0.73542,0.16549,-0.54388,-0.42425,-1.80679,-0.17471,0.00,0.00,0.00,atrás,1.00
0,12,82,-0.80965,0.13072,-0.52838,-0.36026,-1.73409,-0.20159,0.00,0.00,0.00,atrás,1.00
0,12,83,-0.79983,0.09126,-0.52149,-0.36805,-1.65880,-0.24694,0.00,0.00,0.00,atrás,1.00
0,12,84,-0.76640,0.04441,-0.49593,-0.36682,-1.68797,-0.25641,0.00,0.00,0.00,atrás,1.00
0,12,85,-0.74908,0.00403,-0.45439,-0.48228,-1.73654,-0.27779,0.00,0.00,0.00,atrás,1.00
0,12,86,-0.71852,0.01513,-0.43157,-0.61300,-1.82863,-0.24221,0.00,0.00,0.00,atrás,1.00
0,12,87,-0.75378,0.06521,-0.39583,-0.64095,-1.93629,-0.24175,0.00,0.00,0.00,atrás,1.00
0,12,88,-0.81917,0.11633,-0.41053,-0.61835,-2.04884,-0.25275,0.00,0.00,0.00,atrás,1.00
0,12,89,-0.87931,0.15598,-0.41224,-0.49343,-2.11100,-0.39095,0.00,0.00,0.00,atrás,1.00
0,12,90,-1.01968,0.14799,-0.41163,-0.29810,-2.03449,-0.57696,0.00,0.00,0.00,atrás,1.00
0,12,91,-1.04548,0.12023,-0.38637,-0.19105,-1.83015,-0.83643,0.00,0.00,0.00,atrás,1.00
0,12,92,-1.00894,0.07857,-0.35795,-0.12798,-1.72753,-1.12934,0.00,0.00,0.00,atrás,1.00
0,12,93,-0.95654,0.04996,-0.35221,-0.11164,-1.76036,-1.25594,0.00,0.00,0.00,atrás,1.00
0,12,94,-0.92317,0.05240,-0.35618,-0.16280,-1.74860,-1.21180,0.00,0.00,0.00,atrás,1.00
0,12,95,-0.92122,0.07393,-0.31598,-0.19991,-1.74265,-1.11040,0.00,0.00,0.00,atrás,1.00
0,12,96,-0.92232,0.10638,-0.30274,-0.16386,-1.80358,-0.97723,0.00,0.00,0.00,atrás,1.00
0,12,97,-1.01059,0.10181,-0.33038,-0.14691,-1.76540,-0.82833,0.00,0.00,0.00,atrás,1.00
0,12,98,-1.09489,0.10083,-0.31476,-0.11927,-1.56534,-0.72586,0.00,0.00,0.00,atrás,1.00
0,12,99,-1.13972,0.07204,-0.30945,-0.07407,-1.38544,-0.74862,0.00,0.00,0.00,atrás,1.00
0,12,100,-1.10654,0.03880,-0.30390,-0.09026,-1.16736,-0.73594,0.00,0.00,0.00,atrás,1.00
0,12,101,-1.06872,0.03843,-0.28829,-0.07483,-1.06596,-0.69211,0.00,0.00,0.00,atrás,1.00
0,12,102,-1.05182,0.03953,-0.26962,-0.06475,-0.99021,-0.57269,0.00,0.00,0.00,atrás,1.00
0,12,103,-0.99765,0.03630,-0.23522,-0.12553,-0.89476,-0.30986,0.00,0.00,0.00,atrás,1.00
0,12,104,-0.93794,0.02184,-0.21210,-0.12431,-0.95081,-0.07376,0.00,0.00,0.00,atrás,1.00
0,12,105,-0.99406,0.01061,-0.23869,-0.16386,-0.96349,0.15058,0.00,0.00,0.00,atrás,1.00
0,12,106,-1.05469,0.02745,-0.21545,-0.17578,-0.87491,0.27443,0.00,0.00,0.00,atrás,1.00
0,12,107,-1.06207,0.03459,-0.21850,-0.09774,-0.80802,0.23472,0.00,0.00,0.00,atrás,1.00
0,12,108,-1.02236,0.03648,-0.21954,-0.05406,-0.72998,0.15928,0.00,0.00,0.00,atrás,1.00
0,12,109,-1.01059,0.01946,-0.21265,0.00932,-0.71868,0.05452,0.00,0.00,0.00,atrás,1.00
0,12,110,-0.98430,-0.01464,-0.18062,0.06399,-0.72983,-0.05712,0.00,0.00,0.00,atrás,1.00
0,12,111,-0.95441,-0.00281,-0.17281,0.02581,-0.74785,-0.11057,0.00,0.00,0.00,atrás,1.00
0,12,112,-0.92226,0.01446,-0.17483,-0.00367,-0.80527,-0.11729,0.00,0.00,0.00,atrás,1.00
0,12,113,-0.96063,0.01366,-0.17733,-0.00535,-0.85170,-0.13576,0.00,0.00,0.00,atrás,1.00
0,12,114,-0.99448,-0.00104,-0.18422,-0.06216,-0.76419,-0.08690,0.00,0.00,0.00,atrás,1.00
0,12,115,-1.01431,-0.00293,-0.18178,-0.07651,-0.74541,-0.08231,0.00,0.00,0.00,atrás,1.00
0,12,116,-1.03053,0.02281,-0.16708,-0.10873,-0.69211,-0.13806,0.00,0.00,0.00,atrás,1.00
0,12,117,-1.01437,0.04368,-0.16049,-0.09285,-0.60460,-0.13347,0.00,0.00,0.00,atrás,1.00
0,12,118,-0.99485,0.06814,-0.12834,-0.03803,-0.57650,-0.12034,0.00,0.00,0.00,atrás,1.00
0,12,119,-0.99863,0.07399,-0.13072,0.05849,-0.57864,-0.09514,0.00,0.00,0.00,atrás,1.00
0,12,120,-0.99155,0.06277,-0.13316,0.08063,-0.52122,-0.00611,0.00,0.00,0.00,atrás,1.00
0,12,121,-1.00967,0.04612,-0.13688,0.14981,-0.51862,0.01878,0.00,0.00,0.00,atrás,1.00
0,12,122,-1.03090,0.01964,-0.12554,0.15043,-0.45265,0.04551,0.00,0.00,0.00,atrás,1.00
0,12,123,-1.04109,-0.00665,-0.12090,0.12370,-0.36927,0.07483,0.00,0.00,0.00,atrás,1.00
0,12,124,-1.05298,-0.02708,-0.12328,0.19303,-0.35171,-0.00580,0.00,0.00,0.00,atrás,1.00
0,12,125,-1.01717,-0.04410,-0.13072,0.09071,-0.27306,-0.03024,0.00,0.00,0.00,atrás,1.00
0,12,126,-1.01034,-0.04423,-0.10285,0.05391,-0.26893,-0.08491,0.00,0.00,0.00,atrás,1.00
0,12,127,-0.97454,-0.04063,-0.08375,0.03085,-0.29734,-0.14462,0.00,0.00,0.00,atrás,1.00
0,12,128,-0.97014,-0.04612,-0.09132,-0.01634,-0.33033,-0.16814,0.00,0.00,0.00,atrás,1.00
0,12,129,-1.00644,-0.00933,-0.09290,-0.03451,-0.32788,-0.19044,0.00,0.00,0.00,atrás,1.00
0,12,130,-1.02700,0.00830,-0.09931,0.00412,-0.30391,-0.21900,0.00,0.00,0.00,atrás,1.00
0,12,131,-1.02431,0.02672,-0.10199,0.00535,-0.24007,-0.22678,0.00,0.00,0.00,atrás,1.00
0,12,132,-1.00449,0.02898,-0.10486,0.06613,-0.22358,-0.21182,0.00,0.00,0.00,atrás,1.00
0,12,133,-1.01028,0.01006,-0.08747,0.06658,-0.19181,-0.14829,0.00,0.00,0.00,atrás,1.00
0,12,134,-1.02334,0.00598,-0.08997,0.02902,-0.12767,-0.05651,0.00,0.00,0.00,atrás,1.00
0,12,135,-1.01059,0.00305,-0.09528,0.03543,-0.12462,-0.00428,0.00,0.00,0.00,atrás,1.00
0,12,136,-0.99082,-0.01189,-0.08991,0.02810,-0.12660,0.03711,0.00,0.00,0.00,atrás,1.00
0,12,137,-0.98259,-0.02379,-0.08095,-0.01512,-0.11484,0.07193,0.00,0.00,0.00,atrás,1.00
0,12,138,-0.97655,-0.02538,-0.06557,-0.05299,-0.13790,0.07162,0.00,0.00,0.00,atrás,1.00
0,12,139,-0.98850,-0.01348,-0.06722,-0.04444,-0.17929,0.01924,0.00,0.00,0.00,atrás,1.00
0,13,1,-0.97234,0.00573,-0.07735,0.03558,-0.03589,-0.01130,0.00,0.00,0.00,atrás,1.00
0,13,2,-0.96776,0.01372,-0.06399,0.01604,-0.02382,-0.03955,0.00,0.00,0.00,atrás,1.00
0,13,3,-0.96227,0.01580,-0.06100,0.02566,-0.05162,-0.07498,0.00,0.00,0.00,atrás,1.00
0,13,4,-0.96648,0.02172,-0.06405,0.03375,-0.06994,-0.08751,0.00,0.00,0.00,atrás,1.00
0,13,5,-0.97081,0.03337,-0.06582,0.04734,-0.06658,-0.07208,0.00,0.00,0.00,atrás,1.00
0,13,6,-0.97771,0.02684,-0.07710,0.04719,-0.04704,-0.04291,0.00,0.00,0.00,atrás,1.00
0,13,7,-0.97057,0.02361,-0.07149,0.06567,-0.04154,-0.01756,0.00,0.00,0.00,atrás,1.00
0,13,8,-0.96648,0.01025,-0.05954,0.04566,-0.03421,0.00947,0.00,0.00,0.00,atrás,1.00
0,13,9,-0.96014,0.00293,-0.05423,0.01359,-0.04505,0.02199,0.00,0.00,0.00,atrás,1.00
0,13,10,-0.96063,0.00006,-0.07552,0.02764,-0.06658,-0.00504,0.00,0.00,0.00,atrás,1.00
0,13,11,-0.96612,0.00464,-0.04935,0.00718,-0.07758,-0.02260,0.00,0.00,0.00,atrás,1.00
0,13,12,-0.98222,0.01476,-0.06789,0.04337,-0.10736,-0.06949,0.00,0.00,0.00,atrás,1.00
0,13,13,-0.99015,0.02287,-0.05929,-0.00458,-0.06353,-0.05055,0.00,0.00,0.00,atrás,1.00
0,13,14,-0.99326,0.02788,-0.08333,0.03558,-0.06261,-0.07544,0.00,0.00,0.00,atrás,1.00
0,13,15,-0.98887,0.02275,-0.06015,0.04795,-0.04154,-0.05666,0.00,0.00,0.00,atrás,1.00
0,13,16,-0.98253,0.02666,-0.05136,0.04322,-0.04093,-0.02779,0.00,0.00,0.00,atrás,1.00
0,13,17,-0.98667,0.01946,-0.05777,0.01298,-0.03406,0.01222,0.00,0.00,0.00,atrás,1.00
0,13,18,-0.97874,0.01360,-0.05033,0.06277,-0.06429,-0.00657,0.00,0.00,0.00,atrás,1.00
0,13,19,-0.99387,0.00945,-0.06021,0.03161,-0.05330,0.00687,0.00,0.00,0.00,atrás,1.00
0,13,20,-1.01071,0.00116,-0.03849,0.02016,-0.03009,-0.00214,0.00,0.00,0.00,atrás,1.00
0,13,21,-1.01473,-0.01336,-0.05850,0.01329,-0.02703,-0.04200,0.00,0.00,0.00,atrás,1.00
0,13,22,-1.00772,0.00256,-0.04685,-0.00825,-0.01680,-0.07193,0.00,0.00,0.00,atrás,1.00
0,13,23,-0.98698,0.01708,-0.06905,0.01619,-0.03833,-0.07850,0.00,0.00,0.00,atrás,1.00
0,13,24,-1.00016,0.02989,-0.05545,0.00580,-0.03024,-0.06109,0.00,0.00,0.00,atrás,1.00
0,13,25,-0.99399,0.03715,-0.07052,-0.00046,-0.01848,-0.03711,0.00,0.00,0.00,atrás,1.00
0,13,26,-0.98741,0.03758,-0.07851,0.02779,-0.02886,-0.01710,0.00,0.00,0.00,atrás,1.00
0,13,27,-0.98716,0.03849,-0.06863,0.03528,-0.00962,0.01848,0.00,0.00,0.00,atrás,1.00
0,13,28,-1.01101,0.02965,-0.07418,0.03085,-0.00473,0.00794,0.00,0.00,0.00,atrás,1.00
0,13,29,-1.01968,0.01940,-0.05716,0.04612,0.00275,-0.02062,0.00,0.00,0.00,atrás,1.00
0,13,30,-1.02327,0.01861,-0.08046,0.04352,0.01604,-0.05620,0.00,0.00,0.00,atrás,1.00
0,13,31,-1.04627,0.01812,-0.05752,0.03772,0.06322,-0.06277,0.00,0.00,0.00,atrás,1.00
0,13,32,-1.05133,0.02593,-0.06332,0.06063,0.08094,-0.11393,0.00,0.00,0.00,atrás,1.00
0,13,33,-1.05091,0.02098,-0.07192,0.02443,0.15913,-0.08934,0.00,0.00,0.00,atrás,1.00
0,13,34,-1.04517,0.01647,-0.08766,0.02398,0.21579,-0.12187,0.00,0.00,0.00,atrás,1.00
0,13,35,-1.01089,0.01671,-0.07784,0.05895,0.21166,-0.14004,0.00,0.00,0.00,atrás,1.00
0,13,36,-0.97185,0.01787,-0.06618,0.04078,0.20785,-0.12584,0.00,0.00,0.00,atrás,1.00
0,13,37,-0.93159,0.01501,-0.05868,0.05681,0.14126,-0.10705,0.00,0.00,0.00,atrás,1.00
0,13,38,-0.92500,0.03282,-0.06551,0.02856,0.08216,-0.04429,0.00,0.00,0.00,atrás,1.00
0,13,39,-0.94788,0.01921,-0.06399,0.04093,0.04658,0.07330,0.00,0.00,0.00,atrás,1.00
0,13,40,-1.00571,0.02080,-0.07686,0.04139,0.05742,0.04643,0.00,0.00,0.00,atrás,1.00
0,13,41,-1.02309,0.02934,-0.11328,0.05116,0.09743,0.02459,0.00,0.00,0.00,atrás,1.00
0,13,42,-1.02523,0.01739,-0.10754,0.07025,0.16005,-0.00626,0.00,0.00,0.00,atrás,1.00
0,13,43,-1.01095,0.00079,-0.10480,0.10476,0.18082,-0.05421,0.00,0.00,0.00,atrás,1.00
0,13,44,-0.97862,-0.00104,-0.06466,0.08903,0.19914,-0.04383,0.00,0.00,0.00,atrás,1.00
0,13,45,-0.98137,0.00098,-0.08076,0.04505,0.21151,-0.06811,0.00,0.00,0.00,atrás,1.00
0,13,46,-1.02157,0.01043,-0.09193,0.05391,0.21365,-0.08980,0.00,0.00,0.00,atrás,1.00
0,13,47,-1.07116,0.02050,-0.10913,0.05559,0.29505,-0.11377,0.00,0.00,0.00,atrás,1.00
0,13,48,-1.11581,0.01610,-0.11712,0.06643,0.44502,-0.13699,0.00,0.00,0.00,atrás,1.00
0,13,49,-1.13991,0.00152,-0.12029,0.08537,0.56917,-0.19945,0.00,0.00,0.00,atrás,1.00
0,13,50,-1.12258,0.01055,-0.12840,0.09056,0.72082,-0.25427,0.00,0.00,0.00,atrás,1.00
0,13,51,-1.11673,-0.01128,-0.12920,0.08033,0.88102,-0.28665,0.00,0.00,0.00,atrás,1.00
0,13,52,-1.10953,-0.01787,-0.12950,0.09881,0.98792,-0.32086,0.00,0.00,0.00,atrás,1.00
0,13,53,-1.13966,-0.00055,-0.14237,0.03390,1.20524,-0.29031,0.00,0.00,0.00,atrás,1.00
0,13,54,-1.18505,0.01293,-0.16903,0.08292,1.34253,-0.31444,0.00,0.00,0.00,atrás,1.00
0,13,55,-1.16260,0.02946,-0.15585,0.11561,1.52823,-0.32406,0.00,0.00,0.00,atrás,1.00
0,13,56,-1.15534,0.01074,-0.17214,0.15195,1.67347,-0.33689,0.00,0.00,0.00,atrás,1.00
0,13,57,-1.17901,0.02965,-0.17916,0.20097,1.81855,-0.28329,0.00,0.00,0.00,atrás,1.00
0,13,58,-1.20762,0.03032,-0.21033,0.21197,2.05999,-0.22709,0.00,0.00,0.00,atrás,1.00
0,13,59,-1.22098,0.03739,-0.23333,0.26252,2.29731,-0.14478,0.00,0.00,0.00,atrás,1.00
0,13,60,-1.18846,-0.00030,-0.21649,0.29230,2.47400,-0.04551,0.00,0.00,0.00,atrás,1.00
0,13,61,-1.13826,-0.03819,-0.22552,0.27718,2.58625,0.02718,0.00,0.00,0.00,atrás,1.00
0,13,62,-1.10355,-0.05801,-0.23211,0.21625,2.68475,0.11057,0.00,0.00,0.00,atrás,1.00
0,13,63,-1.04164,-0.04209,-0.24443,0.22144,2.64566,0.08858,0.00,0.00,0.00,atrás,1.00
0,13,64,-1.02010,0.01812,-0.26431,0.21900,2.65284,0.15272,0.00,0.00,0.00,atrás,1.00
0,13,65,-1.06555,0.07381,-0.32946,0.26680,2.71255,0.26848,0.00,0.00,0.00,atrás,1.00
0,13,66,-1.01919,0.06466,-0.33025,0.40729,2.76859,0.22327,0.00,0.00,0.00,atrás,1.00
0,13,67,-0.93641,0.01360,-0.35057,0.39767,2.78952,0.24389,0.00,0.00,0.00,atrás,1.00
0,13,68,-0.93391,-0.05466,-0.40071,0.35033,2.79074,0.29520,0.00,0.00,0.00,atrás,1.00
0,13,69,-0.72901,-0.11974,-0.39070,0.32498,2.62168,0.24358,0.00,0.00,0.00,atrás,1.00
0,13,70,-0.60707,-0.13920,-0.40297,0.16005,2.35489,0.20815,0.00,0.00,0.00,atrás,1.00
0,13,71,-0.60158,-0.05746,-0.40955,-0.01390,2.05602,0.32529,0.00,0.00,0.00,atrás,1.00
0,13,72,-0.59512,-0.00878,-0.48117,-0.03009,1.78861,0.39951,0.00,0.00,0.00,atrás,1.00
0,13,73,-0.60610,-0.00549,-0.50843,-0.03665,1.65453,0.44624,0.00,0.00,0.00,atrás,1.00
0,13,74,-0.61830,0.00329,-0.52246,-0.00443,1.47051,0.41004,0.00,0.00,0.00,atrás,1.00
0,13,75,-0.65075,-0.00458,-0.53466,-0.00397,1.32695,0.28008,0.00,0.00,0.00,atrás,1.00
0,13,76,-0.64385,0.00799,-0.53473,0.01374,1.25762,0.26298,0.00,0.00,0.00,atrás,1.00
0,13,77,-0.64038,0.00878,-0.56614,0.01772,1.14507,0.24328,0.00,0.00,0.00,atrás,1.00
0,13,78,-0.62128,-0.00128,-0.57590,0.01359,1.09269,0.25916,0.00,0.00,0.00,atrás,1.00
0,13,79,-0.57785,-0.00555,-0.56413,-0.07636,0.99922,0.28573,0.00,0.00,0.00,atrás,1.00
0,13,80,-0.54778,0.01671,-0.57438,-0.03940,0.80344,0.28482,0.00,0.00,0.00,atrás,1.00
0,13,81,-0.50008,0.03953,-0.58438,-0.07391,0.66157,0.35843,0.00,0.00,0.00,atrás,1.00
0,13,82,-0.49947,0.02867,-0.62037,-0.12798,0.53542,0.41646,0.00,0.00,0.00,atrás,1.00
0,13,83,-0.46592,0.02745,-0.59438,-0.10812,0.32345,0.49801,0.00,0.00,0.00,atrás,1.00
0,13,84,-0.46561,0.00921,-0.59170,-0.16096,0.15882,0.49083,0.00,0.00,0.00,atrás,1.00
0,13,85,-0.54546,0.02641,-0.59896,-0.22419,0.04933,0.50473,0.00,0.00,0.00,atrás,1.00
0,13,86,-0.55382,0.02812,-0.61372,-0.16921,-0.07651,0.40027,0.00,0.00,0.00,atrás,1.00
0,13,87,-0.52960,0.01074,-0.61299,-0.19731,-0.12416,0.27245,0.00,0.00,0.00,atrás,1.00
0,13,88,-0.49544,-0.01232,-0.59756,-0.18265,-0.27046,0.11179,0.00,0.00,0.00,atrás,1.00
0,13,89,-0.44890,-0.00677,-0.56553,-0.22190,-0.46960,-0.02016,0.00,0.00,0.00,atrás,1.00
0,13,90,-0.41169,0.02269,-0.57993,-0.26389,-0.73823,-0.08018,0.00,0.00,0.00,atrás,1.00
0,13,91,-0.41694,0.04142,-0.56565,-0.28359,-0.94547,-0.06154,0.00,0.00,0.00,atrás,1.00
0,13,92,-0.45964,0.09571,-0.55297,-0.25061,-1.16843,-0.00825,0.00,0.00,0.00,atrás,1.00
0,13,93,-0.61415,0.07967,-0.57438,-0.28069,-1.20127,0.03009,0.00,0.00,0.00,atrás,1.00
0,13,94,-0.69644,0.06594,-0.55583,-0.29612,-1.13483,-0.01741,0.00,0.00,0.00,atrás,1.00
0,13,95,-0.72712,0.06393,-0.54296,-0.17578,-1.20218,-0.25351,0.00,0.00,0.00,atrás,1.00
0,13,96,-0.74749,0.07039,-0.54656,-0.14630,-1.10628,-0.34682,0.00,0.00,0.00,atrás,1.00
0,13,97,-0.73218,0.08522,-0.53222,-0.10415,-1.12033,-0.40516,0.00,0.00,0.00,atrás,1.00
0,13,98,-0.68503,0.09992,-0.50386,-0.04780,-1.18141,-0.35354,0.00,0.00,0.00,atrás,1.00
0,13,99,-0.64672,0.13493,-0.49605,0.01848,-1.31748,-0.22953,0.00,0.00,0.00,atrás,1.00
0,13,100,-0.67466,0.17361,-0.48361,0.12339,-1.50441,-0.05681,0.00,0.00,0.00,atrás,1.00
0,13,101,-0.76439,0.17599,-0.49386,0.19196,-1.52900,0.09453,0.00,0.00,0.00,atrás,1.00
0,13,102,-0.80465,0.13804,-0.48623,0.29077,-1.55832,0.17532,0.00,0.00,0.00,atrás,1.00
0,13,103,-0.88572,0.04587,-0.50679,0.36301,-1.52945,0.08216,0.00,0.00,0.00,atrás,1.00
0,13,104,-0.88017,-0.07412,-0.49117,0.32941,-1.41889,-0.14157,0.00,0.00,0.00,atrás,1.00
0,13,105,-0.81032,-0.15787,-0.45445,0.20464,-1.40560,-0.48762,0.00,0.00,0.00,atrás,1.00
0,13,106,-0.75317,-0.13865,-0.42724,0.02367,-1.64353,-0.77336,0.00,0.00,0.00,atrás,1.00
0,13,107,-0.64660,-0.10992,-0.38210,-0.17532,-1.85230,-0.90057,0.00,0.00,0.00,atrás,1.00
0,13,108,-0.61775,-0.06484,-0.35099,-0.26725,-2.17010,-0.93585,0.00,0.00,0.00,atrás,1.00
0,13,109,-0.75128,0.07235,-0.36429,-0.29199,-2.35168,-0.88163,0.00,0.00,0.00,atrás,1.00
0,13,110,-0.88907,0.12462,-0.36100,-0.20800,-2.31182,-0.80711,0.00,0.00,0.00,atrás,1.00
0,13,111,-0.90054,0.13621,-0.31769,-0.02291,-2.31319,-0.82925,0.00,0.00,0.00,atrás,1.00
0,13,112,-0.90451,0.14018,-0.29756,0.15058,-2.33259,-0.82345,0.00,0.00,0.00,atrás,1.00
0,13,113,-0.93141,0.10242,-0.30116,0.23366,-2.24371,-0.68325,0.00,0.00,0.00,atrás,1.00
0,13,114,-0.97667,0.00872,-0.28585,0.23518,-2.17636,-0.51099,0.00,0.00,0.00,atrás,1.00
0,13,115,-1.01919,-0.06015,-0.29201,0.11820,-2.01967,-0.43035,0.00,0.00,0.00,atrás,1.00
0,13,116,-1.07689,-0.10388,-0.26608,0.04062,-1.87307,-0.38408,0.00,0.00,0.00,atrás,1.00
0,13,117,-1.08915,-0.11621,-0.26047,-0.01390,-1.77334,-0.45983,0.00,0.00,0.00,atrás,1.00
0,13,118,-1.12106,-0.11065,-0.23211,-0.14569,-1.59023,-0.51481,0.00,0.00,0.00,atrás,1.00
0,13,119,-1.12063,-0.05106,-0.20252,-0.23472,-1.45936,-0.53710,0.00,0.00,0.00,atrás,1.00
0,13,120,-1.11404,0.00360,-0.17233,-0.19624,-1.36208,-0.52534,0.00,0.00,0.00,atrás,1.00
0,13,121,-1.12094,0.08296,-0.20990,-0.12309,-1.22265,-0.41783,0.00,0.00,0.00,atrás,1.00
0,13,122,-1.08281,0.12572,-0.18574,0.02199,-1.08719,-0.22785,0.00,0.00,0.00,atrás,1.00
0,13,123,-1.03206,0.12609,-0.16653,0.23305,-1.04931,-0.03375,0.00,0.00,0.00,atrás,1.00
0,13,124,-1.02041,0.06789,-0.15506,0.32712,-1.01312,0.17669,0.00,0.00,0.00,atrás,1.00
0,13,125,-1.01059,-0.01287,-0.16952,0.33567,-0.94379,0.34850,0.00,0.00,0.00,atrás,1.00
0,13,126,-1.04383,-0.11846,-0.17507,0.27565,-0.84177,0.41814,0.00,0.00,0.00,atrás,1.00
0,13,127,-1.03572,-0.19502,-0.16317,0.07514,-0.78084,0.38393,0.00,0.00,0.00,atrás,1.00
0,13,128,-1.04090,-0.21948,-0.15488,-0.06949,-0.77794,0.18723,0.00,0.00,0.00,atrás,1.00
0,13,129,-1.04310,-0.18361,-0.15158,-0.19823,-0.76007,-0.05757,0.00,0.00,0.00,atrás,1.00
0,13,130,-1.02840,-0.12121,-0.12127,-0.30284,-0.70295,-0.26069,0.00,0.00,0.00,atrás,1.00
0,13,131,-1.00162,-0.05880,-0.08869,-0.31887,-0.71945,-0.44288,0.00,0.00,0.00,atrás,1.00
0,13,132,-0.98527,0.00061,-0.08204,-0.31887,-0.72739,-0.52351,0.00,0.00,0.00,atrás,1.00
0,13,133,-0.97210,0.04392,-0.08436,-0.20281,-0.76007,-0.52153,0.00,0.00,0.00,atrás,1.00
0,13,134,-1.01449,0.06618,-0.09522,-0.12675,-0.73487,-0.38378,0.00,0.00,0.00,atrás,1.00
0,13,135,-1.03993,0.06381,-0.10724,-0.00580,-0.69791,-0.27657,0.00,0.00,0.00,atrás,1.00
0,13,136,-1.07061,0.04276,-0.11883,0.02413,-0.55299,-0.09438,0.00,0.00,0.00,atrás,1.00
0,13,137,-1.09532,0.00952,-0.12859,0.12798,-0.49114,-0.03115,0.00,0.00,0.00,atrás,1.00
0,13,138,-1.07616,-0.01623,-0.09668,0.14875,-0.37782,0.03711,0.00,0.00,0.00,atrás,1.00
0,13,139,-1.06799,-0.04862,-0.08552,0.13546,-0.31215,0.08155,0.00,0.00,0.00,atrás,1.00
0,13,140,-1.05762,-0.05966,-0.06582,0.11805,-0.27168,0.07483,0.00,0.00,0.00,atrás,1.00
0,13,141,-1.05237,-0.05563,-0.06765,0.04734,-0.20953,0.10278,0.00,0.00,0.00,atrás,1.00
0,13,142,-1.04279,-0.04587,-0.06008,0.02153,-0.19074,0.10171,0.00,0.00,0.00,atrás,1.00
0,13,143,-1.04084,-0.04825,-0.07149,0.04093,-0.20754,0.03772,0.00,0.00,0.00,atrás,1.00
0,14,1,-0.95959,-0.01372,-0.09607,0.01527,-0.10766,-0.03344,0.00,0.00,0.00,atrás,1.00
0,14,2,-0.95746,-0.01574,-0.09961,0.00932,-0.11438,-0.04123,0.00,0.00,0.00,atrás,1.00
0,14,3,-0.96227,-0.01080,-0.07344,0.01145,-0.11866,-0.03344,0.00,0.00,0.00,atrás,1.00
0,14,4,-0.95502,-0.00756,-0.09357,0.03497,-0.14645,-0.04612,0.00,0.00,0.00,atrás,1.00
0,14,5,-0.95904,-0.00256,-0.07802,-0.00702,-0.11148,0.02001,0.00,0.00,0.00,atrás,1.00
0,14,6,-0.96087,-0.00439,-0.08997,0.02321,-0.14019,0.02046,0.00,0.00,0.00,atrás,1.00
0,14,7,-0.96453,-0.00781,-0.08125,0.02199,-0.17028,0.01970,0.00,0.00,0.00,atrás,1.00
0,14,8,-0.97734,-0.01244,-0.08119,0.00855,-0.14523,0.02520,0.00,0.00,0.00,atrás,1.00
0,14,9,-0.99131,-0.01543,-0.08150,0.01481,-0.13943,0.01252,0.00,0.00,0.00,atrás,1.00
0,14,10,-1.00638,-0.01464,-0.08436,0.00382,-0.11408,-0.00397,0.00,0.00,0.00,atrás,1.00
0,14,11,-1.01107,-0.01616,-0.07942,0.00886,-0.07972,-0.03009,0.00,0.00,0.00,atrás,1.00
0,14,12,-1.03041,-0.01366,-0.05948,0.02825,-0.07880,-0.08476,0.00,0.00,0.00,atrás,1.00
0,14,13,-1.02456,-0.00726,-0.08211,0.02169,-0.06078,-0.09957,0.00,0.00,0.00,atrás,1.00
0,14,14,-1.01669,-0.01385,-0.08455,0.00137,-0.03635,-0.07727,0.00,0.00,0.00,atrás,1.00
0,14,15,-1.00790,-0.02178,-0.07814,-0.02505,-0.04291,-0.06628,0.00,0.00,0.00,atrás,1.00
0,14,16,-0.99985,-0.02306,-0.05923,-0.02398,-0.06109,-0.04780,0.00,0.00,0.00,atrás,1.00
0,14,17,-0.99735,-0.01183,-0.07247,-0.06521,-0.05162,-0.00916,0.00,0.00,0.00,atrás,1.00
0,14,18,-1.01650,-0.00464,-0.08583,-0.04398,-0.05880,-0.01649,0.00,0.00,0.00,atrás,1.00
0,14,19,-1.03352,0.01080,-0.06917,-0.05803,-0.00870,-0.01252,0.00,0.00,0.00,atrás,1.00
0,14,20,-1.04481,0.01671,-0.08064,-0.02321,0.03314,-0.02337,0.00,0.00,0.00,atrás,1.00
0,14,21,-1.04420,0.01074,-0.07314,0.01573,0.04123,-0.05406,0.00,0.00,0.00,atrás,1.00
0,14,22,-1.03724,0.00525,-0.06570,0.00733,0.08002,-0.05513,0.00,0.00,0.00,atrás,1.00
0,14,23,-1.05939,-0.00030,-0.05911,0.01390,0.10782,-0.05421,0.00,0.00,0.00,atrás,1.00
0,14,24,-1.08659,0.00579,-0.06234,0.02642,0.15256,-0.09652,0.00,0.00,0.00,atrás,1.00
0,14,25,-1.10892,0.01360,-0.07991,0.01436,0.26527,-0.09957,0.00,0.00,0.00,atrás,1.00
0,14,26,-1.10556,0.00817,-0.09504,0.03070,0.35552,-0.14233,0.00,0.00,0.00,atrás,1.00
0,14,27,-1.08501,0.00165,-0.08351,0.07147,0.38790,-0.18189,0.00,0.00,0.00,atrás,1.00
0,14,28,-1.04987,-0.00250,-0.08113,0.02443,0.45097,-0.13943,0.00,0.00,0.00,atrás,1.00
0,14,29,-1.04584,-0.01000,-0.08638,0.01680,0.44960,-0.12202,0.00,0.00,0.00,atrás,1.00
0,14,30,-1.07482,-0.02233,-0.10779,-0.02627,0.51053,-0.09804,0.00,0.00,0.00,atrás,1.00
0,14,31,-1.11575,-0.03245,-0.13841,-0.06979,0.63148,-0.06506,0.00,0.00,0.00,atrás,1.00
0,14,32,-1.13966,-0.04044,-0.15055,-0.07422,0.78007,-0.12737,0.00,0.00,0.00,atrás,1.00
0,14,33,-1.10319,-0.03166,-0.15116,-0.04917,0.84926,-0.21655,0.00,0.00,0.00,atrás,1.00
0,14,34,-1.09251,-0.02318,-0.16153,-0.09316,0.97311,-0.20143,0.00,0.00,0.00,atrás,1.00
0,14,35,-1.08061,-0.00299,-0.13560,-0.04520,0.99968,-0.21212,0.00,0.00,0.00,atrás,1.00
0,14,36,-1.07531,0.02513,-0.15500,-0.06384,1.10444,-0.15088,0.00,0.00,0.00,atrás,1.00
0,14,37,-1.08208,0.04081,-0.18544,-0.04704,1.24723,-0.04276,0.00,0.00,0.00,atrás,1.00
0,14,38,-1.10721,0.03825,-0.19587,0.04551,1.32313,-0.01772,0.00,0.00,0.00,atrás,1.00
0,14,39,-1.10916,0.02525,-0.21563,0.05635,1.51510,0.08323,0.00,0.00,0.00,atrás,1.00
0,14,40,-1.12996,0.00293,-0.22314,0.09927,1.67499,0.08384,0.00,0.00,0.00,atrás,1.00
0,14,41,-1.09086,-0.00531,-0.20276,0.13118,1.76952,0.07911,0.00,0.00,0.00,atrás,1.00
0,14,42,-1.05695,-0.00860,-0.20356,0.08705,1.87169,0.15165,0.00,0.00,0.00,atrás,1.00
0,14,43,-1.01675,-0.00756,-0.19538,0.08537,1.86803,0.12416,0.00,0.00,0.00,atrás,1.00
0,14,44,-0.95868,-0.01909,-0.20844,0.07147,1.87383,0.13668,0.00,0.00,0.00,atrás,1.00
0,14,45,-0.95471,-0.02105,-0.24296,0.04520,1.86497,0.17822,0.00,0.00,0.00,atrás,1.00
0,14,46,-0.93891,-0.01208,-0.25669,0.06979,1.81702,0.17715,0.00,0.00,0.00,atrás,1.00
0,14,47,-0.92177,-0.00305,-0.27517,0.09224,1.75853,0.12492,0.00,0.00,0.00,atrás,1.00
0,14,48,-0.92439,-0.01208,-0.29213,0.07330,1.75181,0.19532,0.00,0.00,0.00,atrás,1.00
0,14,49,-0.92073,-0.02281,-0.31842,0.10797,1.68522,0.17791,0.00,0.00,0.00,atrás,1.00
0,14,50,-0.93763,-0.03971,-0.34557,0.04917,1.71027,0.17654,0.00,0.00,0.00,atrás,1.00
0,14,51,-0.89963,-0.04941,-0.34136,0.01924,1.71897,0.10751,0.00,0.00,0.00,atrás,1.00
0,14,52,-0.87633,-0.04056,-0.35508,0.00840,1.64949,0.01206,0.00,0.00,0.00,atrás,1.00
0,14,53,-0.85223,-0.02605,-0.39485,-0.01573,1.60520,-0.01802,0.00,0.00,0.00,atrás,1.00
0,14,54,-0.85028,-0.00872,-0.40827,-0.03894,1.59283,-0.01176,0.00,0.00,0.00,atrás,1.00
0,14,55,-0.83302,0.02660,-0.39894,-0.00932,1.51372,-0.00718,0.00,0.00,0.00,atrás,1.00
0,14,56,-0.83558,0.02342,-0.44262,-0.01817,1.51556,0.06322,0.00,0.00,0.00,atrás,1.00
0,14,57,-0.81856,0.02739,-0.45994,-0.01802,1.55450,0.14019,0.00,0.00,0.00,atrás,1.00
0,14,58,-0.79733,0.00287,-0.47306,-0.00870,1.44836,0.18601,0.00,0.00,0.00,atrás,1.00
0,14,59,-0.77439,-0.01287,-0.48678,-0.04673,1.43538,0.22266,0.00,0.00,0.00,atrás,1.00
0,14,60,-0.77446,-0.01061,-0.49172,-0.03940,1.36467,0.17547,0.00,0.00,0.00,atrás,1.00
0,14,61,-0.75561,-0.01324,-0.49337,-0.07773,1.29442,0.11102,0.00,0.00,0.00,atrás,1.00
0,14,62,-0.79123,0.02861,-0.49459,-0.05986,1.26205,0.03879,0.00,0.00,0.00,atrás,1.00
0,14,63,-0.80953,0.02775,-0.50069,0.02245,1.22708,-0.07773,0.00,0.00,0.00,atrás,1.00
0,14,64,-0.77128,0.02672,-0.53015,0.03955,1.20967,-0.18479,0.00,0.00,0.00,atrás,1.00
0,14,65,-0.73779,0.00098,-0.54394,0.09331,1.21532,-0.29077,0.00,0.00,0.00,atrás,1.00
0,14,66,-0.72242,-0.01311,-0.55986,0.08155,1.17744,-0.40088,0.00,0.00,0.00,atrás,1.00
0,14,67,-0.70486,0.07594,-0.54369,0.14584,1.06413,-0.50671,0.00,0.00,0.00,atrás,1.00
0,14,68,-0.66935,0.14683,-0.56510,0.25580,1.04183,-0.51725,0.00,0.00,0.00,atrás,1.00
0,14,69,-0.60244,0.17092,-0.58603,0.41966,0.91645,-0.52595,0.00,0.00,0.00,atrás,1.00
0,14,70,-0.51014,0.13871,-0.60018,0.58170,0.81092,-0.42302,0.00,0.00,0.00,atrás,1.00
0,14,71,-0.43054,0.09894,-0.60390,0.64782,0.57925,-0.30085,0.00,0.00,0.00,atrás,1.00
0,14,72,-0.45689,0.03209,-0.59585,0.63118,0.35491,-0.10797,0.00,0.00,0.00,atrás,1.00
0,14,73,-0.48721,-0.05289,-0.60408,0.49877,0.20052,-0.02001,0.00,0.00,0.00,atrás,1.00
0,14,74,-0.47312,-0.09284,-0.58932,0.38423,0.03833,-0.00107,0.00,0.00,0.00,atrás,1.00
0,14,75,-0.48940,-0.09449,-0.58932,0.26405,-0.17287,-0.05986,0.00,0.00,0.00,atrás,1.00
0,14,76,-0.46940,-0.11145,-0.58340,0.16829,-0.35522,-0.11545,0.00,0.00,0.00,atrás,1.00
0,14,77,-0.47550,-0.10401,-0.57169,0.07727,-0.53603,-0.15470,0.00,0.00,0.00,atrás,1.00
0,14,78,-0.53290,-0.08552,-0.57444,0.00229,-0.70051,-0.15531,0.00,0.00,0.00,atrás,1.00
0,14,79,-0.58432,-0.06399,-0.55559,-0.05803,-0.80802,-0.13027,0.00,0.00,0.00,atrás,1.00
0,14,80,-0.63025,-0.03800,-0.56907,-0.10492,-0.84926,-0.05559,0.00,0.00,0.00,atrás,1.00
0,14,81,-0.65984,-0.01287,-0.56029,-0.10156,-0.87873,0.02856,0.00,0.00,0.00,atrás,1.00
0,14,82,-0.67673,-0.00988,-0.55388,-0.12798,-0.87094,0.16997,0.00,0.00,0.00,atrás,1.00
0,14,83,-0.69424,-0.00201,-0.52344,-0.08751,-0.91217,0.27458,0.00,0.00,0.00,atrás,1.00
0,14,84,-0.70974,-0.00079,-0.55297,-0.09529,-0.92913,0.38927,0.00,0.00,0.00,atrás,1.00
0,14,85,-0.71535,-0.02653,-0.53393,-0.08537,-0.95692,0.47907,0.00,0.00,0.00,atrás,1.00
0,14,86,-0.70900,-0.04825,-0.51923,-0.09392,-1.05664,0.53802,0.00,0.00,0.00,atrás,1.00
0,14,87,-0.68515,-0.05100,-0.50215,-0.09407,-1.19852,0.48625,0.00,0.00,0.00,atrás,1.00
0,14,88,-0.66441,-0.04130,-0.48342,-0.15256,-1.31535,0.51862,0.00,0.00,0.00,atrás,1.00
0,14,89,-0.69229,-0.04349,-0.49758,-0.17410,-1.48257,0.51282,0.00,0.00,0.00,atrás,1.00
0,14,90,-0.72907,-0.03562,-0.48117,-0.17898,-1.54992,0.48060,0.00,0.00,0.00,atrás,1.00
0,14,91,-0.84210,-0.01616,-0.47751,-0.20815,-1.54381,0.40439,0.00,0.00,0.00,atrás,1.00
0,14,92,-0.98082,-0.07887,-0.48562,-0.20449,-1.41507,0.25244,0.00,0.00,0.00,atrás,1.00
0,14,93,-1.00839,-0.08845,-0.48031,-0.29092,-1.24678,-0.01649,0.00,0.00,0.00,atrás,1.00
0,14,94,-0.97881,-0.07662,-0.46506,-0.31032,-1.15622,-0.25595,0.00,0.00,0.00,atrás,1.00
0,14,95,-0.90561,-0.04380,-0.43828,-0.32651,-1.14354,-0.40668,0.00,0.00,0.00,atrás,1.00
0,14,96,-0.82545,-0.00897,-0.41071,-0.38133,-1.18691,-0.41478,0.00,0.00,0.00,atrás,1.00
0,14,97,-0.72486,0.03483,-0.38558,-0.37018,-1.37720,-0.33109,0.00,0.00,0.00,atrás,1.00
0,14,98,-0.64306,0.10773,-0.37558,-0.31124,-1.68706,-0.16799,0.00,0.00,0.00,atrás,1.00
0,14,99,-0.63043,0.17513,-0.35045,-0.21930,-1.93812,0.09438,0.00,0.00,0.00,atrás,1.00
0,14,100,-0.77622,0.18245,-0.39638,-0.09423,-2.08152,0.35537,0.00,0.00,0.00,atrás,1.00
0,14,101,-0.98186,0.07991,-0.42432,-0.06475,-1.85382,0.47770,0.00,0.00,0.00,atrás,1.00
0,14,102,-1.04847,0.00805,-0.41541,-0.09194,-1.51861,0.35690,0.00,0.00,0.00,atrás,1.00
0,14,103,-1.02547,-0.05362,-0.36155,-0.01619,-1.40285,-0.07254,0.00,0.00,0.00,atrás,1.00
0,14,104,-0.94160,-0.06149,-0.32379,-0.02886,-1.37231,-0.48793,0.00,0.00,0.00,atrás,1.00
0,14,105,-0.86162,-0.03056,-0.27023,-0.11423,-1.42866,-0.71532,0.00,0.00,0.00,atrás,1.00
0,14,106,-0.85979,0.03648,-0.25132,-0.04337,-1.58031,-0.93264,0.00,0.00,0.00,atrás,1.00
0,14,107,-0.86711,0.11242,-0.23076,0.01710,-1.69927,-1.02763,0.00,0.00,0.00,atrás,1.00
0,14,108,-0.87773,0.16049,-0.23516,0.13363,-1.81992,-1.03587,0.00,0.00,0.00,atrás,1.00
0,14,109,-0.91384,0.16043,-0.25687,0.29688,-1.89154,-0.93310,0.00,0.00,0.00,atrás,1.00
0,14,110,-1.03236,0.10028,-0.29042,0.31383,-1.72325,-0.72449,0.00,0.00,0.00,atrás,1.00
0,14,111,-1.11776,0.02355,-0.27743,0.27901,-1.47722,-0.53130,0.00,0.00,0.00,atrás,1.00
0,14,112,-1.11221,-0.01482,-0.27267,0.24954,-1.27961,-0.43097,0.00,0.00,0.00,atrás,1.00
0,14,113,-1.08818,-0.04264,-0.25467,0.19578,-1.08322,-0.27611,0.00,0.00,0.00,atrás,1.00
0,14,114,-1.07994,-0.04618,-0.21887,0.13851,-0.97677,-0.14218,0.00,0.00,0.00,atrás,1.00
0,14,115,-1.09397,-0.02721,-0.15988,0.12401,-0.88102,-0.02627,0.00,0.00,0.00,atrás,1.00
0,14,116,-1.09574,-0.01251,-0.15152,0.09148,-0.76893,0.11606,0.00,0.00,0.00,atrás,1.00
0,14,117,-1.08775,-0.03123,-0.15634,0.11347,-0.67775,0.19899,0.00,0.00,0.00,atrás,1.00
0,14,118,-1.05725,-0.02745,-0.14457,0.17639,-0.67195,0.19426,0.00,0.00,0.00,atrás,1.00
0,14,119,-1.05963,-0.04904,-0.14713,0.15394,-0.59330,0.20998,0.00,0.00,0.00,atrás,1.00
0,14,120,-1.03523,-0.07607,-0.14780,0.14875,-0.57620,0.17975,0.00,0.00,0.00,atrás,1.00
0,14,121,-1.01138,-0.09467,-0.13688,0.09591,-0.57330,0.14584,0.00,0.00,0.00,atrás,1.00
0,14,122,-1.02260,-0.09943,-0.14988,-0.00779,-0.55757,0.08674,0.00,0.00,0.00,atrás,1.00
0,14,123,-1.03816,-0.09485,-0.15183,-0.03085,-0.56413,0.02566,0.00,0.00,0.00,atrás,1.00
0,14,124,-1.04310,-0.09180,-0.13762,-0.07590,-0.54810,-0.05192,0.00,0.00,0.00,atrás,1.00
0,14,125,-1.01303,-0.07948,-0.12603,-0.15699,-0.52275,-0.09194,0.00,0.00,0.00,atrás,1.00
0,14,126,-1.01815,-0.04496,-0.12096,-0.13363,-0.56474,-0.14981,0.00,0.00,0.00,atrás,1.00
0,14,127,-1.03432,0.00720,-0.11413,-0.13149,-0.54795,-0.15088,0.00,0.00,0.00,atrás,1.00
0,14,128,-1.05554,0.03367,-0.12847,-0.10904,-0.48121,-0.08094,0.00,0.00,0.00,atrás,1.00
0,14,129,-1.06116,0.04575,-0.12999,0.02062,-0.46441,-0.05253,0.00,0.00,0.00,atrás,1.00
0,14,130,-1.04713,0.04331,-0.13548,0.05864,-0.37034,0.05757,0.00,0.00,0.00,atrás,1.00
0,14,131,-1.07037,0.01068,-0.12737,0.04627,-0.29642,0.16570,0.00,0.00,0.00,atrás,1.00
0,14,132,-1.07433,0.00470,-0.11370,0.11820,-0.25290,0.20998,0.00,0.00,0.00,atrás,1.00
0,14,133,-1.06744,-0.00775,-0.11999,0.10125,-0.16310,0.20372,0.00,0.00,0.00,atrás,1.00
0,14,134,-1.04822,-0.02013,-0.09345,0.10492,-0.13683,0.17578,0.00,0.00,0.00,atrás,1.00
0,14,135,-1.03596,-0.03495,-0.10712,0.10110,-0.13408,0.11622,0.00,0.00,0.00,atrás,1.00
0,14,136,-1.02352,-0.04374,-0.09388,0.05070,-0.11087,0.04856,0.00,0.00,0.00,atrás,1.00
0,14,137,-1.02602,-0.03678,-0.09925,0.03543,-0.11423,-0.01512,0.00,0.00,0.00,atrás,1.00
0,14,138,-1.03383,-0.01598,-0.09687,0.01634,-0.08522,-0.07712,0.00,0.00,0.00,atrás,1.00
0,14,139,-1.04182,0.00311,-0.11328,0.01359,-0.05421,-0.12080,0.00,0.00,0.00,atrás,1.00
0,14,140,-1.02889,0.01580,-0.09309,0.06964,-0.01726,-0.14462,0.00,0.00,0.00,atrás,1.00
0,14,141,-1.00607,0.02019,-0.11584,0.09881,0.00412,-0.12065,0.00,0.00,0.00,atrás,1.00
0,14,142,-1.00748,0.00854,-0.11383,0.09423,0.04078,-0.06384,0.00,0.00,0.00,atrás,1.00
0,14,143,-0.99277,0.00360,-0.10675,0.10461,0.04169,-0.02550,0.00,0.00,0.00,atrás,1.00
0,15,1,-0.97240,0.01238,-0.10754,0.03085,-0.05528,-0.03192,0.00,0.00,0.00,atrás,1.00
0,15,2,-0.96740,0.00592,-0.09626,0.03406,-0.06246,-0.00825,0.00,0.00,0.00,atrás,1.00
0,15,3,-0.96667,0.01861,-0.12035,0.06689,-0.06781,-0.04780,0.00,0.00,0.00,atrás,1.00
0,15,4,-0.95941,0.01726,-0.11492,0.04917,-0.06185,-0.04246,0.00,0.00,0.00,atrás,1.00
0,15,5,-0.95941,-0.00098,-0.10102,0.04291,-0.07544,-0.01909,0.00,0.00,0.00,atrás,1.00
0,15,6,-0.96563,-0.00866,-0.10773,0.04383,-0.10782,-0.01817,0.00,0.00,0.00,atrás,1.00
0,15,7,-0.96008,-0.00659,-0.08656,-0.00137,-0.12080,0.00916,0.00,0.00,0.00,atrás,1.00
0,15,8,-0.96667,-0.00836,-0.10297,-0.00535,-0.14187,0.01802,0.00,0.00,0.00,atrás,1.00
0,15,9,-0.98948,-0.00964,-0.09644,-0.01756,-0.14371,-0.00137,0.00,0.00,0.00,atrás,1.00
0,15,10,-1.00973,-0.00445,-0.10632,-0.03604,-0.11912,-0.00428,0.00,0.00,0.00,atrás,1.00
0,15,11,-1.02645,0.01189,-0.10077,-0.00748,-0.09835,-0.03665,0.00,0.00,0.00,atrás,1.00
0,15,12,-1.04719,0.02416,-0.09016,0.00473,-0.07514,-0.06872,0.00,0.00,0.00,atrás,1.00
0,15,13,-1.04261,0.03221,-0.10870,0.01084,-0.01466,-0.08766,0.00,0.00,0.00,atrás,1.00
0,15,14,-1.03913,0.02605,-0.08357,0.01084,0.04016,-0.05986,0.00,0.00,0.00,atrás,1.00
0,15,15,-1.02138,0.02269,-0.09394,0.04520,0.02779,-0.07758,0.00,0.00,0.00,atrás,1.00
0,15,16,-1.01248,0.01000,-0.08089,0.00519,0.06246,-0.03009,0.00,0.00,0.00,atrás,1.00
0,15,17,-1.00003,0.00915,-0.09424,-0.02703,0.06246,-0.01436,0.00,0.00,0.00,atrás,1.00
0,15,18,-1.02773,0.01171,-0.09736,-0.01695,0.03665,-0.01970,0.00,0.00,0.00,atrás,1.00
0,15,19,-1.01724,0.02013,-0.09754,-0.06643,0.10324,0.00764,0.00,0.00,0.00,atrás,1.00
0,15,20,-1.01351,0.02849,-0.09150,-0.03024,0.07834,-0.02169,0.00,0.00,0.00,atrás,1.00
0,15,21,-1.02462,0.02812,-0.09833,-0.01115,0.09132,-0.05208,0.00,0.00,0.00,atrás,1.00
0,15,22,-1.04212,0.03983,-0.11010,-0.00596,0.13974,-0.05544,0.00,0.00,0.00,atrás,1.00
0,15,23,-1.07043,0.04587,-0.11163,0.03268,0.19441,-0.07239,0.00,0.00,0.00,atrás,1.00
0,15,24,-1.08623,0.04362,-0.13054,0.09529,0.24801,-0.10782,0.00,0.00,0.00,atrás,1.00
0,15,25,-1.08562,0.03684,-0.13585,0.10095,0.35949,-0.11591,0.00,0.00,0.00,atrás,1.00
0,15,26,-1.06866,0.02495,-0.11383,0.13561,0.40699,-0.12446,0.00,0.00,0.00,atrás,1.00
0,15,27,-1.04164,0.01220,-0.11230,0.12401,0.40470,-0.12110,0.00,0.00,0.00,atrás,1.00
0,15,28,-1.04188,0.02989,-0.14201,0.09071,0.49282,-0.06261,0.00,0.00,0.00,atrás,1.00
0,15,29,-1.08800,0.01305,-0.14664,0.09911,0.54779,-0.05589,0.00,0.00,0.00,atrás,1.00
0,15,30,-1.13869,0.00348,-0.18361,0.07437,0.69303,-0.09453,0.00,0.00,0.00,atrás,1.00
0,15,31,-1.14430,-0.01092,-0.19837,0.04673,0.89568,-0.12462,0.00,0.00,0.00,atrás,1.00
0,15,32,-1.10843,-0.02043,-0.17550,0.07239,0.98731,-0.22907,0.00,0.00,0.00,atrás,1.00
0,15,33,-1.07214,-0.02001,-0.17165,0.03329,1.07604,-0.25595,0.00,0.00,0.00,atrás,1.00
0,15,34,-1.02651,0.00012,-0.15531,-0.01298,1.13407,-0.22969,0.00,0.00,0.00,atrás,1.00
0,15,35,-0.97881,0.03312,-0.15549,0.00519,1.11040,-0.17837,0.00,0.00,0.00,atrás,1.00
0,15,36,-0.97722,0.02867,-0.19679,-0.01206,1.12873,-0.06032,0.00,0.00,0.00,atrás,1.00
0,15,37,-0.98497,0.02910,-0.20935,-0.00489,1.13606,0.04047,0.00,0.00,0.00,atrás,1.00
0,15,38,-1.02529,0.02525,-0.21838,0.02443,1.19027,0.10873,0.00,0.00,0.00,atrás,1.00
0,15,39,-1.04822,0.02208,-0.24900,0.01283,1.31061,0.15226,0.00,0.00,0.00,atrás,1.00
0,15,40,-1.07012,0.01202,-0.24784,0.05925,1.38987,0.11851,0.00,0.00,0.00,atrás,1.00
0,15,41,-1.04847,-0.00842,-0.24443,0.06536,1.50090,0.09148,0.00,0.00,0.00,atrás,1.00
0,15,42,-1.01778,-0.02995,-0.24949,0.01772,1.56748,0.05742,0.00,0.00,0.00,atrás,1.00
0,15,43,-0.98936,-0.01122,-0.26260,0.02001,1.57069,0.06154,0.00,0.00,0.00,atrás,1.00
0,15,44,-1.00131,0.03654,-0.29616,0.02275,1.60276,0.09499,0.00,0.00,0.00,atrás,1.00
0,15,45,-1.02504,0.08125,-0.31171,0.05223,1.70309,0.16738,0.00,0.00,0.00,atrás,1.00
0,15,46,-1.02327,0.09107,-0.31171,0.20052,1.75120,0.19639,0.00,0.00,0.00,atrás,1.00
0,15,47,-1.03139,0.05356,-0.33239,0.23030,1.87826,0.25213,0.00,0.00,0.00,atrás,1.00
0,15,48,-0.95807,0.02037,-0.33410,0.25000,1.92300,0.25580,0.00,0.00,0.00,atrás,1.00
0,15,49,-0.93403,-0.01330,-0.35173,0.28130,1.89170,0.21396,0.00,0.00,0.00,atrás,1.00
0,15,50,-0.88206,-0.03428,-0.37649,0.18204,1.93201,0.29199,0.00,0.00,0.00,atrás,1.00
0,15,51,-0.86547,-0.00720,-0.36618,0.11958,1.87184,0.36178,0.00,0.00,0.00,atrás,1.00
0,15,52,-0.89005,0.04849,-0.42169,0.11591,1.81045,0.45509,0.00,0.00,0.00,atrás,1.00
0,15,53,-0.89987,0.06387,-0.46055,0.11393,1.83565,0.56398,0.00,0.00,0.00,atrás,1.00
0,15,54,-0.84204,0.08930,-0.42602,0.18494,1.79243,0.63362,0.00,0.00,0.00,atrás,1.00
0,15,55,-0.78891,0.08363,-0.44951,0.27413,1.65254,0.67256,0.00,0.00,0.00,atrás,1.00
0,15,56,-0.75811,0.05819,-0.45793,0.23625,1.56030,0.78756,0.00,0.00,0.00,atrás,1.00
0,15,57,-0.77909,0.04099,-0.48855,0.24755,1.43248,0.90958,0.00,0.00,0.00,atrás,1.00
0,15,58,-0.83539,0.01751,-0.50965,0.17532,1.47952,1.04030,0.00,0.00,0.00,atrás,1.00
0,15,59,-0.84546,-0.00220,-0.53357,0.12019,1.49295,1.05069,0.00,0.00,0.00,atrás,1.00
0,15,60,-0.83271,-0.02946,-0.53174,0.15058,1.47524,0.87491,0.00,0.00,0.00,atrás,1.00
0,15,61,-0.78184,-0.01397,-0.51081,0.12859,1.43355,0.64156,0.00,0.00,0.00,atrás,1.00
0,15,62,-0.74615,0.00146,-0.52954,0.07559,1.36559,0.42944,0.00,0.00,0.00,atrás,1.00
0,15,63,-0.66124,0.03123,-0.53168,0.09484,1.24998,0.18784,0.00,0.00,0.00,atrás,1.00
0,15,64,-0.61464,0.05636,-0.56675,0.06735,1.07894,0.03436,0.00,0.00,0.00,atrás,1.00
0,15,65,-0.58292,0.09272,-0.57340,0.07101,0.89018,-0.05330,0.00,0.00,0.00,atrás,1.00
0,15,66,-0.60250,0.15195,-0.58121,0.12187,0.78221,-0.00535,0.00,0.00,0.00,atrás,1.00
0,15,67,-0.62549,0.16055,-0.61220,0.15027,0.69898,0.04444,0.00,0.00,0.00,atrás,1.00
0,15,68,-0.66283,0.13396,-0.62793,0.17043,0.70891,0.10889,0.00,0.00,0.00,atrás,1.00
0,15,69,-0.65337,0.11010,-0.62293,0.20678,0.64981,0.10537,0.00,0.00,0.00,atrás,1.00
0,15,70,-0.62067,0.09473,-0.63452,0.20556,0.61392,0.03238,0.00,0.00,0.00,atrás,1.00
0,15,71,-0.58194,0.06985,-0.62610,0.17364,0.54856,0.03482,0.00,0.00,0.00,atrás,1.00
0,15,72,-0.52381,0.05484,-0.62330,0.13256,0.40241,0.01756,0.00,0.00,0.00,atrás,1.00
0,15,73,-0.47379,0.03849,-0.63214,0.04719,0.23870,0.03131,0.00,0.00,0.00,atrás,1.00
0,15,74,-0.44005,0.03758,-0.60951,-0.02398,0.05559,0.07330,0.00,0.00,0.00,atrás,1.00
0,15,75,-0.48885,0.05929,-0.59975,-0.07957,-0.11240,0.06994,0.00,0.00,0.00,atrás,1.00
0,15,76,-0.54790,0.08211,-0.61933,-0.11377,-0.16218,0.03925,0.00,0.00,0.00,atrás,1.00
0,15,77,-0.59152,0.09668,-0.64318,-0.08476,-0.25168,-0.03635,0.00,0.00,0.00,atrás,1.00
0,15,78,-0.58627,0.07363,-0.62555,-0.04612,-0.28909,-0.13317,0.00,0.00,0.00,atrás,1.00
0,15,79,-0.53540,0.05045,-0.60707,-0.06888,-0.33934,-0.22342,0.00,0.00,0.00,atrás,1.00
0,15,80,-0.53509,0.04453,-0.60658,-0.08140,-0.48029,-0.28375,0.00,0.00,0.00,atrás,1.00
0,15,81,-0.50917,0.05850,-0.58926,-0.14768,-0.60399,-0.24389,0.00,0.00,0.00,atrás,1.00
0,15,82,-0.47861,0.07796,-0.58731,-0.19777,-0.75152,-0.13149,0.00,0.00,0.00,atrás,1.00
0,15,83,-0.43664,0.08028,-0.56571,-0.22755,-0.98074,-0.10446,0.00,0.00,0.00,atrás,1.00
0,15,84,-0.39040,0.12895,-0.54888,-0.19456,-1.31199,-0.01069,0.00,0.00,0.00,atrás,1.00
0,15,85,-0.37399,0.21319,-0.48684,-0.12843,-1.63330,0.18967,0.00,0.00,0.00,atrás,1.00
0,15,86,-0.48574,0.25955,-0.50423,-0.01527,-1.87780,0.44150,0.00,0.00,0.00,atrás,1.00
0,15,87,-0.64751,0.21069,-0.52698,0.03009,-1.91369,0.60552,0.00,0.00,0.00,atrás,1.00
0,15,88,-0.82686,0.10266,-0.53979,0.01924,-1.71852,0.67042,0.00,0.00,0.00,atrás,1.00
0,15,89,-0.91299,-0.02092,-0.54619,0.01497,-1.54427,0.37629,0.00,0.00,0.00,atrás,1.00
0,15,90,-0.95209,-0.07039,-0.52368,-0.06704,-1.41629,-0.02428,0.00,0.00,0.00,atrás,1.00
0,15,91,-0.92269,-0.06771,-0.50368,-0.11897,-1.35704,-0.44761,0.00,0.00,0.00,atrás,1.00
0,15,92,-0.84814,-0.02086,-0.44445,-0.21976,-1.36223,-0.78389,0.00,0.00,0.00,atrás,1.00
0,15,93,-0.82374,0.07076,-0.44914,-0.30100,-1.40759,-0.93447,0.00,0.00,0.00,atrás,1.00
0,15,94,-0.83058,0.16177,-0.42480,-0.25213,-1.47952,-0.94776,0.00,0.00,0.00,atrás,1.00
0,15,95,-0.78611,0.20344,-0.42804,-0.13439,-1.59512,-0.88927,0.00,0.00,0.00,atrás,1.00
0,15,96,-0.75878,0.22149,-0.42310,-0.00214,-1.70538,-0.67348,0.00,0.00,0.00,atrás,1.00
0,15,97,-0.81039,0.18977,-0.43975,0.06399,-1.76158,-0.41615,0.00,0.00,0.00,atrás,1.00
0,15,98,-0.88029,0.12060,-0.44554,0.05345,-1.68843,-0.20724,0.00,0.00,0.00,atrás,1.00
0,15,99,-0.96770,0.03465,-0.45219,-0.00733,-1.51159,-0.12233,0.00,0.00,0.00,atrás,1.00
0,15,100,-1.02822,0.00037,-0.43999,-0.01878,-1.38926,-0.30803,0.00,0.00,0.00,atrás,1.00
0,15,101,-1.06475,0.00909,-0.41895,-0.05696,-1.19760,-0.51404,0.00,0.00,0.00,atrás,1.00
0,15,102,-1.06091,0.03995,-0.37533,-0.05055,-1.05435,-0.75686,0.00,0.00,0.00,atrás,1.00
0,15,103,-0.97728,0.07412,-0.33934,-0.01939,-1.01144,-0.91981,0.00,0.00,0.00,atrás,1.00
0,15,104,-0.89273,0.11328,-0.35313,0.01863,-1.04748,-0.92653,0.00,0.00,0.00,atrás,1.00
0,15,105,-0.84070,0.14841,-0.33568,0.07575,-1.15530,-0.80084,0.00,0.00,0.00,atrás,1.00
0,15,106,-0.79324,0.17580,-0.32287,0.16722,-1.32817,-0.58933,0.00,0.00,0.00,atrás,1.00
0,15,107,-0.78769,0.14488,-0.31195,0.19868,-1.42591,-0.23152,0.00,0.00,0.00,atrás,1.00
0,15,108,-0.89280,0.03489,-0.35569,0.18280,-1.41690,0.07223,0.00,0.00,0.00,atrás,1.00
0,15,109,-0.95422,-0.06033,-0.33068,0.03436,-1.26098,0.22052,0.00,0.00,0.00,atrás,1.00
0,15,110,-0.99412,-0.10827,-0.29548,-0.10369,-1.15805,0.20815,0.00,0.00,0.00,atrás,1.00
0,15,111,-1.01528,-0.13542,-0.31281,-0.18799,-1.08138,0.08109,0.00,0.00,0.00,atrás,1.00
0,15,112,-1.01870,-0.12407,-0.27615,-0.25580,-1.00976,-0.12431,0.00,0.00,0.00,atrás,1.00
0,15,113,-0.97234,-0.07771,-0.23717,-0.34606,-0.92867,-0.32574,0.00,0.00,0.00,atrás,1.00
0,15,114,-0.92744,-0.02367,-0.19227,-0.27932,-1.02442,-0.49480,0.00,0.00,0.00,atrás,1.00
0,15,115,-0.87718,0.03239,-0.18739,-0.31750,-1.10261,-0.53741,0.00,0.00,0.00,atrás,1.00
0,15,116,-0.85809,0.09461,-0.19056,-0.24511,-1.23883,-0.49251,0.00,0.00,0.00,atrás,1.00
0,15,117,-0.89688,0.13206,-0.18294,-0.12217,-1.34436,-0.36545,0.00,0.00,0.00,atrás,1.00
0,15,118,-0.93184,0.15122,-0.19398,-0.06002,-1.36315,-0.16493,0.00,0.00,0.00,atrás,1.00
0,15,119,-1.08940,0.09815,-0.22265,-0.02230,-1.20997,0.06185,0.00,0.00,0.00,atrás,1.00
0,15,120,-1.16900,0.04380,-0.24138,0.02260,-0.95952,0.14325,0.00,0.00,0.00,atrás,1.00
0,15,121,-1.16187,0.00079,-0.22643,0.00489,-0.79657,0.11133,0.00,0.00,0.00,atrás,1.00
0,15,122,-1.14436,0.01684,-0.20441,-0.02230,-0.63255,0.03558,0.00,0.00,0.00,atrás,1.00
0,15,123,-1.10971,0.01269,-0.16690,-0.01665,-0.53161,-0.05834,0.00,0.00,0.00,atrás,1.00
0,15,124,-1.05597,0.02422,-0.13347,-0.02184,-0.49816,-0.15195,0.00,0.00,0.00,atrás,1.00
0,15,125,-1.06256,0.05581,-0.14683,-0.03772,-0.49465,-0.22419,0.00,0.00,0.00,atrás,1.00
0,15,126,-1.06451,0.08375,-0.13646,0.01222,-0.48762,-0.27535,0.00,0.00,0.00,atrás,1.00
0,15,127,-1.03456,0.11004,-0.15921,0.09560,-0.48625,-0.27229,0.00,0.00,0.00,atrás,1.00
0,15,128,-1.02230,0.09626,-0.16836,0.12492,-0.47037,-0.17181,0.00,0.00,0.00,atrás,1.00
0,15,129,-1.05146,0.07314,-0.17348,0.17013,-0.45357,-0.08873,0.00,0.00,0.00,atrás,1.00
0,15,130,-1.08159,0.03922,-0.17306,0.11332,-0.31658,0.03146,0.00,0.00,0.00,atrás,1.00
0,15,131,-1.07140,0.01183,-0.17001,0.10354,-0.26924,0.03818,0.00,0.00,0.00,atrás,1.00
0,15,132,-1.05701,-0.00427,-0.16647,0.09621,-0.26664,0.00260,0.00,0.00,0.00,atrás,1.00
0,15,133,-1.05207,-0.00256,-0.15994,0.03589,-0.20464,-0.01191,0.00,0.00,0.00,atrás,1.00
0,15,134,-1.04902,0.00921,-0.12865,0.02230,-0.19426,-0.05666,0.00,0.00,0.00,atrás,1.00
0,15,135,-1.05188,0.02428,-0.13066,0.02932,-0.20418,-0.10140,0.00,0.00,0.00,atrás,1.00
0,15,136,-1.06213,0.03477,-0.13579,0.02398,-0.13943,-0.06093,0.00,0.00,0.00,atrás,1.00
0,15,137,-1.06744,0.04093,-0.14725,0.03299,-0.10369,-0.09132,0.00,0.00,0.00,atrás,1.00
0,15,138,-1.04938,0.04959,-0.14012,0.06032,-0.07101,-0.08659,0.00,0.00,0.00,atrás,1.00
0,15,139,-1.03596,0.04862,-0.14671,0.05360,-0.01817,-0.02214,0.00,0.00,0.00,atrás,1.00
0,15,140,-1.02041,0.03587,-0.14054,0.08781,-0.04001,-0.01130,0.00,0.00,0.00,atrás,1.00
0,15,141,-0.99747,0.02836,-0.13804,0.05299,0.00137,0.06109,0.00,0.00,0.00,atrás,1.00
0,15,142,-0.96789,0.02312,-0.13798,0.04765,-0.02810,0.06017,0.00,0.00,0.00,atrás,1.00
0,15,143,-0.97795,0.01745,-0.13524,0.03070,-0.05116,0.03803,0.00,0.00,0.00,atrás,1.00
0,15,144,-0.99082,0.02544,-0.14292,-0.00367,-0.01588,0.03115,0.00,0.00,0.00,atrás,1.00
0,15,145,-0.99338,0.04252,-0.13389,0.02367,-0.01710,-0.02107,0.00,0.00,0.00,atrás,1.00
0,15,146,-0.99424,0.04904,-0.12999,0.05635,-0.03742,-0.07712,0.00,0.00,0.00,atrás,1.00
0,15,147,-0.98747,0.04441,-0.13206,0.05544,-0.00015,-0.06735,0.00,0.00,0.00,atrás,1.00
0,15,148,-0.97325,0.04471,-0.13463,0.06521,-0.01206,-0.05299,0.00,0.00,0.00,atrás,1.00
0,15,149,-0.96252,0.04264,-0.14793,0.07514,-0.02138,-0.02169,0.00,0.00,0.00,atrás,1.00
0,16,1,-0.98667,0.13353,-0.05337,0.10766,-0.01542,0.21121,0.00,0.00,0.00,derecha,1.00
0,16,2,-0.98509,0.11181,-0.04307,0.12248,-0.02153,0.19334,0.00,0.00,0.00,derecha,1.00
0,16,3,-0.96453,0.10394,-0.04575,0.12737,-0.04734,0.18173,0.00,0.00,0.00,derecha,1.00
0,16,4,-0.97338,0.10766,-0.03227,0.08186,-0.05864,0.17593,0.00,0.00,0.00,derecha,1.00
0,16,5,-0.98497,0.09229,-0.06350,0.07682,-0.07040,0.14355,0.00,0.00,0.00,derecha,1.00
0,16,6,-0.99717,0.09851,-0.07143,0.06842,-0.06368,0.07895,0.00,0.00,0.00,derecha,1.00
0,16,7,-0.99790,0.10022,-0.04386,0.06765,-0.07132,0.01970,0.00,0.00,0.00,derecha,1.00
0,16,8,-0.99235,0.10882,-0.05508,0.04841,-0.05666,-0.03543,0.00,0.00,0.00,derecha,1.00
0,16,9,-0.99155,0.12133,-0.04868,-0.00153,-0.02092,-0.02489,0.00,0.00,0.00,derecha,1.00
0,16,10,-0.98131,0.12731,-0.04788,0.02489,-0.02459,-0.03054,0.00,0.00,0.00,derecha,1.00
0,16,11,-0.98869,0.13176,-0.04764,0.04948,-0.07376,-0.03787,0.00,0.00,0.00,derecha,1.00
0,16,12,-0.99985,0.14061,-0.04099,0.05330,-0.01359,-0.00733,0.00,0.00,0.00,derecha,1.00
0,16,13,-1.01400,0.13316,-0.04368,0.06048,0.00779,0.02535,0.00,0.00,0.00,derecha,1.00
0,16,14,-1.01095,0.12243,-0.03300,0.07239,0.00947,0.00229,0.00,0.00,0.00,derecha,1.00
0,16,15,-1.02242,0.12426,-0.03544,0.04704,0.03910,0.01329,0.00,0.00,0.00,derecha,1.00
0,16,16,-1.02059,0.11730,-0.02306,0.04520,0.05544,0.00764,0.00,0.00,0.00,derecha,1.00
0,16,17,-1.00619,0.11865,-0.05118,0.06032,0.05421,-0.04490,0.00,0.00,0.00,derecha,1.00
0,16,18,-0.99119,0.11572,-0.03855,0.06384,0.07025,-0.06613,0.00,0.00,0.00,derecha,1.00
0,16,19,-0.96862,0.12224,-0.04691,0.05009,0.06490,-0.08109,0.00,0.00,0.00,derecha,1.00
0,16,20,-0.98234,0.12810,-0.04575,0.04001,0.06277,-0.08201,0.00,0.00,0.00,derecha,1.00
0,16,21,-0.98789,0.13097,-0.04904,0.03528,0.06552,-0.08201,0.00,0.00,0.00,derecha,1.00
0,16,22,-0.98985,0.12169,-0.05270,0.07147,0.04643,-0.11622,0.00,0.00,0.00,derecha,1.00
0,16,23,-0.99131,0.11023,-0.06618,0.02764,0.10522,-0.11897,0.00,0.00,0.00,derecha,1.00
0,16,24,-0.99418,0.07064,-0.05734,0.02291,0.10980,-0.21854,0.00,0.00,0.00,derecha,1.00
0,16,25,-0.98106,0.01360,-0.06069,-0.01436,0.09591,-0.40791,0.00,0.00,0.00,derecha,1.00
0,16,26,-0.95837,-0.00409,-0.05331,-0.10644,0.04749,-0.65897,0.00,0.00,0.00,derecha,1.00
0,16,27,-0.95868,0.03172,-0.04063,-0.17975,0.00718,-0.88881,0.00,0.00,0.00,derecha,1.00
0,16,28,-0.96325,0.06887,-0.04069,-0.22037,-0.02275,-0.97509,0.00,0.00,0.00,derecha,1.00
0,16,29,-0.94666,0.09559,-0.04691,-0.26130,-0.02932,-0.99785,0.00,0.00,0.00,derecha,1.00
0,16,30,-0.94861,0.08680,-0.07643,-0.24190,-0.04902,-1.00151,0.00,0.00,0.00,derecha,1.00
0,16,31,-0.96502,0.07869,-0.05350,-0.27153,-0.05757,-1.00304,0.00,0.00,0.00,derecha,1.00
0,16,32,-0.97917,0.08119,-0.05789,-0.24404,-0.04490,-1.02427,0.00,0.00,0.00,derecha,1.00
0,16,33,-0.99845,0.02794,-0.05765,-0.21869,-0.01619,-1.06428,0.00,0.00,0.00,derecha,1.00
0,16,34,-0.98875,-0.01921,-0.04575,-0.22648,-0.02611,-1.24922,0.00,0.00,0.00,derecha,1.00
0,16,35,-1.00857,-0.02891,-0.05557,-0.27687,0.00046,-1.43614,0.00,0.00,0.00,derecha,1.00
0,16,36,-1.01412,-0.02605,-0.05045,-0.29138,0.03344,-1.62872,0.00,0.00,0.00,derecha,1.00
0,16,37,-1.01059,-0.04111,-0.05557,-0.30116,0.00565,-1.82389,0.00,0.00,0.00,derecha,1.00
0,16,38,-0.97704,-0.02580,-0.04679,-0.33185,-0.00535,-1.92606,0.00,0.00,0.00,derecha,1.00
0,16,39,-0.96844,-0.04270,-0.05124,-0.33063,-0.02978,-2.00608,0.00,0.00,0.00,derecha,1.00
0,16,40,-0.94837,-0.05118,-0.00732,-0.36560,-0.04062,-2.04625,0.00,0.00,0.00,derecha,1.00
0,16,41,-0.95331,-0.03745,-0.03617,-0.37645,-0.09300,-2.04747,0.00,0.00,0.00,derecha,1.00
0,16,42,-0.98326,-0.05246,-0.05276,-0.32803,-0.11194,-2.02135,0.00,0.00,0.00,derecha,1.00
0,16,43,-0.97057,-0.12279,-0.04203,-0.29199,-0.11301,-2.10382,0.00,0.00,0.00,derecha,1.00
0,16,44,-1.01114,-0.16885,-0.05331,-0.31292,-0.13576,-2.23897,0.00,0.00,0.00,derecha,1.00
0,16,45,-1.00699,-0.24931,-0.04557,-0.32727,-0.09804,-2.48729,0.00,0.00,0.00,derecha,1.00
0,16,46,-1.00473,-0.29006,-0.07070,-0.41432,-0.08995,-2.80250,0.00,0.00,0.00,derecha,1.00
0,16,47,-1.01528,-0.27169,-0.03819,-0.48640,-0.06002,-3.11236,0.00,0.00,0.00,derecha,1.00
0,16,48,-1.00064,-0.22960,-0.04294,-0.47556,-0.12538,-3.35838,0.00,0.00,0.00,derecha,1.00
0,16,49,-0.98509,-0.18745,-0.05270,-0.43051,-0.08964,-3.41428,0.00,0.00,0.00,derecha,1.00
0,16,50,-0.95538,-0.16683,-0.05600,-0.39279,-0.10339,-3.34174,0.00,0.00,0.00,derecha,1.00
0,16,51,-0.97283,-0.16616,-0.06545,-0.30543,-0.07346,-3.18475,0.00,0.00,0.00,derecha,1.00
0,16,52,-0.96502,-0.17226,-0.09156,-0.22312,0.01985,-2.91535,0.00,0.00,0.00,derecha,1.00
0,16,53,-0.97179,-0.23369,-0.09998,-0.08735,0.09423,-2.68536,0.00,0.00,0.00,derecha,1.00
0,16,54,-0.98472,-0.37399,-0.09827,0.00000,0.20327,-2.64062,0.00,0.00,0.00,derecha,1.00
0,16,55,-0.97667,-0.45036,-0.07698,0.04459,0.28451,-2.86022,0.00,0.00,0.00,derecha,1.00
0,16,56,-0.97911,-0.51673,-0.06814,0.07865,0.29749,-3.21682,0.00,0.00,0.00,derecha,1.00
0,16,57,-0.93391,-0.53948,-0.06472,0.05513,0.29367,-3.61632,0.00,0.00,0.00,derecha,1.00
0,16,58,-0.92452,-0.52917,-0.06051,0.01161,0.30223,-3.90770,0.00,0.00,0.00,derecha,1.00
0,16,59,-0.90256,-0.50349,-0.04819,0.03528,0.29719,-4.10868,0.00,0.00,0.00,derecha,1.00
0,16,60,-0.89585,-0.51033,-0.08357,0.12737,0.12462,-4.21054,0.00,0.00,0.00,derecha,1.00
0,16,61,-0.89481,-0.54113,-0.09925,0.11362,0.47586,-4.22230,0.00,0.00,0.00,derecha,1.00
0,16,62,-0.86321,-0.57334,-0.09077,0.18662,0.47800,-4.39854,0.00,0.00,0.00,derecha,1.00
0,16,63,-0.82930,-0.59292,-0.10590,0.19196,0.47082,-4.51536,0.00,0.00,0.00,derecha,1.00
0,16,64,-0.80801,-0.61329,-0.10370,0.23824,0.52366,-4.60394,0.00,0.00,0.00,derecha,1.00
0,16,65,-0.76280,-0.62189,-0.11419,0.27199,0.58475,-4.58760,0.00,0.00,0.00,derecha,1.00
0,16,66,-0.72535,-0.61433,-0.11425,0.30177,0.63729,-4.48558,0.00,0.00,0.00,derecha,1.00
0,16,67,-0.67515,-0.62257,-0.13225,0.35675,0.69684,-4.27942,0.00,0.00,0.00,derecha,1.00
0,16,68,-0.59506,-0.60073,-0.12560,0.42104,0.77702,-3.96711,0.00,0.00,0.00,derecha,1.00
0,16,69,-0.55553,-0.60311,-0.10541,0.55619,0.79458,-3.68550,0.00,0.00,0.00,derecha,1.00
0,16,70,-0.52704,-0.61159,-0.10193,0.65561,0.83887,-3.29547,0.00,0.00,0.00,derecha,1.00
0,16,71,-0.47245,-0.67021,-0.08936,0.71929,0.87568,-2.94636,0.00,0.00,0.00,derecha,1.00
0,16,72,-0.41846,-0.68808,-0.06637,0.77198,0.89996,-2.56915,0.00,0.00,0.00,derecha,1.00
0,16,73,-0.39961,-0.73981,-0.06686,0.82925,0.91981,-2.14673,0.00,0.00,0.00,derecha,1.00
0,16,74,-0.31714,-0.81466,-0.04563,0.80237,0.90500,-1.77181,0.00,0.00,0.00,derecha,1.00
0,16,75,-0.30573,-0.85302,-0.04648,0.70723,0.87064,-1.37796,0.00,0.00,0.00,derecha,1.00
0,16,76,-0.30396,-0.90298,-0.04355,0.64462,0.87751,-0.99373,0.00,0.00,0.00,derecha,1.00
0,16,77,-0.26370,-0.92226,-0.04673,0.56627,0.83597,-0.71242,0.00,0.00,0.00,derecha,1.00
0,16,78,-0.25242,-0.95331,-0.01885,0.50870,0.82665,-0.51542,0.00,0.00,0.00,derecha,1.00
0,16,79,-0.23729,-0.96746,-0.00445,0.50503,0.76480,-0.41936,0.00,0.00,0.00,derecha,1.00
0,16,80,-0.23461,-0.93062,-0.06185,0.48396,0.67577,-0.27794,0.00,0.00,0.00,derecha,1.00
0,16,81,-0.14713,-0.96252,0.00701,0.43631,0.58521,-0.07300,0.00,0.00,0.00,derecha,1.00
0,16,82,-0.20173,-0.90737,-0.03080,0.39706,0.46640,0.14233,0.00,0.00,0.00,derecha,1.00
0,16,83,-0.19758,-0.91897,-0.03745,0.35720,0.41508,0.45784,0.00,0.00,0.00,derecha,1.00
0,16,84,-0.22912,-0.96038,-0.05100,0.31460,0.38759,0.67684,0.00,0.00,0.00,derecha,1.00
0,16,85,-0.28823,-0.98594,-0.06246,0.28787,0.37309,0.77045,0.00,0.00,0.00,derecha,1.00
0,16,86,-0.29372,-0.96837,-0.05990,0.23366,0.38347,0.82726,0.00,0.00,0.00,derecha,1.00
0,16,87,-0.29585,-0.93110,-0.03636,0.22556,0.38591,0.91630,0.00,0.00,0.00,derecha,1.00
0,16,88,-0.29323,-0.86821,-0.00988,0.25351,0.41814,1.15835,0.00,0.00,0.00,derecha,1.00
0,16,89,-0.32763,-0.82228,-0.06069,0.15379,0.36469,1.63819,0.00,0.00,0.00,derecha,1.00
0,16,90,-0.34929,-0.79019,-0.05411,0.17562,0.41783,2.12169,0.00,0.00,0.00,derecha,1.00
0,16,91,-0.39491,-0.81954,-0.08003,0.22984,0.46258,2.54990,0.00,0.00,0.00,derecha,1.00
0,16,92,-0.41096,-0.82905,-0.05203,0.29459,0.49083,2.82357,0.00,0.00,0.00,derecha,1.00
0,16,93,-0.37796,-0.79922,-0.01915,0.32926,0.40729,3.07174,0.00,0.00,0.00,derecha,1.00
0,16,94,-0.35691,-0.71748,0.01391,0.47388,0.18448,3.39534,0.00,0.00,0.00,derecha,1.00
0,16,95,-0.37417,-0.64880,0.02721,0.52962,0.02993,3.88281,0.00,0.00,0.00,derecha,1.00
0,16,96,-0.46287,-0.61830,-0.01513,0.65790,-0.12950,4.44771,0.00,0.00,0.00,derecha,1.00
0,16,97,-0.63812,-0.70961,-0.06167,0.71151,-0.04230,4.95763,0.00,0.00,0.00,derecha,1.00
0,16,98,-0.73365,-0.80441,-0.08265,0.64798,0.09346,5.00390,0.00,0.00,0.00,derecha,1.00
0,16,99,-0.85644,-0.89841,-0.11913,0.58460,0.24908,5.00390,0.00,0.00,0.00,derecha,1.00
0,16,100,-0.83905,-0.88566,-0.07253,0.53955,0.36759,4.71344,0.00,0.00,0.00,derecha,1.00
0,16,101,-0.81856,-0.85223,-0.04978,0.48518,0.38317,4.30599,0.00,0.00,0.00,derecha,1.00
0,16,102,-0.78958,-0.82448,-0.01019,0.40546,0.37813,3.93046,0.00,0.00,0.00,derecha,1.00
0,16,103,-0.75866,-0.74475,0.01494,0.28069,0.27718,3.59632,0.00,0.00,0.00,derecha,1.00
0,16,104,-0.77159,-0.65081,-0.01372,0.22297,0.15791,3.40573,0.00,0.00,0.00,derecha,1.00
0,16,105,-0.79709,-0.55455,-0.04984,0.23564,0.11958,3.34052,0.00,0.00,0.00,derecha,1.00
0,16,106,-0.80587,-0.47891,-0.07838,0.28650,0.07529,3.35900,0.00,0.00,0.00,derecha,1.00
0,16,107,-0.81612,-0.42047,-0.06606,0.32101,0.05834,3.48606,0.00,0.00,0.00,derecha,1.00
0,16,108,-0.85839,-0.36905,-0.06881,0.35339,-0.00290,3.69940,0.00,0.00,0.00,derecha,1.00
0,16,109,-0.90402,-0.34965,-0.08290,0.31261,0.10889,4.05324,0.00,0.00,0.00,derecha,1.00
0,16,110,-0.94971,-0.34422,-0.07735,0.30803,0.14004,4.27407,0.00,0.00,0.00,derecha,1.00
0,16,111,-0.99961,-0.37521,-0.09363,0.32742,0.21579,4.34234,0.00,0.00,0.00,derecha,1.00
0,16,112,-1.06280,-0.42944,-0.11425,0.35690,0.33353,4.14319,0.00,0.00,0.00,derecha,1.00
0,16,113,-1.07653,-0.47751,-0.06625,0.29810,0.47617,3.70963,0.00,0.00,0.00,derecha,1.00
0,16,114,-1.01986,-0.49038,-0.03983,0.21838,0.42043,3.04684,0.00,0.00,0.00,derecha,1.00
0,16,115,-0.97862,-0.46086,-0.00866,0.00550,0.38714,2.45140,0.00,0.00,0.00,derecha,1.00
0,16,116,-0.93519,-0.37301,0.00396,-0.17959,0.26832,1.96011,0.00,0.00,0.00,derecha,1.00
0,16,117,-0.90762,-0.26779,-0.01665,-0.23793,0.08613,1.57954,0.00,0.00,0.00,derecha,1.00
0,16,118,-0.89554,-0.19502,-0.04727,-0.30635,0.05467,1.44897,0.00,0.00,0.00,derecha,1.00
0,16,119,-0.91573,-0.13749,-0.06960,-0.28604,-0.05009,1.34558,0.00,0.00,0.00,derecha,1.00
0,16,120,-0.95245,-0.08961,-0.10303,-0.28604,-0.06017,1.32252,0.00,0.00,0.00,derecha,1.00
0,16,121,-0.99570,-0.06094,-0.11126,-0.27596,-0.00764,1.35230,0.00,0.00,0.00,derecha,1.00
0,16,122,-1.01467,-0.03684,-0.10876,-0.23396,0.03176,1.38987,0.00,0.00,0.00,derecha,1.00
0,16,123,-1.00321,-0.01623,-0.11499,-0.18815,0.08048,1.43874,0.00,0.00,0.00,derecha,1.00
0,16,124,-0.98301,0.00018,-0.08015,-0.15287,0.09255,1.46348,0.00,0.00,0.00,derecha,1.00
0,16,125,-0.96905,0.03294,-0.06301,-0.10690,0.07926,1.52044,0.00,0.00,0.00,derecha,1.00
0,16,126,-0.96112,0.03623,-0.08021,-0.05498,0.07697,1.61864,0.00,0.00,0.00,derecha,1.00
0,16,127,-0.96087,0.00878,-0.08845,-0.03436,0.03986,1.68293,0.00,0.00,0.00,derecha,1.00
0,16,128,-0.95239,-0.02251,-0.08339,-0.01894,0.03375,1.61879,0.00,0.00,0.00,derecha,1.00
0,16,129,-0.97033,-0.04044,-0.08589,-0.03375,-0.00031,1.46928,0.00,0.00,0.00,derecha,1.00
0,16,130,-0.97667,-0.03697,-0.07954,-0.08186,-0.00504,1.25945,0.00,0.00,0.00,derecha,1.00
0,16,131,-0.98070,-0.04508,-0.07674,-0.11881,-0.02856,0.99892,0.00,0.00,0.00,derecha,1.00
0,16,132,-0.97569,-0.05301,-0.07784,-0.20097,-0.02398,0.70753,0.00,0.00,0.00,derecha,1.00
0,16,133,-0.95739,-0.04410,-0.07405,-0.29154,-0.04246,0.46395,0.00,0.00,0.00,derecha,1.00
0,16,134,-0.93531,-0.00689,-0.06936,-0.28558,-0.15287,0.18891,0.00,0.00,0.00,derecha,1.00
0,16,135,-0.93977,0.02855,-0.07430,-0.38683,-0.16188,0.08109,0.00,0.00,0.00,derecha,1.00
0,16,136,-0.93891,0.04587,-0.06539,-0.39523,-0.21823,-0.04032,0.00,0.00,0.00,derecha,1.00
0,16,137,-0.94544,0.06301,-0.06173,-0.39599,-0.25733,-0.13974,0.00,0.00,0.00,derecha,1.00
0,16,138,-0.95782,0.07058,-0.04740,-0.42669,-0.28680,-0.21090,0.00,0.00,0.00,derecha,1.00
0,16,139,-0.97911,0.05545,-0.06252,-0.42364,-0.29260,-0.27397,0.00,0.00,0.00,derecha,1.00
0,16,140,-0.99582,0.06887,-0.07540,-0.41982,-0.25366,-0.31154,0.00,0.00,0.00,derecha,1.00
0,16,141,-1.01504,0.08064,-0.06484,-0.45723,-0.23366,-0.29459,0.00,0.00,0.00,derecha,1.00
0,16,142,-1.02748,0.08333,-0.08101,-0.43936,-0.18570,-0.26313,0.00,0.00,0.00,derecha,1.00
0,16,143,-1.01138,0.08424,-0.05984,-0.41707,-0.15195,-0.22510,0.00,0.00,0.00,derecha,1.00
0,16,144,-1.00046,0.09790,-0.03245,-0.41921,-0.12248,-0.15974,0.00,0.00,0.00,derecha,1.00
0,16,145,-0.99668,0.10498,-0.03056,-0.39187,-0.13225,-0.10415,0.00,0.00,0.00,derecha,1.00
0,16,146,-0.98643,0.12474,-0.04471,-0.35659,-0.13073,-0.07055,0.00,0.00,0.00,derecha,1.00
0,16,147,-0.99643,0.10730,-0.04831,-0.37614,-0.08567,0.05024,0.00,0.00,0.00,derecha,1.00
0,16,148,-1.00211,0.12401,-0.06076,-0.25916,-0.09407,0.08430,0.00,0.00,0.00,derecha,1.00
0,16,149,-1.00790,0.13219,-0.05948,-0.19823,-0.07040,0.10507,0.00,0.00,0.00,derecha,1.00
0,16,150,-1.00382,0.12444,-0.06783,-0.15638,-0.03680,0.15745,0.00,0.00,0.00,derecha,1.00
0,17,1,-0.98594,0.09363,-0.04593,-0.07834,-0.04658,-0.07804,0.00,0.00,0.00,derecha,1.00
0,17,2,-0.98332,0.10150,-0.04423,-0.04811,-0.05040,-0.05498,0.00,0.00,0.00,derecha,1.00
0,17,3,-0.98308,0.09833,-0.03855,-0.04826,-0.05070,-0.02963,0.00,0.00,0.00,derecha,1.00
0,17,4,-0.98619,0.09864,-0.04276,-0.04948,-0.03009,0.01115,0.00,0.00,0.00,derecha,1.00
0,17,5,-0.98454,0.09797,-0.02062,-0.02413,-0.00565,0.00764,0.00,0.00,0.00,derecha,1.00
0,17,6,-0.98594,0.08314,-0.03977,-0.02642,-0.02825,0.00473,0.00,0.00,0.00,derecha,1.00
0,17,7,-0.98924,0.09546,-0.03544,-0.01481,-0.03131,-0.01436,0.00,0.00,0.00,derecha,1.00
0,17,8,-0.97948,0.09406,-0.02751,0.00351,-0.03604,-0.01481,0.00,0.00,0.00,derecha,1.00
0,17,9,-0.97771,0.08137,-0.03495,0.02077,-0.04383,-0.04123,0.00,0.00,0.00,derecha,1.00
0,17,10,-0.98472,0.07277,-0.03373,-0.02443,-0.02718,-0.04123,0.00,0.00,0.00,derecha,1.00
0,17,11,-0.99204,0.07668,-0.02751,-0.00489,-0.05024,-0.07178,0.00,0.00,0.00,derecha,1.00
0,17,12,-0.99845,0.07283,-0.03630,-0.00199,-0.01741,-0.09178,0.00,0.00,0.00,derecha,1.00
0,17,13,-0.99009,0.07869,-0.02885,-0.07178,0.00947,-0.11087,0.00,0.00,0.00,derecha,1.00
0,17,14,-0.98131,0.07619,-0.02714,-0.05452,-0.01802,-0.20143,0.00,0.00,0.00,derecha,1.00
0,17,15,-0.97136,0.09052,-0.03764,-0.06949,-0.02398,-0.22816,0.00,0.00,0.00,derecha,1.00
0,17,16,-0.98850,0.10035,-0.03062,-0.07529,-0.00718,-0.21808,0.00,0.00,0.00,derecha,1.00
0,17,17,-0.99430,0.10602,-0.02849,-0.07636,0.01787,-0.17715,0.00,0.00,0.00,derecha,1.00
0,17,18,-0.99357,0.07820,-0.04569,-0.03421,-0.00473,-0.22388,0.00,0.00,0.00,derecha,1.00
0,17,19,-0.99570,0.04398,-0.00525,-0.05299,0.00641,-0.28115,0.00,0.00,0.00,derecha,1.00
0,17,20,-0.99064,0.01806,-0.02538,-0.07071,-0.01436,-0.42180,0.00,0.00,0.00,derecha,1.00
0,17,21,-0.98064,-0.01921,-0.01616,-0.17868,-0.00718,-0.56688,0.00,0.00,0.00,derecha,1.00
0,17,22,-0.97118,-0.03471,-0.02891,-0.22617,-0.06597,-0.81780,0.00,0.00,0.00,derecha,1.00
0,17,23,-0.98454,-0.00537,-0.01379,-0.29138,-0.09988,-1.01495,0.00,0.00,0.00,derecha,1.00
0,17,24,-0.99820,0.05270,-0.02599,-0.33384,-0.08063,-1.08276,0.00,0.00,0.00,derecha,1.00
0,17,25,-1.00430,0.07906,-0.03263,-0.27474,-0.07162,-1.08169,0.00,0.00,0.00,derecha,1.00
0,17,26,-0.99674,0.09974,-0.03666,-0.22098,-0.08735,-1.05955,0.00,0.00,0.00,derecha,1.00
0,17,27,-1.02114,0.06759,-0.05234,-0.16631,-0.03146,-0.98426,0.00,0.00,0.00,derecha,1.00
0,17,28,-1.02767,-0.00738,-0.02977,-0.09071,0.00901,-1.06443,0.00,0.00,0.00,derecha,1.00
0,17,29,-1.01144,-0.09827,-0.02708,-0.08399,0.00031,-1.28663,0.00,0.00,0.00,derecha,1.00
0,17,30,-0.97722,-0.13481,0.00604,-0.20754,0.00122,-1.46241,0.00,0.00,0.00,derecha,1.00
0,17,31,-0.97478,-0.10949,-0.02556,-0.21426,-0.09209,-1.76891,0.00,0.00,0.00,derecha,1.00
0,17,32,-0.96118,-0.12035,0.01110,-0.28940,-0.13424,-1.96653,0.00,0.00,0.00,derecha,1.00
0,17,33,-0.95935,-0.09717,-0.00598,-0.34712,-0.19456,-2.12413,0.00,0.00,0.00,derecha,1.00
0,17,34,-0.96935,-0.08003,-0.03013,-0.35308,-0.23427,-2.19423,0.00,0.00,0.00,derecha,1.00
0,17,35,-0.98942,-0.03880,-0.03178,-0.34499,-0.20937,-2.16857,0.00,0.00,0.00,derecha,1.00
0,17,36,-1.02382,-0.04654,-0.06027,-0.31765,-0.14416,-2.05526,0.00,0.00,0.00,derecha,1.00
0,17,37,-1.03499,-0.05630,-0.06722,-0.21014,-0.09621,-1.95569,0.00,0.00,0.00,derecha,1.00
0,17,38,-1.03383,-0.10370,-0.08101,-0.17578,0.04414,-1.82068,0.00,0.00,0.00,derecha,1.00
0,17,39,-1.01065,-0.17910,-0.04648,-0.13867,0.13424,-1.80587,0.00,0.00,0.00,derecha,1.00
0,17,40,-1.00308,-0.24473,-0.04008,-0.14233,0.16631,-1.92881,0.00,0.00,0.00,derecha,1.00
0,17,41,-0.98680,-0.29957,-0.02538,-0.19792,0.18906,-2.13665,0.00,0.00,0.00,derecha,1.00
0,17,42,-0.97576,-0.33928,-0.01342,-0.23320,0.14233,-2.42147,0.00,0.00,0.00,derecha,1.00
0,17,43,-0.96600,-0.35673,-0.01409,-0.28191,0.11774,-2.72614,0.00,0.00,0.00,derecha,1.00
0,17,44,-0.96539,-0.34410,-0.02062,-0.37721,0.09697,-2.99767,0.00,0.00,0.00,derecha,1.00
0,17,45,-0.94727,-0.33141,-0.02245,-0.37645,0.03039,-3.16673,0.00,0.00,0.00,derecha,1.00
0,17,46,-0.92397,-0.30872,-0.02007,-0.37034,-0.01726,-3.27027,0.00,0.00,0.00,derecha,1.00
0,17,47,-0.92500,-0.31464,-0.03837,-0.38362,0.00275,-3.27408,0.00,0.00,0.00,derecha,1.00
0,17,48,-0.93891,-0.33818,-0.04544,-0.34896,-0.00412,-3.30600,0.00,0.00,0.00,derecha,1.00
0,17,49,-0.92171,-0.41193,-0.05807,-0.26710,-0.03665,-3.37824,0.00,0.00,0.00,derecha,1.00
0,17,50,-0.89883,-0.46464,-0.05325,-0.26496,0.00214,-3.46208,0.00,0.00,0.00,derecha,1.00
0,17,51,-0.89328,-0.50435,-0.05575,-0.25504,-0.04566,-3.60914,0.00,0.00,0.00,derecha,1.00
0,17,52,-0.85772,-0.50746,-0.02233,-0.29902,-0.06506,-3.70917,0.00,0.00,0.00,derecha,1.00
0,17,53,-0.84168,-0.49434,-0.03129,-0.33155,-0.06933,-3.65145,0.00,0.00,0.00,derecha,1.00
0,17,54,-0.83759,-0.48843,-0.04996,-0.27031,-0.05147,-3.56333,0.00,0.00,0.00,derecha,1.00
0,17,55,-0.82027,-0.52795,-0.05777,-0.22801,-0.05406,-3.45628,0.00,0.00,0.00,derecha,1.00
0,17,56,-0.80117,-0.54302,-0.07259,-0.22648,0.01680,-3.26446,0.00,0.00,0.00,derecha,1.00
0,17,57,-0.77372,-0.60292,-0.08601,-0.13027,0.06154,-3.15436,0.00,0.00,0.00,derecha,1.00
0,17,58,-0.73895,-0.64501,-0.09351,-0.10476,0.11301,-3.10350,0.00,0.00,0.00,derecha,1.00
0,17,59,-0.70351,-0.63775,-0.06057,-0.05971,0.12691,-3.03127,0.00,0.00,0.00,derecha,1.00
0,17,60,-0.66405,-0.63989,-0.07369,0.01176,0.10369,-2.84342,0.00,0.00,0.00,derecha,1.00
0,17,61,-0.61927,-0.63098,-0.06008,0.02001,0.13286,-2.59877,0.00,0.00,0.00,derecha,1.00
0,17,62,-0.60317,-0.64062,-0.06551,0.05208,0.14752,-2.27059,0.00,0.00,0.00,derecha,1.00
0,17,63,-0.59524,-0.68881,-0.07094,0.09026,0.14080,-1.99890,0.00,0.00,0.00,derecha,1.00
0,17,64,-0.58639,-0.76732,-0.09138,0.07895,0.15455,-1.79167,0.00,0.00,0.00,derecha,1.00
0,17,65,-0.60006,-0.84198,-0.06582,0.01833,0.22755,-1.68736,0.00,0.00,0.00,derecha,1.00
0,17,66,-0.56803,-0.91024,-0.04703,-0.02841,0.19884,-1.76006,0.00,0.00,0.00,derecha,1.00
0,17,67,-0.53283,-0.90256,-0.03617,-0.14416,0.16173,-1.83596,0.00,0.00,0.00,derecha,1.00
0,17,68,-0.51197,-0.87541,-0.03556,-0.19028,0.08522,-1.91842,0.00,0.00,0.00,derecha,1.00
0,17,69,-0.48678,-0.84278,-0.06076,-0.18937,0.03986,-1.94301,0.00,0.00,0.00,derecha,1.00
0,17,70,-0.44975,-0.84564,-0.07460,-0.18601,0.02611,-1.92071,0.00,0.00,0.00,derecha,1.00
0,17,71,-0.44493,-0.82545,-0.05746,-0.14981,-0.05406,-1.86100,0.00,0.00,0.00,derecha,1.00
0,17,72,-0.43078,-0.80386,-0.06948,-0.11622,-0.08567,-1.72310,0.00,0.00,0.00,derecha,1.00
0,17,73,-0.44268,-0.80331,-0.08516,-0.07055,-0.07330,-1.53617,0.00,0.00,0.00,derecha,1.00
0,17,74,-0.46214,-0.84351,-0.09156,-0.01863,-0.02291,-1.34329,0.00,0.00,0.00,derecha,1.00
0,17,75,-0.44975,-0.92622,-0.09821,-0.01802,0.01252,-1.27304,0.00,0.00,0.00,derecha,1.00
0,17,76,-0.42157,-0.95617,-0.06130,-0.11087,0.04612,-1.27259,0.00,0.00,0.00,derecha,1.00
0,17,77,-0.40358,-0.94574,-0.07296,-0.10247,-0.00870,-1.37139,0.00,0.00,0.00,derecha,1.00
0,17,78,-0.38930,-0.89133,-0.07271,-0.14065,0.00046,-1.35200,0.00,0.00,0.00,derecha,1.00
0,17,79,-0.37430,-0.85278,-0.08070,-0.13363,0.01420,-1.21379,0.00,0.00,0.00,derecha,1.00
0,17,80,-0.38704,-0.80270,-0.09803,-0.06338,0.02291,-0.96196,0.00,0.00,0.00,derecha,1.00
0,17,81,-0.37869,-0.78251,-0.10096,-0.00107,0.07223,-0.69532,0.00,0.00,0.00,derecha,1.00
0,17,82,-0.39766,-0.78635,-0.11242,0.08155,0.14584,-0.38469,0.00,0.00,0.00,derecha,1.00
0,17,83,-0.39577,-0.82856,-0.11834,0.14844,0.20617,-0.14936,0.00,0.00,0.00,derecha,1.00
0,17,84,-0.38625,-0.86205,-0.08058,0.16631,0.26802,0.07010,0.00,0.00,0.00,derecha,1.00
0,17,85,-0.37789,-0.87199,-0.07625,0.15516,0.27779,0.28527,0.00,0.00,0.00,derecha,1.00
0,17,86,-0.36088,-0.82545,-0.07131,0.14966,0.27810,0.51832,0.00,0.00,0.00,derecha,1.00
0,17,87,-0.38033,-0.74487,-0.08699,0.19120,0.29795,0.89110,0.00,0.00,0.00,derecha,1.00
0,17,88,-0.39851,-0.71498,-0.09089,0.31307,0.34392,1.39018,0.00,0.00,0.00,derecha,1.00
0,17,89,-0.42358,-0.67661,-0.10754,0.44196,0.40531,1.89781,0.00,0.00,0.00,derecha,1.00
0,17,90,-0.45390,-0.66264,-0.08680,0.58170,0.47327,2.49340,0.00,0.00,0.00,derecha,1.00
0,17,91,-0.47989,-0.62751,-0.08784,0.75961,0.53695,3.06364,0.00,0.00,0.00,derecha,1.00
0,17,92,-0.47763,-0.61098,-0.05765,1.00762,0.51343,3.55921,0.00,0.00,0.00,derecha,1.00
0,17,93,-0.55114,-0.65788,-0.05929,1.13651,0.55528,4.09860,0.00,0.00,0.00,derecha,1.00
0,17,94,-0.61689,-0.76500,-0.05911,1.19867,0.59376,4.50116,0.00,0.00,0.00,derecha,1.00
0,17,95,-0.64873,-0.78403,-0.05606,1.22326,0.57666,4.79758,0.00,0.00,0.00,derecha,1.00
0,17,96,-0.68637,-0.75860,-0.04892,1.21409,0.59040,5.00390,0.00,0.00,0.00,derecha,1.00
0,17,97,-0.73511,-0.72803,-0.05337,1.28923,0.55772,5.00390,0.00,0.00,0.00,derecha,1.00
0,17,98,-0.85369,-0.79202,-0.06570,1.22463,0.67913,5.00390,0.00,0.00,0.00,derecha,1.00
0,17,99,-0.88682,-0.84107,-0.03648,1.12216,0.81657,5.00390,0.00,0.00,0.00,derecha,1.00
0,17,100,-0.89023,-0.84644,-0.02757,1.12338,0.82818,5.00390,0.00,0.00,0.00,derecha,1.00
0,17,101,-0.87029,-0.80904,-0.01470,1.02396,0.76373,4.57920,0.00,0.00,0.00,derecha,1.00
0,17,102,-0.85296,-0.76585,-0.01403,0.90500,0.70005,4.19252,0.00,0.00,0.00,derecha,1.00
0,17,103,-0.81630,-0.72993,0.00604,0.82803,0.59025,3.74949,0.00,0.00,0.00,derecha,1.00
0,17,104,-0.82740,-0.68784,-0.01928,0.66920,0.50015,3.41321,0.00,0.00,0.00,derecha,1.00
0,17,105,-0.89151,-0.65630,-0.07222,0.54871,0.47815,3.06547,0.00,0.00,0.00,derecha,1.00
0,17,106,-0.94745,-0.63172,-0.08607,0.42287,0.53527,2.73240,0.00,0.00,0.00,derecha,1.00
0,17,107,-0.97783,-0.65978,-0.10748,0.24526,0.65439,2.38222,0.00,0.00,0.00,derecha,1.00
0,17,108,-0.91341,-0.64001,-0.06252,0.07559,0.64416,1.95034,0.00,0.00,0.00,derecha,1.00
0,17,109,-0.87474,-0.53485,-0.03544,-0.08125,0.55879,1.59344,0.00,0.00,0.00,derecha,1.00
0,17,110,-0.84936,-0.42541,-0.02178,-0.20021,0.49755,1.42500,0.00,0.00,0.00,derecha,1.00
0,17,111,-0.82862,-0.34593,-0.04557,-0.20907,0.37767,1.42072,0.00,0.00,0.00,derecha,1.00
0,17,112,-0.82374,-0.25291,-0.05301,-0.15837,0.25229,1.54289,0.00,0.00,0.00,derecha,1.00
0,17,113,-0.85498,-0.20862,-0.08534,-0.11194,0.19853,1.77777,0.00,0.00,0.00,derecha,1.00
0,17,114,-0.87620,-0.18507,-0.10187,0.01848,0.13179,1.97737,0.00,0.00,0.00,derecha,1.00
0,17,115,-0.92934,-0.18367,-0.10968,0.09499,0.14157,2.09863,0.00,0.00,0.00,derecha,1.00
0,17,116,-0.98179,-0.19648,-0.14158,0.15791,0.21365,2.20141,0.00,0.00,0.00,derecha,1.00
0,17,117,-1.00101,-0.23217,-0.14768,0.21182,0.30085,2.18736,0.00,0.00,0.00,derecha,1.00
0,17,118,-1.00693,-0.26114,-0.13890,0.18906,0.38042,2.09618,0.00,0.00,0.00,derecha,1.00
0,17,119,-0.99253,-0.24113,-0.11767,0.14233,0.41997,1.95156,0.00,0.00,0.00,derecha,1.00
0,17,120,-0.97862,-0.20917,-0.09309,0.15043,0.39263,1.83351,0.00,0.00,0.00,derecha,1.00
0,17,121,-0.94013,-0.15262,-0.08009,0.14035,0.34560,1.77273,0.00,0.00,0.00,derecha,1.00
0,17,122,-0.92488,-0.07954,-0.07271,0.15302,0.26954,1.75593,0.00,0.00,0.00,derecha,1.00
0,17,123,-0.92019,-0.05703,-0.09876,0.19975,0.19716,1.77869,0.00,0.00,0.00,derecha,1.00
0,17,124,-0.90835,-0.05868,-0.12804,0.30024,0.13576,1.75853,0.00,0.00,0.00,derecha,1.00
0,17,125,-0.93885,-0.07729,-0.13597,0.33674,0.09972,1.76372,0.00,0.00,0.00,derecha,1.00
0,17,126,-0.92982,-0.10157,-0.13688,0.34453,0.04490,1.68248,0.00,0.00,0.00,derecha,1.00
0,17,127,-0.94794,-0.09931,-0.14597,0.27016,0.04688,1.65056,0.00,0.00,0.00,derecha,1.00
0,17,128,-0.96691,-0.10218,-0.14469,0.21823,0.04139,1.58122,0.00,0.00,0.00,derecha,1.00
0,17,129,-0.95422,-0.10663,-0.12554,0.14386,0.05483,1.49891,0.00,0.00,0.00,derecha,1.00
0,17,130,-0.98741,-0.10474,-0.13566,0.04322,0.08292,1.38239,0.00,0.00,0.00,derecha,1.00
0,17,131,-0.98064,-0.08894,-0.12529,0.00000,0.08369,1.18844,0.00,0.00,0.00,derecha,1.00
0,17,132,-0.96966,-0.06320,-0.11389,-0.04704,0.05376,0.98792,0.00,0.00,0.00,derecha,1.00
0,17,133,-0.95014,-0.03318,-0.10224,-0.08873,-0.00183,0.80497,0.00,0.00,0.00,derecha,1.00
0,17,134,-0.92537,0.01751,-0.09614,-0.13179,-0.10736,0.70998,0.00,0.00,0.00,derecha,1.00
0,17,135,-0.92110,0.05356,-0.11108,-0.15088,-0.13088,0.70250,0.00,0.00,0.00,derecha,1.00
0,17,136,-0.92995,0.08717,-0.12273,-0.15012,-0.16325,0.75656,0.00,0.00,0.00,derecha,1.00
0,17,137,-0.91860,0.08625,-0.12261,-0.12202,-0.22220,0.88255,0.00,0.00,0.00,derecha,1.00
0,17,138,-0.92232,0.08686,-0.12450,-0.11164,-0.25748,0.99968,0.00,0.00,0.00,derecha,1.00
0,17,139,-0.95764,0.06448,-0.13902,-0.13424,-0.26817,1.06749,0.00,0.00,0.00,derecha,1.00
0,17,140,-0.96996,0.05362,-0.13280,-0.13485,-0.20388,1.02381,0.00,0.00,0.00,derecha,1.00
0,17,141,-0.98405,0.05124,-0.12956,-0.16127,-0.18265,0.89263,0.00,0.00,0.00,derecha,1.00
0,17,142,-0.98057,0.04904,-0.11621,-0.18784,-0.16814,0.70509,0.00,0.00,0.00,derecha,1.00
0,17,143,-0.96313,0.06472,-0.11279,-0.19532,-0.19761,0.53466,0.00,0.00,0.00,derecha,1.00
0,17,144,-0.94770,0.09784,-0.10888,-0.23702,-0.22480,0.41722,0.00,0.00,0.00,derecha,1.00
0,17,145,-0.95422,0.11816,-0.11187,-0.24893,-0.21594,0.36789,0.00,0.00,0.00,derecha,1.00
0,17,146,-0.95617,0.12084,-0.11181,-0.26802,-0.22342,0.31032,0.00,0.00,0.00,derecha,1.00
0,17,147,-0.96282,0.11779,-0.12395,-0.26450,-0.21900,0.25992,0.00,0.00,0.00,derecha,1.00
0,17,148,-0.96593,0.11779,-0.10882,-0.27596,-0.23824,0.20067,0.00,0.00,0.00,derecha,1.00
0,17,149,-0.97307,0.11517,-0.10852,-0.28527,-0.22419,0.11759,0.00,0.00,0.00,derecha,1.00
0,17,150,-0.97454,0.11614,-0.10071,-0.33842,-0.21518,-0.00596,0.00,0.00,0.00,derecha,1.00
0,17,151,-0.97203,0.12987,-0.12121,-0.33781,-0.23824,-0.08537,0.00,0.00,0.00,derecha,1.00
0,17,152,-0.97740,0.15683,-0.10858,-0.31337,-0.23274,-0.14997,0.00,0.00,0.00,derecha,1.00
0,17,153,-0.97423,0.19197,-0.08394,-0.31001,-0.19258,-0.17791,0.00,0.00,0.00,derecha,1.00
0,17,154,-0.97856,0.20447,-0.09974,-0.26420,-0.20311,-0.19242,0.00,0.00,0.00,derecha,1.00
0,17,155,-0.97954,0.20514,-0.08967,-0.16142,-0.19960,-0.16982,0.00,0.00,0.00,derecha,1.00
0,17,156,-0.97917,0.21326,-0.08796,-0.10721,-0.19945,-0.10217,0.00,0.00,0.00,derecha,1.00
0,17,157,-0.99552,0.19044,-0.08143,-0.06842,-0.18005,-0.00382,0.00,0.00,0.00,derecha,1.00
0,17,158,-0.99790,0.18721,-0.09571,-0.03024,-0.17349,0.02673,0.00,0.00,0.00,derecha,1.00
0,17,159,-0.98991,0.13993,-0.09028,-0.00382,-0.13454,0.04581,0.00,0.00,0.00,derecha,1.00
0,17,160,-1.01229,0.12908,-0.09223,-0.05055,-0.11484,0.05712,0.00,0.00,0.00,derecha,1.00
0,17,161,-0.99637,0.13091,-0.09321,-0.06368,-0.09209,0.00428,0.00,0.00,0.00,derecha,1.00
0,17,162,-1.00308,0.12603,-0.08882,-0.08491,-0.09743,-0.05498,0.00,0.00,0.00,derecha,1.00
0,17,163,-0.98466,0.13670,-0.09290,-0.08048,-0.08751,-0.03925,0.00,0.00,0.00,derecha,1.00
0,17,164,-0.97716,0.14707,-0.09034,-0.09621,-0.07559,-0.08735,0.00,0.00,0.00,derecha,1.00
0,17,165,-0.97167,0.16275,-0.08473,-0.07789,-0.04673,-0.09667,0.00,0.00,0.00,derecha,1.00
0,17,166,-0.98802,0.16012,-0.07948,-0.05986,-0.07789,-0.09560,0.00,0.00,0.00,derecha,1.00
0,17,167,-0.98259,0.15470,-0.09919,-0.05986,-0.07727,-0.06765,0.00,0.00,0.00,derecha,1.00
0,17,168,-0.98332,0.14829,-0.09101,-0.04963,-0.04994,-0.02214,0.00,0.00,0.00,derecha,1.00
0,17,169,-0.98021,0.15768,-0.07466,-0.05391,-0.03131,0.02077,0.00,0.00,0.00,derecha,1.00
0,18,1,-0.96380,0.13005,-0.04575,0.03253,-0.03207,-0.03864,0.00,0.00,0.00,derecha,1.00
0,18,2,-0.97057,0.14146,-0.05350,0.05589,-0.05437,-0.02902,0.00,0.00,0.00,derecha,1.00
0,18,3,-0.97569,0.13963,-0.06734,0.02779,-0.00122,-0.04902,0.00,0.00,0.00,derecha,1.00
0,18,4,-0.98381,0.13579,-0.06582,0.01985,-0.02886,-0.09423,0.00,0.00,0.00,derecha,1.00
0,18,5,-0.99088,0.13200,-0.06783,0.04994,-0.03161,-0.14539,0.00,0.00,0.00,derecha,1.00
0,18,6,-0.98021,0.13975,-0.05795,0.03650,-0.03329,-0.20311,0.00,0.00,0.00,derecha,1.00
0,18,7,-0.97484,0.13084,-0.07375,0.03314,-0.02718,-0.23060,0.00,0.00,0.00,derecha,1.00
0,18,8,-0.97521,0.12426,-0.06710,0.02856,-0.03604,-0.24725,0.00,0.00,0.00,derecha,1.00
0,18,9,-0.97667,0.12060,-0.05838,0.01023,-0.04139,-0.28176,0.00,0.00,0.00,derecha,1.00
0,18,10,-0.98399,0.10157,-0.06686,-0.01863,-0.03528,-0.31276,0.00,0.00,0.00,derecha,1.00
0,18,11,-0.97673,0.09394,-0.05033,-0.03238,-0.04047,-0.39019,0.00,0.00,0.00,derecha,1.00
0,18,12,-0.97545,0.07314,-0.04831,-0.10064,-0.02459,-0.46166,0.00,0.00,0.00,derecha,1.00
0,18,13,-0.97569,0.06130,-0.04282,-0.13088,-0.06750,-0.58490,0.00,0.00,0.00,derecha,1.00
0,18,14,-0.98588,0.05832,-0.06661,-0.19410,-0.05330,-0.68020,0.00,0.00,0.00,derecha,1.00
0,18,15,-0.99351,0.03398,-0.04898,-0.22434,-0.06277,-0.81444,0.00,0.00,0.00,derecha,1.00
0,18,16,-1.03041,0.02251,-0.05630,-0.25977,-0.03894,-0.98120,0.00,0.00,0.00,derecha,1.00
0,18,17,-1.02041,0.01574,-0.05618,-0.27962,-0.02856,-1.18966,0.00,0.00,0.00,derecha,1.00
0,18,18,-1.02059,0.01226,-0.05295,-0.32849,-0.00412,-1.40255,0.00,0.00,0.00,derecha,1.00
0,18,19,-1.00235,0.01043,-0.05710,-0.34865,-0.02016,-1.59008,0.00,0.00,0.00,derecha,1.00
0,18,20,-0.99162,0.01147,-0.03953,-0.37507,-0.03253,-1.75471,0.00,0.00,0.00,derecha,1.00
0,18,21,-0.98564,0.01867,-0.05685,-0.41081,-0.07453,-1.86192,0.00,0.00,0.00,derecha,1.00
0,18,22,-0.99094,0.00458,-0.05142,-0.40623,-0.06048,-1.94225,0.00,0.00,0.00,derecha,1.00
0,18,23,-0.98722,-0.01208,-0.06051,-0.43616,-0.04429,-2.01891,0.00,0.00,0.00,derecha,1.00
0,18,24,-0.98308,-0.04313,-0.04050,-0.42104,-0.07514,-2.15131,0.00,0.00,0.00,derecha,1.00
0,18,25,-0.97472,-0.06948,-0.06228,-0.40699,-0.11148,-2.30052,0.00,0.00,0.00,derecha,1.00
0,18,26,-0.95654,-0.11523,-0.04642,-0.44211,-0.17822,-2.47568,0.00,0.00,0.00,derecha,1.00
0,18,27,-0.95233,-0.15165,-0.04416,-0.47388,-0.20983,-2.64627,0.00,0.00,0.00,derecha,1.00
0,18,28,-0.93074,-0.17287,-0.03233,-0.48915,-0.29047,-2.89626,0.00,0.00,0.00,derecha,1.00
0,18,29,-0.94837,-0.22997,-0.04581,-0.49816,-0.35018,-3.18551,0.00,0.00,0.00,derecha,1.00
0,18,30,-0.94257,-0.28914,-0.02501,-0.49388,-0.45173,-3.57310,0.00,0.00,0.00,derecha,1.00
0,18,31,-0.94526,-0.29524,-0.01806,-0.49098,-0.58735,-4.05737,0.00,0.00,0.00,derecha,1.00
0,18,32,-0.98332,-0.27340,-0.04008,-0.56459,-0.63759,-4.34234,0.00,0.00,0.00,derecha,1.00
0,18,33,-1.01839,-0.24089,-0.05557,-0.53939,-0.65653,-4.44924,0.00,0.00,0.00,derecha,1.00
0,18,34,-1.03059,-0.21130,-0.07235,-0.50885,-0.61606,-4.27300,0.00,0.00,0.00,derecha,1.00
0,18,35,-1.02187,-0.19630,-0.07790,-0.49495,-0.46884,-3.83287,0.00,0.00,0.00,derecha,1.00
0,18,36,-1.01913,-0.21234,-0.06130,-0.38988,-0.36285,-3.32799,0.00,0.00,0.00,derecha,1.00
0,18,37,-0.99717,-0.25803,-0.05423,-0.28115,-0.20769,-2.79257,0.00,0.00,0.00,derecha,1.00
0,18,38,-0.95154,-0.35545,-0.03934,-0.21090,-0.06704,-2.47645,0.00,0.00,0.00,derecha,1.00
0,18,39,-0.90908,-0.42444,-0.00317,-0.19517,-0.03742,-2.29380,0.00,0.00,0.00,derecha,1.00
0,18,40,-0.90744,-0.44103,-0.02050,-0.18601,0.00443,-2.21591,0.00,0.00,0.00,derecha,1.00
0,18,41,-0.88907,-0.49977,-0.02281,-0.15852,0.07346,-2.22172,0.00,0.00,0.00,derecha,1.00
0,18,42,-0.84162,-0.52924,0.00128,-0.08552,-0.00764,-2.32602,0.00,0.00,0.00,derecha,1.00
0,18,43,-0.82106,-0.56071,-0.00854,-0.07193,-0.03329,-2.47049,0.00,0.00,0.00,derecha,1.00
0,18,44,-0.78830,-0.56822,-0.01025,-0.07972,-0.05589,-2.59419,0.00,0.00,0.00,derecha,1.00
0,18,45,-0.77269,-0.58176,-0.02635,-0.03848,-0.14539,-2.66230,0.00,0.00,0.00,derecha,1.00
0,18,46,-0.75426,-0.57346,-0.03611,-0.06613,-0.17761,-2.67895,0.00,0.00,0.00,derecha,1.00
0,18,47,-0.77915,-0.55309,-0.04526,-0.06628,-0.16585,-2.54212,0.00,0.00,0.00,derecha,1.00
0,18,48,-0.75780,-0.57371,-0.06374,-0.01283,-0.13164,-2.36435,0.00,0.00,0.00,derecha,1.00
0,18,49,-0.73810,-0.57364,-0.04392,0.00870,-0.10354,-2.12612,0.00,0.00,0.00,derecha,1.00
0,18,50,-0.70620,-0.65520,-0.04038,0.06063,-0.07972,-1.96821,0.00,0.00,0.00,derecha,1.00
0,18,51,-0.67082,-0.68363,-0.01537,0.04673,-0.10415,-1.93079,0.00,0.00,0.00,derecha,1.00
0,18,52,-0.71516,-0.67240,-0.02117,0.05376,-0.09743,-1.86421,0.00,0.00,0.00,derecha,1.00
0,18,53,-0.73481,-0.68942,-0.05411,0.06261,-0.00672,-1.77915,0.00,0.00,0.00,derecha,1.00
0,18,54,-0.71218,-0.66557,-0.04111,0.10568,0.05727,-1.64689,0.00,0.00,0.00,derecha,1.00
0,18,55,-0.68851,-0.65898,-0.03385,0.13256,0.10232,-1.43676,0.00,0.00,0.00,derecha,1.00
0,18,56,-0.65075,-0.68893,-0.04483,0.21548,0.15608,-1.18477,0.00,0.00,0.00,derecha,1.00
0,18,57,-0.59945,-0.73035,-0.02117,0.21884,0.22923,-0.96868,0.00,0.00,0.00,derecha,1.00
0,18,58,-0.59359,-0.75866,-0.00067,0.14386,0.20800,-0.79138,0.00,0.00,0.00,derecha,1.00
0,18,59,-0.59615,-0.77635,-0.01592,0.14294,0.20495,-0.65821,0.00,0.00,0.00,derecha,1.00
0,18,60,-0.57334,-0.79422,-0.00982,0.14401,0.14997,-0.60231,0.00,0.00,0.00,derecha,1.00
0,18,61,-0.56498,-0.80325,-0.02446,0.09850,0.13729,-0.52519,0.00,0.00,0.00,derecha,1.00
0,18,62,-0.56260,-0.79367,0.01232,0.08186,0.09331,-0.52092,0.00,0.00,0.00,derecha,1.00
0,18,63,-0.56870,-0.78281,-0.01006,0.11377,0.04291,-0.53512,0.00,0.00,0.00,derecha,1.00
0,18,64,-0.58523,-0.85327,-0.02123,0.10553,0.08460,-0.58506,0.00,0.00,0.00,derecha,1.00
0,18,65,-0.56693,-0.87425,-0.02696,0.08964,0.05253,-0.72861,0.00,0.00,0.00,derecha,1.00
0,18,66,-0.56151,-0.84894,-0.01739,0.06017,-0.00137,-0.91233,0.00,0.00,0.00,derecha,1.00
0,18,67,-0.57236,-0.82417,-0.02147,0.04520,-0.01436,-1.01007,0.00,0.00,0.00,derecha,1.00
0,18,68,-0.55217,-0.78269,-0.02922,0.07972,-0.04001,-1.00350,0.00,0.00,0.00,derecha,1.00
0,18,69,-0.52173,-0.73243,-0.02769,0.05299,-0.03207,-0.77534,0.00,0.00,0.00,derecha,1.00
0,18,70,-0.52185,-0.66380,-0.03727,0.09392,-0.01710,-0.40561,0.00,0.00,0.00,derecha,1.00
0,18,71,-0.52192,-0.60732,-0.03941,0.23534,-0.01161,0.04734,0.00,0.00,0.00,derecha,1.00
0,18,72,-0.52442,-0.54857,-0.05478,0.36576,0.03299,0.67638,0.00,0.00,0.00,derecha,1.00
0,18,73,-0.54095,-0.51954,-0.02647,0.55757,0.11591,1.39583,0.00,0.00,0.00,derecha,1.00
0,18,74,-0.59243,-0.55400,-0.00250,0.78817,0.17119,1.91476,0.00,0.00,0.00,derecha,1.00
0,18,75,-0.67619,-0.67570,-0.02769,0.84269,0.36316,2.37336,0.00,0.00,0.00,derecha,1.00
0,18,76,-0.70595,-0.82393,-0.04746,0.89064,0.51862,2.48653,0.00,0.00,0.00,derecha,1.00
0,18,77,-0.68631,-0.90152,-0.01025,0.87400,0.50748,2.21255,0.00,0.00,0.00,derecha,1.00
0,18,78,-0.67936,-0.93653,0.01488,0.73594,0.51679,1.90712,0.00,0.00,0.00,derecha,1.00
0,18,79,-0.64385,-0.92885,0.03977,0.61545,0.39920,1.58611,0.00,0.00,0.00,derecha,1.00
0,18,80,-0.58048,-0.83350,0.06301,0.48655,0.22724,1.38850,0.00,0.00,0.00,derecha,1.00
0,18,81,-0.54558,-0.68210,0.05722,0.40073,0.07666,1.47157,0.00,0.00,0.00,derecha,1.00
0,18,82,-0.54772,-0.52820,0.06094,0.49266,-0.12798,1.75517,0.00,0.00,0.00,derecha,1.00
0,18,83,-0.68094,-0.47287,-0.00830,0.62385,-0.16188,2.27288,0.00,0.00,0.00,derecha,1.00
0,18,84,-0.83936,-0.53546,-0.06808,0.70097,0.06674,2.78936,0.00,0.00,0.00,derecha,1.00
0,18,85,-0.94007,-0.65081,-0.07204,0.72525,0.34132,3.04898,0.00,0.00,0.00,derecha,1.00
0,18,86,-0.99424,-0.73895,-0.06753,0.67699,0.56520,3.06181,0.00,0.00,0.00,derecha,1.00
0,18,87,-0.98948,-0.79172,-0.05344,0.60980,0.75747,2.83304,0.00,0.00,0.00,derecha,1.00
0,18,88,-0.91097,-0.81697,0.01464,0.56307,0.79611,2.44957,0.00,0.00,0.00,derecha,1.00
0,18,89,-0.83796,-0.78586,0.06173,0.38439,0.76648,2.11359,0.00,0.00,0.00,derecha,1.00
0,18,90,-0.77568,-0.70906,0.09656,0.16356,0.66065,1.83809,0.00,0.00,0.00,derecha,1.00
0,18,91,-0.74432,-0.62708,0.08137,0.09484,0.46533,1.64735,0.00,0.00,0.00,derecha,1.00
0,18,92,-0.73298,-0.52777,0.04117,0.05605,0.27428,1.62124,0.00,0.00,0.00,derecha,1.00
0,18,93,-0.78446,-0.45689,-0.00018,0.07468,0.22816,1.75807,0.00,0.00,0.00,derecha,1.00
0,18,94,-0.86193,-0.43359,-0.03044,0.12981,0.16860,1.89109,0.00,0.00,0.00,derecha,1.00
0,18,95,-0.95990,-0.46128,-0.08253,0.14142,0.35583,2.03815,0.00,0.00,0.00,derecha,1.00
0,18,96,-0.96118,-0.50118,-0.08424,0.12981,0.45616,2.01188,0.00,0.00,0.00,derecha,1.00
0,18,97,-0.94306,-0.49874,-0.06155,0.13653,0.47831,1.90972,0.00,0.00,0.00,derecha,1.00
0,18,98,-0.90432,-0.47867,-0.02446,0.07346,0.50473,1.84176,0.00,0.00,0.00,derecha,1.00
0,18,99,-0.87492,-0.44975,-0.00354,0.03803,0.43448,1.76983,0.00,0.00,0.00,derecha,1.00
0,18,100,-0.85424,-0.41931,-0.00067,-0.00779,0.34651,1.74158,0.00,0.00,0.00,derecha,1.00
0,18,101,-0.83552,-0.35795,-0.02068,-0.05192,0.26481,1.76296,0.00,0.00,0.00,derecha,1.00
0,18,102,-0.82130,-0.30793,0.00756,-0.03650,0.13149,1.85672,0.00,0.00,0.00,derecha,1.00
0,18,103,-0.82393,-0.24406,-0.02013,0.04856,-0.02947,1.95446,0.00,0.00,0.00,derecha,1.00
0,18,104,-0.87986,-0.21948,-0.05423,0.09621,-0.05696,2.10428,0.00,0.00,0.00,derecha,1.00
0,18,105,-0.94495,-0.20026,-0.06539,0.19532,-0.03482,2.20599,0.00,0.00,0.00,derecha,1.00
0,18,106,-1.03676,-0.23143,-0.10035,0.23259,0.09560,2.29044,0.00,0.00,0.00,derecha,1.00
0,18,107,-1.06213,-0.27865,-0.10815,0.19746,0.28222,2.29334,0.00,0.00,0.00,derecha,1.00
0,18,108,-1.05011,-0.30274,-0.09071,0.16218,0.37018,2.16414,0.00,0.00,0.00,derecha,1.00
0,18,109,-1.00314,-0.28829,-0.05996,0.10033,0.40409,2.01754,0.00,0.00,0.00,derecha,1.00
0,18,110,-0.96258,-0.24071,-0.03306,0.00641,0.39874,1.95920,0.00,0.00,0.00,derecha,1.00
0,18,111,-0.91933,-0.19355,-0.00799,-0.04704,0.34346,1.93583,0.00,0.00,0.00,derecha,1.00
0,18,112,-0.89810,-0.14610,-0.02836,-0.12080,0.27443,1.98821,0.00,0.00,0.00,derecha,1.00
0,18,113,-0.90249,-0.10864,-0.02855,-0.10476,0.18540,1.99188,0.00,0.00,0.00,derecha,1.00
0,18,114,-0.92641,-0.08571,-0.05392,-0.01512,0.10492,1.95507,0.00,0.00,0.00,derecha,1.00
0,18,115,-0.96813,-0.08204,-0.07094,-0.01390,0.13439,1.88589,0.00,0.00,0.00,derecha,1.00
0,18,116,-0.99723,-0.10260,-0.09766,0.02230,0.15165,1.72463,0.00,0.00,0.00,derecha,1.00
0,18,117,-0.99137,-0.11547,-0.09601,0.01985,0.17975,1.49326,0.00,0.00,0.00,derecha,1.00
0,18,118,-0.97893,-0.10333,-0.07009,-0.03650,0.20067,1.31733,0.00,0.00,0.00,derecha,1.00
0,18,119,-0.97868,-0.07784,-0.08552,-0.03910,0.22373,1.12078,0.00,0.00,0.00,derecha,1.00
0,18,120,-0.95209,-0.06722,-0.08558,-0.07621,0.17287,0.94745,0.00,0.00,0.00,derecha,1.00
0,18,121,-0.93306,-0.03953,-0.07570,-0.11897,0.10965,0.82406,0.00,0.00,0.00,derecha,1.00
0,18,122,-0.93867,-0.01787,-0.05270,-0.12141,0.04200,0.75472,0.00,0.00,0.00,derecha,1.00
0,18,123,-0.95983,0.02227,-0.04868,-0.13912,-0.00275,0.67745,0.00,0.00,0.00,derecha,1.00
0,18,124,-0.97380,0.03135,-0.07253,-0.16585,-0.00535,0.70020,0.00,0.00,0.00,derecha,1.00
0,18,125,-0.98033,0.06143,-0.08741,-0.15058,-0.02978,0.72433,0.00,0.00,0.00,derecha,1.00
0,18,126,-0.98802,0.04520,-0.09400,-0.12675,-0.02138,0.67699,0.00,0.00,0.00,derecha,1.00
0,18,127,-0.98991,0.04727,-0.08979,-0.15149,0.01878,0.66844,0.00,0.00,0.00,derecha,1.00
0,18,128,-0.99040,0.04319,-0.08577,-0.09636,-0.01909,0.58842,0.00,0.00,0.00,derecha,1.00
0,18,129,-0.98259,0.05905,-0.08674,-0.09743,-0.02001,0.52076,0.00,0.00,0.00,derecha,1.00
0,18,130,-0.98131,0.07155,-0.07985,-0.11820,0.00672,0.49205,0.00,0.00,0.00,derecha,1.00
0,18,131,-0.99332,0.06283,-0.07265,-0.07468,-0.00458,0.39798,0.00,0.00,0.00,derecha,1.00
0,18,132,-0.99912,0.05655,-0.09772,-0.08919,-0.00367,0.31078,0.00,0.00,0.00,derecha,1.00
0,18,133,-0.98497,0.04483,-0.09986,-0.11683,-0.00840,0.21426,0.00,0.00,0.00,derecha,1.00
0,18,134,-0.98039,0.04575,-0.09614,-0.09804,-0.04887,0.07911,0.00,0.00,0.00,derecha,1.00
0,18,135,-0.97216,0.04740,-0.07808,-0.16570,-0.05299,-0.00977,0.00,0.00,0.00,derecha,1.00
0,18,136,-0.95697,0.06271,-0.07594,-0.21747,-0.06170,-0.08552,0.00,0.00,0.00,derecha,1.00
0,18,137,-0.93916,0.07735,-0.08754,-0.18952,-0.11332,-0.16722,0.00,0.00,0.00,derecha,1.00
0,18,138,-0.96057,0.09424,-0.08894,-0.20250,-0.13897,-0.20861,0.00,0.00,0.00,derecha,1.00
0,18,139,-0.96837,0.10632,-0.08693,-0.20418,-0.10766,-0.19685,0.00,0.00,0.00,derecha,1.00
0,18,140,-0.97551,0.11273,-0.09589,-0.16890,-0.14294,-0.23518,0.00,0.00,0.00,derecha,1.00
0,18,141,-0.98179,0.12035,-0.08473,-0.13179,-0.13729,-0.26084,0.00,0.00,0.00,derecha,1.00
0,18,142,-0.99082,0.11877,-0.07991,-0.10247,-0.08964,-0.24542,0.00,0.00,0.00,derecha,1.00
0,18,143,-0.98991,0.14042,-0.09071,-0.06170,-0.12507,-0.23305,0.00,0.00,0.00,derecha,1.00
0,18,144,-0.98741,0.12377,-0.08662,-0.05849,-0.05925,-0.14752,0.00,0.00,0.00,derecha,1.00
0,18,145,-0.97124,0.12096,-0.09742,-0.01512,-0.06735,-0.09988,0.00,0.00,0.00,derecha,1.00
0,18,146,-0.98472,0.10437,-0.07869,0.01588,-0.06292,-0.07636,0.00,0.00,0.00,derecha,1.00
0,18,147,-0.97984,0.09119,-0.08876,-0.01298,-0.02123,-0.02275,0.00,0.00,0.00,derecha,1.00
0,19,1,-0.98747,0.06503,-0.05594,0.03574,-0.03558,-0.04123,0.00,0.00,0.00,derecha,1.00
0,19,2,-0.98997,0.04849,-0.05581,0.03910,-0.00672,-0.07086,0.00,0.00,0.00,derecha,1.00
0,19,3,-0.98405,0.05819,-0.05734,0.06338,-0.03406,-0.05345,0.00,0.00,0.00,derecha,1.00
0,19,4,-0.98277,0.07692,-0.06850,0.03467,-0.02917,0.00275,0.00,0.00,0.00,derecha,1.00
0,19,5,-0.98088,0.07320,-0.07064,0.01237,0.00199,0.06994,0.00,0.00,0.00,derecha,1.00
0,19,6,-0.97576,0.06076,-0.06704,0.04597,-0.03574,0.07101,0.00,0.00,0.00,derecha,1.00
0,19,7,-0.97966,0.06118,-0.06015,0.00962,-0.02581,0.07239,0.00,0.00,0.00,derecha,1.00
0,19,8,-0.98777,0.05935,-0.04856,-0.00580,-0.00504,0.04963,0.00,0.00,0.00,derecha,1.00
0,19,9,-0.99790,0.05447,-0.06704,0.03268,-0.03146,-0.04062,0.00,0.00,0.00,derecha,1.00
0,19,10,-0.99643,0.05826,-0.06393,0.01100,-0.01481,-0.09743,0.00,0.00,0.00,derecha,1.00
0,19,11,-1.00180,0.06728,-0.06466,-0.03711,-0.00565,-0.13378,0.00,0.00,0.00,derecha,1.00
0,19,12,-0.99595,0.08314,-0.05703,0.01863,-0.02169,-0.15470,0.00,0.00,0.00,derecha,1.00
0,19,13,-0.99229,0.09132,-0.06063,-0.00596,0.01038,-0.13424,0.00,0.00,0.00,derecha,1.00
0,19,14,-0.98173,0.09455,-0.07137,0.00290,0.01481,-0.09804,0.00,0.00,0.00,derecha,1.00
0,19,15,-0.97771,0.08162,-0.06557,0.01466,0.01787,-0.09285,0.00,0.00,0.00,derecha,1.00
0,19,16,-0.97740,0.07472,-0.05496,0.00611,0.01130,-0.11561,0.00,0.00,0.00,derecha,1.00
0,19,17,-0.98722,0.04862,-0.06539,0.00916,0.01405,-0.16264,0.00,0.00,0.00,derecha,1.00
0,19,18,-1.01675,0.03477,-0.06753,-0.00794,0.05315,-0.22022,0.00,0.00,0.00,derecha,1.00
0,19,19,-1.07982,-0.00793,-0.10120,-0.03864,0.14554,-0.36331,0.00,0.00,0.00,derecha,1.00
0,19,20,-1.07506,-0.06027,-0.07558,-0.06185,0.23824,-0.59025,0.00,0.00,0.00,derecha,1.00
0,19,21,-1.03913,-0.10535,-0.04972,-0.10247,0.22235,-0.93218,0.00,0.00,0.00,derecha,1.00
0,19,22,-1.00839,-0.12590,-0.02489,-0.24862,0.22022,-1.26953,0.00,0.00,0.00,derecha,1.00
0,19,23,-0.98283,-0.11566,-0.01372,-0.32513,0.13744,-1.58840,0.00,0.00,0.00,derecha,1.00
0,19,24,-0.94361,-0.10901,-0.03123,-0.41142,0.05269,-1.85581,0.00,0.00,0.00,derecha,1.00
0,19,25,-0.93251,-0.10187,-0.03971,-0.49526,-0.05467,-2.09237,0.00,0.00,0.00,derecha,1.00
0,19,26,-0.93611,-0.07357,-0.03861,-0.52779,-0.19212,-2.24493,0.00,0.00,0.00,derecha,1.00
0,19,27,-0.91494,-0.04959,-0.05008,-0.60201,-0.24893,-2.32602,0.00,0.00,0.00,derecha,1.00
0,19,28,-0.91787,-0.04166,-0.05301,-0.58643,-0.32635,-2.28968,0.00,0.00,0.00,derecha,1.00
0,19,29,-0.94428,-0.03953,-0.05551,-0.53130,-0.40623,-2.27181,0.00,0.00,0.00,derecha,1.00
0,19,30,-0.96423,-0.06124,-0.07509,-0.52779,-0.41554,-2.19713,0.00,0.00,0.00,derecha,1.00
0,19,31,-1.00571,-0.05191,-0.08833,-0.51572,-0.36973,-2.12031,0.00,0.00,0.00,derecha,1.00
0,19,32,-1.02254,-0.08997,-0.09614,-0.41829,-0.29612,-2.07373,0.00,0.00,0.00,derecha,1.00
0,19,33,-1.04792,-0.13121,-0.10547,-0.37996,-0.21655,-2.05083,0.00,0.00,0.00,derecha,1.00
0,19,34,-1.02730,-0.14951,-0.07936,-0.36621,-0.10324,-2.01769,0.00,0.00,0.00,derecha,1.00
0,19,35,-1.00748,-0.18568,-0.07418,-0.34163,-0.09529,-2.02991,0.00,0.00,0.00,derecha,1.00
0,19,36,-0.99082,-0.20319,-0.06698,-0.36453,-0.03283,-1.99829,0.00,0.00,0.00,derecha,1.00
0,19,37,-0.99253,-0.21173,-0.06545,-0.33262,-0.00794,-1.96683,0.00,0.00,0.00,derecha,1.00
0,19,38,-0.97832,-0.23418,-0.06155,-0.28726,0.00122,-1.94790,0.00,0.00,0.00,derecha,1.00
0,19,39,-0.97179,-0.23320,-0.04453,-0.25351,0.01649,-1.91949,0.00,0.00,0.00,derecha,1.00
0,19,40,-0.97142,-0.27108,-0.05850,-0.23396,0.04749,-1.86772,0.00,0.00,0.00,derecha,1.00
0,19,41,-0.98680,-0.32580,-0.08223,-0.22190,0.11118,-1.84283,0.00,0.00,0.00,derecha,1.00
0,19,42,-1.00766,-0.38961,-0.09034,-0.23274,0.22831,-1.89903,0.00,0.00,0.00,derecha,1.00
0,19,43,-0.98131,-0.47501,-0.06740,-0.24633,0.23900,-2.12673,0.00,0.00,0.00,derecha,1.00
0,19,44,-0.94953,-0.49581,-0.04721,-0.29444,0.21136,-2.40757,0.00,0.00,0.00,derecha,1.00
0,19,45,-0.93470,-0.49233,-0.05386,-0.38607,0.16173,-2.66948,0.00,0.00,0.00,derecha,1.00
0,19,46,-0.90866,-0.48446,-0.04313,-0.41798,0.15088,-2.87214,0.00,0.00,0.00,derecha,1.00
0,19,47,-0.87517,-0.44914,-0.05405,-0.45540,0.10736,-3.02791,0.00,0.00,0.00,derecha,1.00
0,19,48,-0.85376,-0.46189,-0.05752,-0.45387,0.05528,-3.10258,0.00,0.00,0.00,derecha,1.00
0,19,49,-0.83661,-0.48635,-0.09162,-0.38378,-0.04169,-3.23697,0.00,0.00,0.00,derecha,1.00
0,19,50,-0.82588,-0.48977,-0.08442,-0.39752,-0.04414,-3.28096,0.00,0.00,0.00,derecha,1.00
0,19,51,-0.82692,-0.49788,-0.09955,-0.37858,-0.06796,-3.30356,0.00,0.00,0.00,derecha,1.00
0,19,52,-0.80721,-0.51783,-0.10632,-0.27519,-0.11102,-3.31623,0.00,0.00,0.00,derecha,1.00
0,19,53,-0.76470,-0.55955,-0.11584,-0.31200,-0.12950,-3.29928,0.00,0.00,0.00,derecha,1.00
0,19,54,-0.73346,-0.58365,-0.09156,-0.30696,-0.15226,-3.26584,0.00,0.00,0.00,derecha,1.00
0,19,55,-0.72132,-0.63971,-0.09388,-0.32803,-0.22541,-3.23056,0.00,0.00,0.00,derecha,1.00
0,19,56,-0.67954,-0.72023,-0.07796,-0.45632,-0.28207,-3.16184,0.00,0.00,0.00,derecha,1.00
0,19,57,-0.64568,-0.80075,-0.08613,-0.61117,-0.37981,-3.11725,0.00,0.00,0.00,derecha,1.00
0,19,58,-0.63043,-0.85284,-0.07857,-0.71716,-0.45265,-3.16703,0.00,0.00,0.00,derecha,1.00
0,19,59,-0.63458,-0.86358,-0.04697,-0.84773,-0.50763,-3.28310,0.00,0.00,0.00,derecha,1.00
0,19,60,-0.65660,-0.79032,-0.06478,-0.90469,-0.57559,-3.33578,0.00,0.00,0.00,derecha,1.00
0,19,61,-0.66722,-0.68790,-0.09083,-0.89034,-0.54764,-3.18414,0.00,0.00,0.00,derecha,1.00
0,19,62,-0.66905,-0.59414,-0.14347,-0.77641,-0.41279,-2.80586,0.00,0.00,0.00,derecha,1.00
0,19,63,-0.65459,-0.52698,-0.14847,-0.57177,-0.23534,-2.24310,0.00,0.00,0.00,derecha,1.00
0,19,64,-0.62006,-0.51649,-0.16659,-0.32330,-0.08109,-1.61986,0.00,0.00,0.00,derecha,1.00
0,19,65,-0.57987,-0.60085,-0.17922,-0.15043,0.15577,-1.03725,0.00,0.00,0.00,derecha,1.00
0,19,66,-0.53534,-0.68942,-0.15201,-0.01710,0.22785,-0.60827,0.00,0.00,0.00,derecha,1.00
0,19,67,-0.51917,-0.76427,-0.13005,0.01985,0.28130,-0.33567,0.00,0.00,0.00,derecha,1.00
0,19,68,-0.50057,-0.81874,-0.12157,0.02123,0.29780,-0.21441,0.00,0.00,0.00,derecha,1.00
0,19,69,-0.50215,-0.82948,-0.13414,0.06720,0.24923,-0.19655,0.00,0.00,0.00,derecha,1.00
0,19,70,-0.49660,-0.83003,-0.11492,0.04184,0.24709,-0.24664,0.00,0.00,0.00,derecha,1.00
0,19,71,-0.47403,-0.80221,-0.12670,0.06765,0.29154,-0.21228,0.00,0.00,0.00,derecha,1.00
0,19,72,-0.47464,-0.81514,-0.12493,0.14401,0.20678,-0.29505,0.00,0.00,0.00,derecha,1.00
0,19,73,-0.46153,-0.80227,-0.13865,0.18219,0.16264,-0.33384,0.00,0.00,0.00,derecha,1.00
0,19,74,-0.48007,-0.78202,-0.14847,0.21808,0.16936,-0.23824,0.00,0.00,0.00,derecha,1.00
0,19,75,-0.48306,-0.75853,-0.13890,0.28023,0.15837,-0.11072,0.00,0.00,0.00,derecha,1.00
0,19,76,-0.47110,-0.72633,-0.12950,0.29367,0.15898,0.20082,0.00,0.00,0.00,derecha,1.00
0,19,77,-0.48458,-0.65697,-0.14738,0.34957,0.18036,0.60460,0.00,0.00,0.00,derecha,1.00
0,19,78,-0.49178,-0.62000,-0.13749,0.44914,0.19899,1.06688,0.00,0.00,0.00,derecha,1.00
0,19,79,-0.54406,-0.59981,-0.15823,0.54947,0.30864,1.65774,0.00,0.00,0.00,derecha,1.00
0,19,80,-0.58572,-0.63708,-0.15378,0.67210,0.44975,2.14719,0.00,0.00,0.00,derecha,1.00
0,19,81,-0.60585,-0.69296,-0.13975,0.82757,0.49358,2.45522,0.00,0.00,0.00,derecha,1.00
0,19,82,-0.62147,-0.73090,-0.12005,0.90210,0.56612,2.65467,0.00,0.00,0.00,derecha,1.00
0,19,83,-0.60500,-0.76189,-0.08827,0.96517,0.57467,2.74141,0.00,0.00,0.00,derecha,1.00
0,19,84,-0.57657,-0.76104,-0.05868,1.00762,0.45632,2.76279,0.00,0.00,0.00,derecha,1.00
0,19,85,-0.56138,-0.72340,-0.05063,0.93646,0.38927,2.89749,0.00,0.00,0.00,derecha,1.00
0,19,86,-0.56883,-0.67131,-0.05466,0.99586,0.21044,3.03844,0.00,0.00,0.00,derecha,1.00
0,19,87,-0.58706,-0.62379,-0.04715,1.02732,0.06964,3.21941,0.00,0.00,0.00,derecha,1.00
0,19,88,-0.61445,-0.57017,-0.06411,1.04259,-0.06246,3.50346,0.00,0.00,0.00,derecha,1.00
0,19,89,-0.79038,-0.56626,-0.09626,1.08902,-0.10247,3.90801,0.00,0.00,0.00,derecha,1.00
0,19,90,-0.93281,-0.67564,-0.15128,1.04137,0.15867,4.24154,0.00,0.00,0.00,derecha,1.00
0,19,91,-0.96813,-0.77415,-0.09913,0.91187,0.45830,4.35684,0.00,0.00,0.00,derecha,1.00
0,19,92,-0.99930,-0.84369,-0.11108,0.81413,0.50839,4.16824,0.00,0.00,0.00,derecha,1.00
0,19,93,-0.97063,-0.83375,-0.05502,0.61560,0.57223,3.84845,0.00,0.00,0.00,derecha,1.00
0,19,94,-0.90744,-0.79532,-0.00927,0.45693,0.57559,3.43276,0.00,0.00,0.00,derecha,1.00
0,19,95,-0.84107,-0.72505,0.02336,0.32559,0.44242,3.00714,0.00,0.00,0.00,derecha,1.00
0,19,96,-0.80569,-0.59609,0.00268,0.19426,0.26909,2.70598,0.00,0.00,0.00,derecha,1.00
0,19,97,-0.79562,-0.47318,-0.04349,0.17914,0.10644,2.51234,0.00,0.00,0.00,derecha,1.00
0,19,98,-0.79587,-0.37899,-0.08168,0.27596,-0.05192,2.41506,0.00,0.00,0.00,derecha,1.00
0,19,99,-0.82216,-0.31049,-0.08949,0.31261,-0.09896,2.48210,0.00,0.00,0.00,derecha,1.00
0,19,100,-0.89395,-0.30042,-0.12060,0.40164,-0.11897,2.54212,0.00,0.00,0.00,derecha,1.00
0,19,101,-0.99381,-0.34550,-0.16519,0.40913,0.01481,2.61206,0.00,0.00,0.00,derecha,1.00
0,19,102,-1.02376,-0.39943,-0.16897,0.34865,0.17410,2.53998,0.00,0.00,0.00,derecha,1.00
0,19,103,-1.03017,-0.40065,-0.11157,0.25672,0.25885,2.40055,0.00,0.00,0.00,derecha,1.00
0,19,104,-1.02559,-0.35813,-0.12035,0.20693,0.31093,2.21347,0.00,0.00,0.00,derecha,1.00
0,19,105,-0.98747,-0.33050,-0.07820,0.10461,0.35949,2.03006,0.00,0.00,0.00,derecha,1.00
0,19,106,-0.93958,-0.28664,-0.06027,0.07178,0.30696,1.87566,0.00,0.00,0.00,derecha,1.00
0,19,107,-0.92080,-0.23015,-0.06338,0.04200,0.24816,1.77884,0.00,0.00,0.00,derecha,1.00
0,19,108,-0.91274,-0.16622,-0.06033,0.02749,0.20113,1.76189,0.00,0.00,0.00,derecha,1.00
0,19,109,-0.92732,-0.11846,-0.07405,0.09988,0.10324,1.75715,0.00,0.00,0.00,derecha,1.00
0,19,110,-0.91232,-0.06216,-0.07912,0.16066,0.04139,1.82267,0.00,0.00,0.00,derecha,1.00
0,19,111,-0.95508,-0.03312,-0.09797,0.26481,-0.00458,1.92575,0.00,0.00,0.00,derecha,1.00
0,19,112,-1.00125,-0.04380,-0.11352,0.31261,0.06414,2.03968,0.00,0.00,0.00,derecha,1.00
0,19,113,-1.01693,-0.08204,-0.13627,0.38011,0.09316,2.01418,0.00,0.00,0.00,derecha,1.00
0,19,114,-1.01473,-0.12828,-0.12633,0.32223,0.18555,1.93385,0.00,0.00,0.00,derecha,1.00
0,19,115,-0.98722,-0.14683,-0.13426,0.34728,0.15104,1.67973,0.00,0.00,0.00,derecha,1.00
0,19,116,-0.98436,-0.13878,-0.10571,0.27901,0.15379,1.46104,0.00,0.00,0.00,derecha,1.00
0,19,117,-0.95617,-0.13231,-0.09516,0.20159,0.11194,1.20020,0.00,0.00,0.00,derecha,1.00
0,19,118,-0.93611,-0.10218,-0.08656,0.14722,0.01848,0.97128,0.00,0.00,0.00,derecha,1.00
0,19,119,-0.91817,-0.06808,-0.08314,0.04291,-0.00947,0.80298,0.00,0.00,0.00,derecha,1.00
0,19,120,-0.90829,-0.04862,-0.09992,0.04902,-0.09621,0.62156,0.00,0.00,0.00,derecha,1.00
0,19,121,-0.91811,-0.02348,-0.10687,0.03528,-0.16616,0.51374,0.00,0.00,0.00,derecha,1.00
0,19,122,-0.93135,-0.00244,-0.12151,0.01466,-0.19700,0.44166,0.00,0.00,0.00,derecha,1.00
0,19,123,-0.96776,0.00238,-0.10553,0.02245,-0.22159,0.35293,0.00,0.00,0.00,derecha,1.00
0,19,124,-1.00064,-0.00769,-0.11096,0.00336,-0.21029,0.29780,0.00,0.00,0.00,derecha,1.00
0,19,125,-1.01229,-0.01995,-0.11797,-0.07789,-0.14691,0.27413,0.00,0.00,0.00,derecha,1.00
0,19,126,-1.01565,-0.02013,-0.10730,-0.12614,-0.10018,0.20159,0.00,0.00,0.00,derecha,1.00
0,19,127,-0.98887,-0.00470,-0.09919,-0.18769,-0.09743,0.18219,0.00,0.00,0.00,derecha,1.00
0,19,128,-0.98350,0.02696,-0.10193,-0.21029,-0.08644,0.17517,0.00,0.00,0.00,derecha,1.00
0,19,129,-0.98600,0.06063,-0.08930,-0.17868,-0.10461,0.19028,0.00,0.00,0.00,derecha,1.00
0,19,130,-0.98948,0.09461,-0.10285,-0.14539,-0.06796,0.25962,0.00,0.00,0.00,derecha,1.00
0,19,131,-0.98381,0.09821,-0.10840,-0.13653,-0.01542,0.34178,0.00,0.00,0.00,derecha,1.00
0,19,132,-0.98381,0.09833,-0.09632,-0.11683,-0.01374,0.38301,0.00,0.00,0.00,derecha,1.00
0,19,133,-0.97862,0.08741,-0.10693,-0.02627,-0.07498,0.40516,0.00,0.00,0.00,derecha,1.00
0,19,134,-0.95666,0.08180,-0.10846,-0.01466,-0.02779,0.43081,0.00,0.00,0.00,derecha,1.00
0,19,135,-0.96545,0.07180,-0.09729,-0.00718,-0.02306,0.44608,0.00,0.00,0.00,derecha,1.00
0,19,136,-0.96295,0.06594,-0.10022,-0.00962,-0.04169,0.40287,0.00,0.00,0.00,derecha,1.00
0,19,137,-0.96776,0.06899,-0.09101,0.01130,-0.08842,0.35629,0.00,0.00,0.00,derecha,1.00
0,19,138,-0.97569,0.07247,-0.09382,0.01665,-0.04826,0.32758,0.00,0.00,0.00,derecha,1.00
0,19,139,-0.97838,0.07692,-0.09949,-0.01008,-0.07605,0.25397,0.00,0.00,0.00,derecha,1.00
0,19,140,-0.98405,0.05795,-0.10321,-0.02321,-0.05162,0.16127,0.00,0.00,0.00,derecha,1.00
0,19,141,-0.97234,0.05417,-0.10541,-0.01481,-0.07300,0.00611,0.00,0.00,0.00,derecha,1.00
0,19,142,-0.96105,0.04972,-0.10596,-0.05055,-0.07743,-0.10675,0.00,0.00,0.00,derecha,1.00
0,19,143,-0.95178,0.07643,-0.08924,-0.04444,-0.10660,-0.21350,0.00,0.00,0.00,derecha,1.00
0,19,144,-0.95191,0.10352,-0.09363,-0.03283,-0.13867,-0.22480,0.00,0.00,0.00,derecha,1.00
0,19,145,-0.94501,0.12163,-0.11010,-0.02352,-0.12675,-0.14890,0.00,0.00,0.00,derecha,1.00
0,19,146,-0.94507,0.13206,-0.10858,-0.00046,-0.14951,-0.06429,0.00,0.00,0.00,derecha,1.00
0,20,1,-0.95532,0.05923,-0.04886,0.02764,-0.00916,0.00550,0.00,0.00,0.00,derecha,1.00
0,20,2,-0.95843,0.06088,-0.04990,0.01939,-0.02566,0.00229,0.00,0.00,0.00,derecha,1.00
0,20,3,-0.95422,0.06191,-0.05185,0.02169,-0.04291,0.01542,0.00,0.00,0.00,derecha,1.00
0,20,4,-0.96459,0.06844,-0.06881,0.01038,-0.04200,0.00718,0.00,0.00,0.00,derecha,1.00
0,20,5,-0.97356,0.06856,-0.05618,0.00535,-0.03406,0.00993,0.00,0.00,0.00,derecha,1.00
0,20,6,-0.97393,0.07820,-0.05697,0.03925,-0.04139,0.00061,0.00,0.00,0.00,derecha,1.00
0,20,7,-0.97978,0.07235,-0.04111,0.04398,-0.05467,-0.05055,0.00,0.00,0.00,derecha,1.00
0,20,8,-0.98155,0.06557,-0.06149,0.02764,-0.03910,-0.01939,0.00,0.00,0.00,derecha,1.00
0,20,9,-0.99192,0.06454,-0.05148,0.05910,-0.05864,-0.02184,0.00,0.00,0.00,derecha,1.00
0,20,10,-0.99546,0.07497,-0.04111,0.01069,-0.00565,-0.00764,0.00,0.00,0.00,derecha,1.00
0,20,11,-0.99948,0.05337,-0.05356,0.01191,-0.02214,-0.03024,0.00,0.00,0.00,derecha,1.00
0,20,12,-0.99259,0.05539,-0.04508,0.02474,-0.04047,-0.04429,0.00,0.00,0.00,derecha,1.00
0,20,13,-0.99857,0.06393,-0.04337,-0.00779,-0.01145,-0.05849,0.00,0.00,0.00,derecha,1.00
0,20,14,-1.00748,0.06942,-0.02898,0.00244,0.02902,-0.08628,0.00,0.00,0.00,derecha,1.00
0,20,15,-1.00089,0.06417,-0.03965,0.01680,-0.00870,-0.12599,0.00,0.00,0.00,derecha,1.00
0,20,16,-0.98960,0.07643,-0.04294,0.00367,0.02214,-0.12309,0.00,0.00,0.00,derecha,1.00
0,20,17,-0.99869,0.08107,-0.04917,0.03451,0.00840,-0.09652,0.00,0.00,0.00,derecha,1.00
0,20,18,-0.96789,0.08436,-0.05002,0.02016,0.00870,-0.09468,0.00,0.00,0.00,derecha,1.00
0,20,19,-0.97606,0.07680,-0.05240,0.00641,0.01451,-0.05880,0.00,0.00,0.00,derecha,1.00
0,20,20,-0.97081,0.07210,-0.06387,0.03329,-0.01756,-0.07468,0.00,0.00,0.00,derecha,1.00
0,20,21,-0.97887,0.06460,-0.05874,0.02260,-0.00458,-0.09392,0.00,0.00,0.00,derecha,1.00
0,20,22,-1.01187,0.04953,-0.04788,0.00458,0.01298,-0.15623,0.00,0.00,0.00,derecha,1.00
0,20,23,-1.00632,0.02959,-0.04380,0.01634,-0.00046,-0.27290,0.00,0.00,0.00,derecha,1.00
0,20,24,-1.00016,0.00159,-0.06320,-0.01451,0.00473,-0.41081,0.00,0.00,0.00,derecha,1.00
0,20,25,-1.00656,-0.01574,-0.04508,-0.06704,0.03421,-0.54688,0.00,0.00,0.00,derecha,1.00
0,20,26,-0.98875,-0.01861,-0.03349,-0.09988,-0.00657,-0.69990,0.00,0.00,0.00,derecha,1.00
0,20,27,-0.96398,-0.02434,-0.03575,-0.17685,-0.02199,-0.79672,0.00,0.00,0.00,derecha,1.00
0,20,28,-0.96166,-0.02483,-0.06027,-0.23564,-0.06017,-0.83597,0.00,0.00,0.00,derecha,1.00
0,20,29,-0.95892,-0.03001,-0.04117,-0.26206,-0.10171,-0.97601,0.00,0.00,0.00,derecha,1.00
0,20,30,-0.98277,-0.06387,-0.05459,-0.34208,-0.09071,-1.10108,0.00,0.00,0.00,derecha,1.00
0,20,31,-0.98972,-0.13304,-0.04752,-0.37736,-0.10919,-1.32878,0.00,0.00,0.00,derecha,1.00
0,20,32,-0.99503,-0.17617,-0.04624,-0.44838,-0.15104,-1.68141,0.00,0.00,0.00,derecha,1.00
0,20,33,-1.02815,-0.18526,-0.05502,-0.55161,-0.14707,-2.07771,0.00,0.00,0.00,derecha,1.00
0,20,34,-1.03895,-0.19081,-0.03587,-0.63637,-0.13347,-2.43827,0.00,0.00,0.00,derecha,1.00
0,20,35,-1.00235,-0.20051,-0.01006,-0.70876,-0.16570,-2.81426,0.00,0.00,0.00,derecha,1.00
0,20,36,-0.98491,-0.21509,-0.01116,-0.79565,-0.20632,-3.12748,0.00,0.00,0.00,derecha,1.00
0,20,37,-0.97283,-0.19483,-0.01781,-0.83047,-0.29948,-3.42375,0.00,0.00,0.00,derecha,1.00
0,20,38,-0.96374,-0.18373,0.00061,-0.86025,-0.37904,-3.66931,0.00,0.00,0.00,derecha,1.00
0,20,39,-0.97899,-0.15195,-0.01440,-0.86789,-0.43188,-3.72414,0.00,0.00,0.00,derecha,1.00
0,20,40,-1.00443,-0.13011,-0.03995,-0.79351,-0.49816,-3.71971,0.00,0.00,0.00,derecha,1.00
0,20,41,-1.01705,-0.14341,-0.07058,-0.72388,-0.39294,-3.59555,0.00,0.00,0.00,derecha,1.00
0,20,42,-1.02132,-0.16879,-0.07210,-0.64874,-0.30803,-3.44375,0.00,0.00,0.00,derecha,1.00
0,20,43,-1.01620,-0.19807,-0.06887,-0.53115,-0.25504,-3.27576,0.00,0.00,0.00,derecha,1.00
0,20,44,-0.98356,-0.22692,-0.06612,-0.44120,-0.16845,-3.08411,0.00,0.00,0.00,derecha,1.00
0,20,45,-0.97771,-0.29012,-0.07180,-0.39019,-0.07055,-2.86389,0.00,0.00,0.00,derecha,1.00
0,20,46,-0.95258,-0.34282,-0.04624,-0.31246,-0.03390,-2.73271,0.00,0.00,0.00,derecha,1.00
0,20,47,-0.93964,-0.37149,-0.04764,-0.29413,0.03100,-2.62718,0.00,0.00,0.00,derecha,1.00
0,20,48,-0.90664,-0.39943,-0.05276,-0.24206,0.04398,-2.56869,0.00,0.00,0.00,derecha,1.00
0,20,49,-0.86986,-0.44140,-0.03983,-0.15012,0.01084,-2.58640,0.00,0.00,0.00,derecha,1.00
0,20,50,-0.83174,-0.46427,-0.03709,-0.18250,0.03161,-2.55265,0.00,0.00,0.00,derecha,1.00
0,20,51,-0.85516,-0.48050,-0.04209,-0.14493,0.03207,-2.54074,0.00,0.00,0.00,derecha,1.00
0,20,52,-0.83515,-0.52930,-0.04935,-0.03940,0.05208,-2.60000,0.00,0.00,0.00,derecha,1.00
0,20,53,-0.80392,-0.57633,-0.06606,-0.05589,0.03329,-2.73255,0.00,0.00,0.00,derecha,1.00
0,20,54,-0.80612,-0.58212,-0.03288,-0.06017,-0.00840,-2.83579,0.00,0.00,0.00,derecha,1.00
0,20,55,-0.78342,-0.58273,-0.05228,-0.03329,-0.03467,-2.90024,0.00,0.00,0.00,derecha,1.00
0,20,56,-0.76561,-0.62824,-0.06130,-0.08522,0.00672,-2.91245,0.00,0.00,0.00,derecha,1.00
0,20,57,-0.72889,-0.63629,-0.02409,-0.04001,-0.05956,-3.00378,0.00,0.00,0.00,derecha,1.00
0,20,58,-0.70327,-0.69973,-0.04563,-0.04658,-0.08430,-3.07311,0.00,0.00,0.00,derecha,1.00
0,20,59,-0.67673,-0.73078,-0.03630,-0.08231,-0.13179,-3.19818,0.00,0.00,0.00,derecha,1.00
0,20,60,-0.65697,-0.72236,-0.01580,-0.15211,-0.20189,-3.27928,0.00,0.00,0.00,derecha,1.00
0,20,61,-0.63092,-0.69656,-0.02983,-0.14386,-0.27779,-3.28981,0.00,0.00,0.00,derecha,1.00
0,20,62,-0.64141,-0.65044,-0.03837,-0.14325,-0.27107,-3.12717,0.00,0.00,0.00,derecha,1.00
0,20,63,-0.62000,-0.62232,-0.04959,-0.05635,-0.23442,-2.84572,0.00,0.00,0.00,derecha,1.00
0,20,64,-0.60097,-0.62854,-0.08449,0.04078,-0.17639,-2.55067,0.00,0.00,0.00,derecha,1.00
0,20,65,-0.60024,-0.66026,-0.07716,0.19227,-0.07162,-2.25012,0.00,0.00,0.00,derecha,1.00
0,20,66,-0.57944,-0.71522,-0.08357,0.29978,0.02275,-2.04747,0.00,0.00,0.00,derecha,1.00
0,20,67,-0.53991,-0.76585,-0.04166,0.40378,0.06216,-1.96042,0.00,0.00,0.00,derecha,1.00
0,20,68,-0.50709,-0.80246,-0.03764,0.42699,0.08186,-1.89994,0.00,0.00,0.00,derecha,1.00
0,20,69,-0.48385,-0.83893,-0.03440,0.46624,0.06185,-1.81335,0.00,0.00,0.00,derecha,1.00
0,20,70,-0.47531,-0.84156,-0.03093,0.45418,0.04444,-1.67209,0.00,0.00,0.00,derecha,1.00
0,20,71,-0.44188,-0.85546,-0.03587,0.35552,0.09881,-1.37536,0.00,0.00,0.00,derecha,1.00
0,20,72,-0.41565,-0.86962,-0.02965,0.30772,0.10858,-1.11681,0.00,0.00,0.00,derecha,1.00
0,20,73,-0.41486,-0.85613,-0.04087,0.29658,0.07055,-0.87125,0.00,0.00,0.00,derecha,1.00
0,20,74,-0.44316,-0.88718,-0.03062,0.26496,0.10889,-0.63408,0.00,0.00,0.00,derecha,1.00
0,20,75,-0.45774,-0.93842,-0.02178,0.27367,0.17410,-0.62217,0.00,0.00,0.00,derecha,1.00
0,20,76,-0.46738,-0.96185,-0.01348,0.22816,0.27031,-0.66141,0.00,0.00,0.00,derecha,1.00
0,20,77,-0.45122,-0.98277,-0.03007,0.20754,0.24419,-0.81566,0.00,0.00,0.00,derecha,1.00
0,20,78,-0.40596,-0.96240,-0.00244,0.20708,0.21411,-0.94226,0.00,0.00,0.00,derecha,1.00
0,20,79,-0.36203,-0.93818,-0.00250,0.14401,0.19532,-0.91920,0.00,0.00,0.00,derecha,1.00
0,20,80,-0.36948,-0.94861,-0.01836,0.09392,0.16417,-0.83673,0.00,0.00,0.00,derecha,1.00
0,20,81,-0.34130,-0.91884,-0.01342,0.05757,0.10965,-0.68417,0.00,0.00,0.00,derecha,1.00
0,20,82,-0.33574,-0.91158,-0.02714,0.00458,0.10415,-0.46655,0.00,0.00,0.00,derecha,1.00
0,20,83,-0.32330,-0.91012,-0.00811,0.00932,0.02779,-0.33445,0.00,0.00,0.00,derecha,1.00
0,20,84,-0.31958,-0.87358,-0.01372,0.03268,-0.04062,-0.16646,0.00,0.00,0.00,derecha,1.00
0,20,85,-0.35154,-0.84528,-0.03617,0.05376,-0.03238,0.05483,0.00,0.00,0.00,derecha,1.00
0,20,86,-0.37857,-0.81545,-0.01586,0.14951,-0.03329,0.24251,0.00,0.00,0.00,derecha,1.00
0,20,87,-0.42749,-0.84149,-0.04538,0.22938,0.03039,0.42318,0.00,0.00,0.00,derecha,1.00
0,20,88,-0.44878,-0.87346,-0.06210,0.27321,0.09957,0.48808,0.00,0.00,0.00,derecha,1.00
0,20,89,-0.48123,-0.88358,-0.03812,0.28436,0.17822,0.60812,0.00,0.00,0.00,derecha,1.00
0,20,90,-0.47562,-0.89774,-0.04117,0.25504,0.29108,0.74037,0.00,0.00,0.00,derecha,1.00
0,20,91,-0.45738,-0.87474,-0.03282,0.22770,0.35766,0.93218,0.00,0.00,0.00,derecha,1.00
0,20,92,-0.45170,-0.80014,-0.02129,0.26435,0.35827,1.19760,0.00,0.00,0.00,derecha,1.00
0,20,93,-0.46165,-0.73664,-0.04959,0.32132,0.42990,1.59543,0.00,0.00,0.00,derecha,1.00
0,20,94,-0.45341,-0.67070,-0.00939,0.42776,0.52244,2.11833,0.00,0.00,0.00,derecha,1.00
0,20,95,-0.45469,-0.63782,-0.00012,0.58689,0.47999,2.65604,0.00,0.00,0.00,derecha,1.00
0,20,96,-0.49794,-0.66923,-0.01049,0.77656,0.49297,3.13084,0.00,0.00,0.00,derecha,1.00
0,20,97,-0.52405,-0.74286,-0.00360,0.82757,0.55772,3.47735,0.00,0.00,0.00,derecha,1.00
0,20,98,-0.54918,-0.78403,0.00641,0.92821,0.49419,3.58990,0.00,0.00,0.00,derecha,1.00
0,20,99,-0.57822,-0.78135,-0.00970,0.97845,0.43906,3.69268,0.00,0.00,0.00,derecha,1.00
0,20,100,-0.67655,-0.84930,-0.02666,0.98105,0.47052,3.72628,0.00,0.00,0.00,derecha,1.00
0,20,101,-0.72657,-0.93324,-0.02952,0.86529,0.58735,3.64015,0.00,0.00,0.00,derecha,1.00
0,20,102,-0.73401,-0.96197,0.00006,0.71334,0.64630,3.42344,0.00,0.00,0.00,derecha,1.00
0,20,103,-0.73005,-0.91012,0.02617,0.59498,0.59758,3.13465,0.00,0.00,0.00,derecha,1.00
0,20,104,-0.71559,-0.83808,0.02940,0.51633,0.51694,2.85747,0.00,0.00,0.00,derecha,1.00
0,20,105,-0.72779,-0.77866,0.03867,0.41432,0.48808,2.71484,0.00,0.00,0.00,derecha,1.00
0,20,106,-0.72322,-0.73420,0.03495,0.34896,0.46472,2.61145,0.00,0.00,0.00,derecha,1.00
0,20,107,-0.72413,-0.68595,0.03148,0.34285,0.36499,2.54013,0.00,0.00,0.00,derecha,1.00
0,20,108,-0.74170,-0.64190,0.02086,0.29551,0.37706,2.51722,0.00,0.00,0.00,derecha,1.00
0,20,109,-0.77568,-0.62391,-0.00146,0.29581,0.33582,2.54670,0.00,0.00,0.00,derecha,1.00
0,20,110,-0.79080,-0.58725,-0.00964,0.28023,0.32910,2.55662,0.00,0.00,0.00,derecha,1.00
0,20,111,-0.81246,-0.55736,-0.00598,0.26939,0.32727,2.61084,0.00,0.00,0.00,derecha,1.00
0,20,112,-0.81496,-0.51972,-0.01470,0.29749,0.30757,2.64398,0.00,0.00,0.00,derecha,1.00
0,20,113,-0.84107,-0.50191,-0.04856,0.33475,0.29627,2.66963,0.00,0.00,0.00,derecha,1.00
0,20,114,-0.88743,-0.52460,-0.04032,0.32177,0.38897,2.66597,0.00,0.00,0.00,derecha,1.00
0,20,115,-0.89273,-0.54211,-0.03873,0.30696,0.40791,2.53967,0.00,0.00,0.00,derecha,1.00
0,20,116,-0.88859,-0.53430,-0.01976,0.25534,0.39462,2.35382,0.00,0.00,0.00,derecha,1.00
0,20,117,-0.88297,-0.52771,0.00232,0.18418,0.36514,2.12566,0.00,0.00,0.00,derecha,1.00
0,20,118,-0.86315,-0.50020,0.01769,0.14615,0.26298,1.85917,0.00,0.00,0.00,derecha,1.00
0,20,119,-0.86230,-0.44664,-0.01537,0.00550,0.22480,1.69866,0.00,0.00,0.00,derecha,1.00
0,20,120,-0.88846,-0.38924,-0.01671,0.01161,0.14096,1.54717,0.00,0.00,0.00,derecha,1.00
0,20,121,-0.87840,-0.35148,-0.04319,0.03864,0.08888,1.43645,0.00,0.00,0.00,derecha,1.00
0,20,122,-0.88694,-0.31818,-0.04508,0.01451,0.07911,1.39629,0.00,0.00,0.00,derecha,1.00
0,20,123,-0.90469,-0.28011,-0.05502,0.04475,0.04887,1.41171,0.00,0.00,0.00,derecha,1.00
0,20,124,-0.95843,-0.25766,-0.07277,0.13088,0.08018,1.40468,0.00,0.00,0.00,derecha,1.00
0,20,125,-0.96618,-0.26809,-0.06783,0.11301,0.19090,1.41308,0.00,0.00,0.00,derecha,1.00
0,20,126,-0.96740,-0.23857,-0.05801,0.12263,0.20617,1.41782,0.00,0.00,0.00,derecha,1.00
0,20,127,-0.97344,-0.22302,-0.04709,0.14798,0.24068,1.49189,0.00,0.00,0.00,derecha,1.00
0,20,128,-0.96813,-0.20649,-0.03904,0.13118,0.30818,1.59527,0.00,0.00,0.00,derecha,1.00
0,20,129,-0.95770,-0.21911,-0.04124,0.17975,0.25504,1.63804,0.00,0.00,0.00,derecha,1.00
0,20,130,-0.96453,-0.21155,-0.04099,0.17486,0.26649,1.69042,0.00,0.00,0.00,derecha,1.00
0,20,131,-0.97051,-0.22680,-0.04002,0.16493,0.27321,1.65926,0.00,0.00,0.00,derecha,1.00
0,20,132,-0.96898,-0.23003,-0.02769,0.16417,0.24038,1.54152,0.00,0.00,0.00,derecha,1.00
0,20,133,-0.97874,-0.23833,-0.02910,0.12981,0.16646,1.38254,0.00,0.00,0.00,derecha,1.00
0,20,134,-0.96935,-0.22259,-0.05100,0.07300,0.16432,1.25747,0.00,0.00,0.00,derecha,1.00
0,20,135,-0.96368,-0.20813,-0.05490,0.03925,0.15760,1.13606,0.00,0.00,0.00,derecha,1.00
0,20,136,-0.94934,-0.18221,-0.05624,-0.00214,0.11805,0.99479,0.00,0.00,0.00,derecha,1.00
0,20,137,-0.96166,-0.13719,-0.05941,-0.04963,0.09545,0.99205,0.00,0.00,0.00,derecha,1.00
0,20,138,-0.96740,-0.09168,-0.07741,-0.03192,0.07819,1.00304,0.00,0.00,0.00,derecha,1.00
0,20,139,-0.94593,-0.05240,-0.08802,-0.02566,0.07834,1.09192,0.00,0.00,0.00,derecha,1.00
0,20,140,-0.95453,-0.05856,-0.06576,-0.00214,0.07223,1.11055,0.00,0.00,0.00,derecha,1.00
0,20,141,-0.97618,-0.07680,-0.07100,0.02230,0.07285,1.11254,0.00,0.00,0.00,derecha,1.00
0,20,142,-0.96959,-0.08485,-0.08143,0.01161,0.05818,1.05069,0.00,0.00,0.00,derecha,1.00
0,20,143,-0.97972,-0.08815,-0.07851,-0.01527,0.05238,0.97464,0.00,0.00,0.00,derecha,1.00
0,20,144,-0.99375,-0.08302,-0.07893,-0.00596,0.05284,0.84559,0.00,0.00,0.00,derecha,1.00
0,20,145,-0.97832,-0.09187,-0.07405,-0.00443,0.04994,0.69455,0.00,0.00,0.00,derecha,1.00
0,20,146,-0.98552,-0.07387,-0.07131,-0.05803,0.02841,0.53817,0.00,0.00,0.00,derecha,1.00
0,20,147,-0.97356,-0.06600,-0.06460,-0.04902,0.00351,0.38530,0.00,0.00,0.00,derecha,1.00
0,20,148,-0.96258,-0.04636,-0.06198,-0.11423,-0.00687,0.29123,0.00,0.00,0.00,derecha,1.00
0,20,149,-0.95721,-0.03666,-0.07698,-0.11301,-0.03910,0.23137,0.00,0.00,0.00,derecha,1.00
0,20,150,-0.94861,-0.01372,-0.08662,-0.14951,-0.07498,0.22755,0.00,0.00,0.00,derecha,1.00
0,20,151,-0.95526,-0.00146,-0.08034,-0.15394,-0.07117,0.27993,0.00,0.00,0.00,derecha,1.00
0,20,152,-0.97008,0.01128,-0.08113,-0.16402,-0.05742,0.33781,0.00,0.00,0.00,derecha,1.00
0,20,153,-0.97502,0.02757,-0.08034,-0.12523,-0.09362,0.35980,0.00,0.00,0.00,derecha,1.00
0,20,154,-0.98112,0.02141,-0.08607,-0.10843,-0.06048,0.41127,0.00,0.00,0.00,derecha,1.00
0,20,155,-0.99686,0.01842,-0.07710,-0.05681,-0.05757,0.40699,0.00,0.00,0.00,derecha,1.00
0,20,156,-0.99668,0.00701,-0.07155,-0.06048,-0.02825,0.40455,0.00,0.00,0.00,derecha,1.00
0,20,157,-0.99192,0.00958,-0.07290,-0.07422,-0.00702,0.37156,0.00,0.00,0.00,derecha,1.00
0,20,158,-0.99546,0.02275,-0.06875,-0.04001,-0.02016,0.32651,0.00,0.00,0.00,derecha,1.00
0,20,159,-0.99284,0.03922,-0.06551,-0.04505,-0.00336,0.34040,0.00,0.00,0.00,derecha,1.00
0,20,160,-0.99930,0.05514,-0.06545,-0.03451,0.01848,0.39233,0.00,0.00,0.00,derecha,1.00
0,20,161,-0.98936,0.05496,-0.06698,0.01512,0.01833,0.42516,0.00,0.00,0.00,derecha,1.00
0,21,1,-0.97527,0.00500,-0.00958,0.02138,-0.05635,-0.17257,0.00,0.00,0.00,izquierda,1.00
0,21,2,-0.97496,0.01592,-0.00043,0.00977,-0.02718,-0.13500,0.00,0.00,0.00,izquierda,1.00
0,21,3,-0.98204,0.01324,-0.01928,0.03054,-0.03222,-0.07972,0.00,0.00,0.00,izquierda,1.00
0,21,4,-0.98082,0.00872,0.00445,0.06811,-0.04811,-0.07361,0.00,0.00,0.00,izquierda,1.00
0,21,5,-0.97789,0.01165,-0.01305,0.05437,-0.02184,-0.02489,0.00,0.00,0.00,izquierda,1.00
0,21,6,-0.97966,0.00427,-0.01299,0.07865,-0.02428,0.03375,0.00,0.00,0.00,izquierda,1.00
0,21,7,-0.98064,-0.00988,-0.01074,0.08812,-0.02627,-0.01145,0.00,0.00,0.00,izquierda,1.00
0,21,8,-0.98161,-0.02379,-0.00628,0.06842,-0.00779,-0.02367,0.00,0.00,0.00,izquierda,1.00
0,21,9,-0.99570,-0.02397,0.01330,0.06781,-0.02382,-0.04917,0.00,0.00,0.00,izquierda,1.00
0,21,10,-0.98875,-0.02739,-0.01769,0.04902,-0.03344,-0.08277,0.00,0.00,0.00,izquierda,1.00
0,21,11,-0.99473,-0.01952,-0.01513,0.01527,-0.00932,-0.07300,0.00,0.00,0.00,izquierda,1.00
0,21,12,-1.00351,-0.00226,-0.01000,0.06261,-0.03711,-0.07957,0.00,0.00,0.00,izquierda,1.00
0,21,13,-1.00070,-0.00409,0.00018,0.05925,-0.02031,-0.04505,0.00,0.00,0.00,izquierda,1.00
0,21,14,-0.99442,-0.00647,0.00165,0.04841,0.00229,0.01115,0.00,0.00,0.00,izquierda,1.00
0,21,15,-1.00589,-0.01171,-0.00409,0.07117,-0.00947,0.01451,0.00,0.00,0.00,izquierda,1.00
0,21,16,-0.99656,-0.01861,-0.00653,0.05101,0.01344,0.02413,0.00,0.00,0.00,izquierda,1.00
0,21,17,-0.99576,-0.02538,-0.00165,0.02184,0.03772,0.03115,0.00,0.00,0.00,izquierda,1.00
0,21,18,-0.98643,-0.02873,-0.00159,0.05712,0.00153,-0.02566,0.00,0.00,0.00,izquierda,1.00
0,21,19,-0.98619,-0.01592,-0.01958,0.02367,0.01374,-0.03940,0.00,0.00,0.00,izquierda,1.00
0,21,20,-0.98405,-0.02440,-0.00299,0.01100,0.00153,-0.05986,0.00,0.00,0.00,izquierda,1.00
0,21,21,-0.97307,-0.02111,-0.00238,0.01924,-0.02520,-0.06597,0.00,0.00,0.00,izquierda,1.00
0,21,22,-0.97234,-0.00830,-0.00268,-0.01665,-0.00580,-0.02169,0.00,0.00,0.00,izquierda,1.00
0,21,23,-0.97210,-0.00183,-0.00805,-0.00473,-0.01817,0.00397,0.00,0.00,0.00,izquierda,1.00
0,21,24,-0.97984,0.00616,0.00549,-0.00687,-0.01695,0.04383,0.00,0.00,0.00,izquierda,1.00
0,21,25,-0.98192,0.01800,-0.00958,0.00840,0.00168,0.08858,0.00,0.00,0.00,izquierda,1.00
0,21,26,-1.00180,0.02861,-0.00506,0.03329,0.01466,0.12446,0.00,0.00,0.00,izquierda,1.00
0,21,27,-1.00906,0.03416,-0.01275,0.05788,0.04337,0.16386,0.00,0.00,0.00,izquierda,1.00
0,21,28,-1.01809,0.04185,-0.02251,0.07773,0.09132,0.23213,0.00,0.00,0.00,izquierda,1.00
0,21,29,-0.99912,0.02208,-0.01171,0.11377,0.11057,0.26786,0.00,0.00,0.00,izquierda,1.00
0,21,30,-0.98741,0.01507,-0.02922,0.09911,0.11805,0.30803,0.00,0.00,0.00,izquierda,1.00
0,21,31,-0.98033,0.02922,-0.00805,0.08613,0.13653,0.34529,0.00,0.00,0.00,izquierda,1.00
0,21,32,-0.97844,0.03404,-0.01415,0.11988,0.10156,0.36423,0.00,0.00,0.00,izquierda,1.00
0,21,33,-0.97734,0.09553,-0.01586,0.18219,0.08644,0.46991,0.00,0.00,0.00,izquierda,1.00
0,21,34,-1.01138,0.12267,-0.02275,0.16325,0.14691,0.70158,0.00,0.00,0.00,izquierda,1.00
0,21,35,-1.02724,0.10504,-0.02623,0.23610,0.19823,0.88331,0.00,0.00,0.00,izquierda,1.00
0,21,36,-1.03230,0.08595,-0.04075,0.26160,0.22877,1.01434,0.00,0.00,0.00,izquierda,1.00
0,21,37,-1.05481,0.06832,-0.05545,0.23778,0.33246,1.14507,0.00,0.00,0.00,izquierda,1.00
0,21,38,-1.05011,0.06448,-0.02519,0.27382,0.35522,1.16141,0.00,0.00,0.00,izquierda,1.00
0,21,39,-1.03712,0.07430,-0.05075,0.25458,0.41142,1.25502,0.00,0.00,0.00,izquierda,1.00
0,21,40,-1.04841,0.10620,-0.03794,0.19044,0.49251,1.43340,0.00,0.00,0.00,izquierda,1.00
0,21,41,-1.00388,0.14158,-0.05832,0.23946,0.53894,1.59253,0.00,0.00,0.00,izquierda,1.00
0,21,42,-0.99540,0.17574,-0.05270,0.26084,0.52748,1.72890,0.00,0.00,0.00,izquierda,1.00
0,21,43,-0.93842,0.14603,-0.03477,0.28359,0.51526,1.84130,0.00,0.00,0.00,izquierda,1.00
0,21,44,-0.85510,0.07052,-0.00823,0.22831,0.28588,1.69362,0.00,0.00,0.00,izquierda,1.00
0,21,45,-0.95130,0.18818,-0.01909,0.07346,0.23152,1.64949,0.00,0.00,0.00,izquierda,1.00
0,21,46,-1.12777,0.31110,-0.11553,0.10675,0.32284,1.83809,0.00,0.00,0.00,izquierda,1.00
0,21,47,-1.13918,0.34459,-0.15268,0.22205,0.57421,2.18277,0.00,0.00,0.00,izquierda,1.00
0,21,48,-1.00894,0.31012,-0.10571,0.27596,0.71059,2.46774,0.00,0.00,0.00,izquierda,1.00
0,21,49,-0.97746,0.34233,-0.08003,0.28512,0.69746,2.73973,0.00,0.00,0.00,izquierda,1.00
0,21,50,-0.98948,0.37094,-0.09620,0.30421,0.70555,2.99431,0.00,0.00,0.00,izquierda,1.00
0,21,51,-0.98033,0.34520,-0.10663,0.31307,0.77106,3.18979,0.00,0.00,0.00,izquierda,1.00
0,21,52,-0.96569,0.30957,-0.08936,0.32086,0.78618,3.26614,0.00,0.00,0.00,izquierda,1.00
0,21,53,-0.92427,0.28280,-0.08363,0.28787,0.76618,3.18291,0.00,0.00,0.00,izquierda,1.00
0,21,54,-0.90896,0.38607,-0.09260,0.17562,0.68127,3.11679,0.00,0.00,0.00,izquierda,1.00
0,21,55,-0.91006,0.48062,-0.12901,0.20097,0.67546,3.26187,0.00,0.00,0.00,izquierda,1.00
0,21,56,-0.89755,0.60890,-0.13774,0.16386,0.68875,3.62518,0.00,0.00,0.00,izquierda,1.00
0,21,57,-0.94013,0.68607,-0.18886,0.29383,0.75442,4.19863,0.00,0.00,0.00,izquierda,1.00
0,21,58,-0.89798,0.61555,-0.17879,0.41936,0.85262,4.61157,0.00,0.00,0.00,izquierda,1.00
0,21,59,-0.84589,0.45512,-0.14817,0.42776,0.86697,4.70626,0.00,0.00,0.00,izquierda,1.00
0,21,60,-0.79690,0.33300,-0.14774,0.29337,0.84070,4.41854,0.00,0.00,0.00,izquierda,1.00
0,21,61,-0.72163,0.29731,-0.11102,0.09957,0.71700,3.87563,0.00,0.00,0.00,izquierda,1.00
0,21,62,-0.66557,0.35362,-0.12444,-0.06857,0.51038,3.21895,0.00,0.00,0.00,izquierda,1.00
0,21,63,-0.62104,0.41352,-0.12743,-0.27199,0.42730,2.70170,0.00,0.00,0.00,izquierda,1.00
0,21,64,-0.58103,0.49172,-0.14067,-0.41294,0.27535,2.28693,0.00,0.00,0.00,izquierda,1.00
0,21,65,-0.56419,0.58359,-0.17104,-0.55497,0.20617,2.05831,0.00,0.00,0.00,izquierda,1.00
0,21,66,-0.57334,0.69400,-0.18574,-0.59850,0.15256,1.92850,0.00,0.00,0.00,izquierda,1.00
0,21,67,-0.58682,0.81276,-0.16531,-0.56551,0.12660,1.96424,0.00,0.00,0.00,izquierda,1.00
0,21,68,-0.58438,0.87718,-0.20728,-0.45983,0.12126,2.12138,0.00,0.00,0.00,izquierda,1.00
0,21,69,-0.57651,0.88212,-0.19935,-0.30681,0.11515,2.32114,0.00,0.00,0.00,izquierda,1.00
0,21,70,-0.59042,0.83009,-0.22283,-0.20907,0.17776,2.50669,0.00,0.00,0.00,izquierda,1.00
0,21,71,-0.55632,0.76665,-0.18513,-0.16066,0.21777,2.51081,0.00,0.00,0.00,izquierda,1.00
0,21,72,-0.51484,0.73005,-0.15848,-0.16646,0.17318,2.35443,0.00,0.00,0.00,izquierda,1.00
0,21,73,-0.51691,0.73102,-0.17422,-0.19868,0.13760,2.13161,0.00,0.00,0.00,izquierda,1.00
0,21,74,-0.47964,0.74365,-0.14457,-0.22556,0.11698,1.85688,0.00,0.00,0.00,izquierda,1.00
0,21,75,-0.46470,0.73615,-0.17361,-0.25580,0.13668,1.60856,0.00,0.00,0.00,izquierda,1.00
0,21,76,-0.44689,0.71626,-0.16751,-0.27810,0.06552,1.30252,0.00,0.00,0.00,izquierda,1.00
0,21,77,-0.43029,0.75140,-0.15829,-0.33934,0.03696,1.04626,0.00,0.00,0.00,izquierda,1.00
0,21,78,-0.42413,0.84778,-0.14744,-0.32819,-0.01848,0.89568,0.00,0.00,0.00,izquierda,1.00
0,21,79,-0.42480,0.95184,-0.18709,-0.26848,-0.05605,0.92684,0.00,0.00,0.00,izquierda,1.00
0,21,80,-0.42645,0.98436,-0.17562,-0.19441,-0.02352,1.13453,0.00,0.00,0.00,izquierda,1.00
0,21,81,-0.44243,0.97655,-0.21570,-0.12019,0.08460,1.40698,0.00,0.00,0.00,izquierda,1.00
0,21,82,-0.45378,0.91945,-0.20581,-0.11301,0.21105,1.51052,0.00,0.00,0.00,izquierda,1.00
0,21,83,-0.41602,0.84113,-0.17788,-0.09881,0.27382,1.45111,0.00,0.00,0.00,izquierda,1.00
0,21,84,-0.36478,0.75152,-0.14134,-0.10644,0.23381,1.21333,0.00,0.00,0.00,izquierda,1.00
0,21,85,-0.30067,0.71803,-0.10669,-0.18830,0.14004,0.77336,0.00,0.00,0.00,izquierda,1.00
0,21,86,-0.29750,0.79587,-0.12798,-0.26863,0.02214,0.38790,0.00,0.00,0.00,izquierda,1.00
0,21,87,-0.34880,0.83594,-0.14549,-0.28756,-0.02428,0.10140,0.00,0.00,0.00,izquierda,1.00
0,21,88,-0.37112,0.87029,-0.17391,-0.31994,-0.01924,-0.14218,0.00,0.00,0.00,izquierda,1.00
0,21,89,-0.38149,0.90439,-0.17123,-0.28527,-0.02062,-0.38759,0.00,0.00,0.00,izquierda,1.00
0,21,90,-0.38473,0.91799,-0.18398,-0.20953,0.02871,-0.67210,0.00,0.00,0.00,izquierda,1.00
0,21,91,-0.38082,0.87047,-0.18294,-0.16875,0.06796,-1.06657,0.00,0.00,0.00,izquierda,1.00
0,21,92,-0.38997,0.77281,-0.19685,-0.14630,0.08873,-1.50975,0.00,0.00,0.00,izquierda,1.00
0,21,93,-0.37680,0.62952,-0.14176,-0.28008,0.11332,-2.14414,0.00,0.00,0.00,izquierda,1.00
0,21,94,-0.37521,0.57468,-0.08833,-0.53038,0.02978,-2.84251,0.00,0.00,0.00,izquierda,1.00
0,21,95,-0.39961,0.63251,-0.07625,-0.74923,-0.10431,-3.50774,0.00,0.00,0.00,izquierda,1.00
0,21,96,-0.46073,0.72810,-0.08625,-0.91233,-0.19731,-3.94634,0.00,0.00,0.00,izquierda,1.00
0,21,97,-0.54455,0.79086,-0.10791,-1.00655,-0.20617,-4.22138,0.00,0.00,0.00,izquierda,1.00
0,21,98,-0.63367,0.82643,-0.07485,-1.00457,-0.22770,-4.51032,0.00,0.00,0.00,izquierda,1.00
0,21,99,-0.71907,0.83533,-0.09784,-0.98426,-0.18479,-4.76719,0.00,0.00,0.00,izquierda,1.00
0,21,100,-0.77324,0.83253,-0.07741,-0.95035,-0.11774,-4.94770,0.00,0.00,0.00,izquierda,1.00
0,21,101,-0.79806,0.82490,-0.07662,-0.84742,-0.10537,-5.00390,0.00,0.00,0.00,izquierda,1.00
0,21,102,-0.81264,0.80740,-0.05771,-0.78863,-0.10110,-5.00390,0.00,0.00,0.00,izquierda,1.00
0,21,103,-0.82039,0.78940,-0.05813,-0.74205,-0.09514,-5.00390,0.00,0.00,0.00,izquierda,1.00
0,21,104,-0.81923,0.73523,-0.04471,-0.67012,-0.11164,-5.00390,0.00,0.00,0.00,izquierda,1.00
0,21,105,-0.83802,0.70772,-0.02989,-0.64828,-0.15134,-5.00390,0.00,0.00,0.00,izquierda,1.00
0,21,106,-0.84503,0.70742,-0.04978,-0.63469,-0.19960,-4.80629,0.00,0.00,0.00,izquierda,1.00
0,21,107,-0.88651,0.71462,-0.04587,-0.55543,-0.17929,-4.49291,0.00,0.00,0.00,izquierda,1.00
0,21,108,-0.89597,0.70296,-0.08388,-0.46853,-0.11973,-4.06378,0.00,0.00,0.00,izquierda,1.00
0,21,109,-0.91280,0.69076,-0.08119,-0.31765,-0.07941,-3.62701,0.00,0.00,0.00,izquierda,1.00
0,21,110,-0.91738,0.63971,-0.10065,-0.10324,-0.02825,-3.23132,0.00,0.00,0.00,izquierda,1.00
0,21,111,-0.90439,0.56022,-0.06405,0.06429,0.01833,-2.93841,0.00,0.00,0.00,izquierda,1.00
0,21,112,-0.90445,0.49294,-0.05520,0.21258,0.01741,-2.77501,0.00,0.00,0.00,izquierda,1.00
0,21,113,-0.91354,0.42944,-0.04984,0.34880,-0.02779,-2.66979,0.00,0.00,0.00,izquierda,1.00
0,21,114,-0.93037,0.37015,-0.04563,0.38485,-0.04856,-2.57571,0.00,0.00,0.00,izquierda,1.00
0,21,115,-0.94886,0.31933,-0.03892,0.42333,-0.01573,-2.49141,0.00,0.00,0.00,izquierda,1.00
0,21,116,-0.94300,0.27542,-0.04423,0.42929,0.00458,-2.41857,0.00,0.00,0.00,izquierda,1.00
0,21,117,-0.96008,0.25309,-0.04044,0.38607,0.00687,-2.36344,0.00,0.00,0.00,izquierda,1.00
0,21,118,-0.97447,0.25968,-0.03654,0.39569,-0.00535,-2.28479,0.00,0.00,0.00,izquierda,1.00
0,21,119,-0.96520,0.24339,-0.03447,0.44028,-0.00290,-2.17208,0.00,0.00,0.00,izquierda,1.00
0,21,120,-0.95355,0.23668,-0.04337,0.46365,0.01558,-2.06152,0.00,0.00,0.00,izquierda,1.00
0,21,121,-0.96630,0.20246,-0.05484,0.53909,0.01115,-1.99646,0.00,0.00,0.00,izquierda,1.00
0,21,122,-0.96642,0.15921,-0.05215,0.59055,0.01100,-1.93125,0.00,0.00,0.00,izquierda,1.00
0,21,123,-0.95611,0.11383,-0.03526,0.57009,0.01787,-1.87841,0.00,0.00,0.00,izquierda,1.00
0,21,124,-0.95130,0.07222,-0.02763,0.57284,-0.03360,-1.83489,0.00,0.00,0.00,izquierda,1.00
0,21,125,-0.92915,0.03721,-0.05045,0.52672,-0.08964,-1.80648,0.00,0.00,0.00,izquierda,1.00
0,21,126,-0.94172,0.03087,-0.04288,0.44379,-0.10843,-1.76739,0.00,0.00,0.00,izquierda,1.00
0,21,127,-0.94642,0.02050,-0.04410,0.42501,-0.12171,-1.72172,0.00,0.00,0.00,izquierda,1.00
0,21,128,-0.94940,0.01427,-0.05887,0.40241,-0.12905,-1.68125,0.00,0.00,0.00,izquierda,1.00
0,21,129,-0.94886,0.00628,-0.04978,0.40745,-0.18891,-1.64231,0.00,0.00,0.00,izquierda,1.00
0,21,130,-0.95178,-0.00275,-0.05459,0.42547,-0.19074,-1.53449,0.00,0.00,0.00,izquierda,1.00
0,21,131,-0.94538,-0.01708,-0.04185,0.40057,-0.18402,-1.42851,0.00,0.00,0.00,izquierda,1.00
0,21,132,-0.93812,-0.02013,-0.04099,0.38301,-0.18524,-1.22677,0.00,0.00,0.00,izquierda,1.00
0,21,133,-0.93208,-0.02147,-0.03928,0.38576,-0.20678,-1.02992,0.00,0.00,0.00,izquierda,1.00
0,21,134,-0.93684,-0.02281,-0.04544,0.37843,-0.19334,-0.77061,0.00,0.00,0.00,izquierda,1.00
0,21,135,-0.94184,-0.05685,-0.04520,0.37232,-0.17028,-0.56978,0.00,0.00,0.00,izquierda,1.00
0,21,136,-0.93598,-0.09174,-0.03312,0.42654,-0.19960,-0.43601,0.00,0.00,0.00,izquierda,1.00
0,21,137,-0.94184,-0.10492,-0.05258,0.34086,-0.22587,-0.32437,0.00,0.00,0.00,izquierda,1.00
0,21,138,-0.94690,-0.11291,-0.03520,0.31001,-0.18708,-0.24648,0.00,0.00,0.00,izquierda,1.00
0,21,139,-0.96282,-0.12688,-0.05295,0.31047,-0.18189,-0.22251,0.00,0.00,0.00,izquierda,1.00
0,22,1,-0.99589,-0.05941,-0.01330,0.07514,-0.02443,0.20204,0.00,0.00,0.00,izquierda,1.00
0,22,2,-0.98619,-0.05033,-0.01519,0.13485,-0.02596,0.32803,0.00,0.00,0.00,izquierda,1.00
0,22,3,-0.97356,-0.04563,0.00293,0.13592,0.00046,0.41233,0.00,0.00,0.00,izquierda,1.00
0,22,4,-0.97014,-0.03855,0.00201,0.14768,-0.00153,0.52825,0.00,0.00,0.00,izquierda,1.00
0,22,5,-0.96886,-0.03117,0.00720,0.19777,-0.02138,0.63698,0.00,0.00,0.00,izquierda,1.00
0,22,6,-0.97624,-0.01708,-0.00872,0.20892,-0.01283,0.80833,0.00,0.00,0.00,izquierda,1.00
0,22,7,-0.99113,-0.02281,-0.01086,0.21243,0.00290,0.99449,0.00,0.00,0.00,izquierda,1.00
0,22,8,-1.00186,-0.02281,-0.00903,0.23854,-0.00565,1.13636,0.00,0.00,0.00,izquierda,1.00
0,22,9,-1.01187,-0.02013,-0.00964,0.21655,0.02352,1.28144,0.00,0.00,0.00,izquierda,1.00
0,22,10,-1.03108,-0.02227,-0.01909,0.17455,0.09438,1.38361,0.00,0.00,0.00,izquierda,1.00
0,22,11,-1.02059,-0.03922,-0.00250,0.15745,0.09117,1.36819,0.00,0.00,0.00,izquierda,1.00
0,22,12,-1.02895,-0.02355,-0.02647,0.17379,0.12569,1.30420,0.00,0.00,0.00,izquierda,1.00
0,22,13,-1.01894,-0.04477,0.00714,0.16997,0.13439,1.21348,0.00,0.00,0.00,izquierda,1.00
0,22,14,-0.98796,-0.02782,0.00836,0.12095,0.11332,1.12277,0.00,0.00,0.00,izquierda,1.00
0,22,15,-0.98314,0.00945,-0.01421,0.06093,0.08567,1.08169,0.00,0.00,0.00,izquierda,1.00
0,22,16,-0.96374,0.03922,-0.01183,0.03360,0.07208,1.10185,0.00,0.00,0.00,izquierda,1.00
0,22,17,-0.95776,0.07906,-0.01257,0.01344,0.02718,1.19623,0.00,0.00,0.00,izquierda,1.00
0,22,18,-0.97576,0.13566,-0.01025,-0.00504,0.05040,1.39002,0.00,0.00,0.00,izquierda,1.00
0,22,19,-0.99894,0.17580,-0.03861,0.04032,0.11072,1.62750,0.00,0.00,0.00,izquierda,1.00
0,22,20,-1.01400,0.18635,-0.05185,0.12278,0.14768,1.79976,0.00,0.00,0.00,izquierda,1.00
0,22,21,-1.02822,0.18471,-0.04752,0.14737,0.26603,1.95187,0.00,0.00,0.00,izquierda,1.00
0,22,22,-1.02919,0.17721,-0.02824,0.22831,0.28543,1.96118,0.00,0.00,0.00,izquierda,1.00
0,22,23,-0.98643,0.14195,-0.02178,0.25381,0.30849,1.95141,0.00,0.00,0.00,izquierda,1.00
0,22,24,-0.96837,0.14610,-0.01830,0.21884,0.29260,1.87016,0.00,0.00,0.00,izquierda,1.00
0,22,25,-0.95105,0.17843,-0.00433,0.20250,0.25962,1.79717,0.00,0.00,0.00,izquierda,1.00
0,22,26,-0.95709,0.23900,-0.03873,0.19578,0.24771,1.80831,0.00,0.00,0.00,izquierda,1.00
0,22,27,-0.95550,0.26474,-0.05002,0.19456,0.27749,1.89582,0.00,0.00,0.00,izquierda,1.00
0,22,28,-0.96362,0.31055,-0.06344,0.24236,0.28986,2.06274,0.00,0.00,0.00,izquierda,1.00
0,22,29,-0.98320,0.32037,-0.06600,0.29658,0.34728,2.17056,0.00,0.00,0.00,izquierda,1.00
0,22,30,-0.97234,0.31433,-0.05374,0.27962,0.41065,2.24966,0.00,0.00,0.00,izquierda,1.00
0,22,31,-0.94257,0.29597,-0.04740,0.29306,0.41386,2.24524,0.00,0.00,0.00,izquierda,1.00
0,22,32,-0.92513,0.31854,-0.04050,0.26252,0.40119,2.21316,0.00,0.00,0.00,izquierda,1.00
0,22,33,-0.93501,0.36637,-0.05618,0.24847,0.38164,2.18995,0.00,0.00,0.00,izquierda,1.00
0,22,34,-0.94788,0.44951,-0.05502,0.26374,0.39187,2.25715,0.00,0.00,0.00,izquierda,1.00
0,22,35,-0.95178,0.55955,-0.09089,0.30895,0.42929,2.51539,0.00,0.00,0.00,izquierda,1.00
0,22,36,-0.95819,0.59817,-0.11730,0.47327,0.50274,2.84831,0.00,0.00,0.00,izquierda,1.00
0,22,37,-0.92256,0.51972,-0.10809,0.61178,0.58322,3.10946,0.00,0.00,0.00,izquierda,1.00
0,22,38,-0.89444,0.42871,-0.08058,0.58979,0.57941,3.12106,0.00,0.00,0.00,izquierda,1.00
0,22,39,-0.87620,0.38686,-0.08162,0.51847,0.54168,2.94651,0.00,0.00,0.00,izquierda,1.00
0,22,40,-0.84497,0.37021,-0.10437,0.43784,0.52565,2.62718,0.00,0.00,0.00,izquierda,1.00
0,22,41,-0.79959,0.36124,-0.08882,0.27886,0.50717,2.28280,0.00,0.00,0.00,izquierda,1.00
0,22,42,-0.75853,0.39681,-0.09699,0.18799,0.38011,1.82435,0.00,0.00,0.00,izquierda,1.00
0,22,43,-0.74030,0.49874,-0.11797,0.08751,0.29780,1.54732,0.00,0.00,0.00,izquierda,1.00
0,22,44,-0.74048,0.58847,-0.13359,0.03207,0.28191,1.47341,0.00,0.00,0.00,izquierda,1.00
0,22,45,-0.74438,0.68436,-0.12816,0.10537,0.24328,1.51311,0.00,0.00,0.00,izquierda,1.00
0,22,46,-0.75298,0.74078,-0.16000,0.18402,0.26527,1.66278,0.00,0.00,0.00,izquierda,1.00
0,22,47,-0.75103,0.77311,-0.16080,0.33781,0.29276,1.85520,0.00,0.00,0.00,izquierda,1.00
0,22,48,-0.74255,0.74786,-0.16964,0.39813,0.35125,2.02929,0.00,0.00,0.00,izquierda,1.00
0,22,49,-0.73371,0.70662,-0.17348,0.46044,0.35965,2.10077,0.00,0.00,0.00,izquierda,1.00
0,22,50,-0.70608,0.65544,-0.16635,0.42134,0.39309,2.11268,0.00,0.00,0.00,izquierda,1.00
0,22,51,-0.68265,0.65209,-0.16622,0.39828,0.35308,2.05205,0.00,0.00,0.00,izquierda,1.00
0,22,52,-0.65392,0.65734,-0.17117,0.32941,0.35491,1.99768,0.00,0.00,0.00,izquierda,1.00
0,22,53,-0.61415,0.67393,-0.15372,0.27016,0.34193,1.91002,0.00,0.00,0.00,izquierda,1.00
0,22,54,-0.60481,0.76354,-0.14396,0.26420,0.26649,1.83412,0.00,0.00,0.00,izquierda,1.00
0,22,55,-0.60823,0.87273,-0.18599,0.31124,0.26237,1.94713,0.00,0.00,0.00,izquierda,1.00
0,22,56,-0.62342,0.90744,-0.19935,0.41340,0.30849,2.18155,0.00,0.00,0.00,izquierda,1.00
0,22,57,-0.60390,0.85376,-0.19300,0.54657,0.29031,2.38619,0.00,0.00,0.00,izquierda,1.00
0,22,58,-0.60957,0.74816,-0.19801,0.53894,0.35109,2.49386,0.00,0.00,0.00,izquierda,1.00
0,22,59,-0.58999,0.64135,-0.18727,0.41294,0.34392,2.35534,0.00,0.00,0.00,izquierda,1.00
0,22,60,-0.56138,0.58774,-0.17464,0.31673,0.27351,2.05923,0.00,0.00,0.00,izquierda,1.00
0,22,61,-0.48660,0.57340,-0.14463,0.12080,0.22190,1.66904,0.00,0.00,0.00,izquierda,1.00
0,22,62,-0.46726,0.62732,-0.12670,-0.06597,0.09300,1.32588,0.00,0.00,0.00,izquierda,1.00
0,22,63,-0.47769,0.71010,-0.14805,-0.16020,0.00168,1.03710,0.00,0.00,0.00,izquierda,1.00
0,22,64,-0.51899,0.79520,-0.18617,-0.22892,-0.02428,0.78481,0.00,0.00,0.00,izquierda,1.00
0,22,65,-0.56407,0.83954,-0.20136,-0.19166,-0.02642,0.60873,0.00,0.00,0.00,izquierda,1.00
0,22,66,-0.55236,0.88828,-0.20844,-0.08491,0.01054,0.43707,0.00,0.00,0.00,izquierda,1.00
0,22,67,-0.50990,0.86699,-0.20899,-0.06582,0.09071,0.30833,0.00,0.00,0.00,izquierda,1.00
0,22,68,-0.48788,0.86327,-0.20966,0.00672,0.06490,0.13042,0.00,0.00,0.00,izquierda,1.00
0,22,69,-0.47306,0.82832,-0.18495,0.01481,0.07422,0.02382,0.00,0.00,0.00,izquierda,1.00
0,22,70,-0.46793,0.83174,-0.20173,-0.02077,0.09300,-0.07911,0.00,0.00,0.00,izquierda,1.00
0,22,71,-0.46043,0.81386,-0.19313,-0.03360,0.06231,-0.21838,0.00,0.00,0.00,izquierda,1.00
0,22,72,-0.43133,0.80477,-0.20398,-0.06170,0.02947,-0.35675,0.00,0.00,0.00,izquierda,1.00
0,22,73,-0.43523,0.79550,-0.20154,-0.14142,0.00122,-0.51007,0.00,0.00,0.00,izquierda,1.00
0,22,74,-0.41529,0.78281,-0.18495,-0.18234,-0.01695,-0.65301,0.00,0.00,0.00,izquierda,1.00
0,22,75,-0.42956,0.75725,-0.23333,-0.23732,-0.03253,-0.85567,0.00,0.00,0.00,izquierda,1.00
0,22,76,-0.44341,0.73096,-0.22424,-0.27733,-0.05116,-1.16370,0.00,0.00,0.00,izquierda,1.00
0,22,77,-0.45085,0.69522,-0.21027,-0.29596,-0.08002,-1.55343,0.00,0.00,0.00,izquierda,1.00
0,22,78,-0.45835,0.63367,-0.20545,-0.37568,-0.12095,-1.98638,0.00,0.00,0.00,izquierda,1.00
0,22,79,-0.44939,0.58237,-0.18282,-0.52794,-0.18616,-2.51829,0.00,0.00,0.00,izquierda,1.00
0,22,80,-0.45451,0.59237,-0.13615,-0.66661,-0.32132,-2.99767,0.00,0.00,0.00,izquierda,1.00
0,22,81,-0.49691,0.65002,-0.12999,-0.80497,-0.44303,-3.31257,0.00,0.00,0.00,izquierda,1.00
0,22,82,-0.57169,0.69137,-0.13585,-0.91172,-0.50351,-3.47735,0.00,0.00,0.00,izquierda,1.00
0,22,83,-0.62806,0.71016,-0.15189,-1.00411,-0.53329,-3.53492,0.00,0.00,0.00,izquierda,1.00
0,22,84,-0.67759,0.71218,-0.16208,-1.02641,-0.52351,-3.52439,0.00,0.00,0.00,izquierda,1.00
0,22,85,-0.70900,0.68216,-0.11755,-0.99922,-0.54168,-3.52637,0.00,0.00,0.00,izquierda,1.00
0,22,86,-0.74274,0.66392,-0.11114,-1.02870,-0.53771,-3.52500,0.00,0.00,0.00,izquierda,1.00
0,22,87,-0.77781,0.66490,-0.09370,-1.07589,-0.50259,-3.51645,0.00,0.00,0.00,izquierda,1.00
0,22,88,-0.81106,0.67173,-0.07442,-1.04091,-0.49190,-3.46635,0.00,0.00,0.00,izquierda,1.00
0,22,89,-0.84619,0.65697,-0.06789,-0.98120,-0.49297,-3.41687,0.00,0.00,0.00,izquierda,1.00
0,22,90,-0.88914,0.65319,-0.06167,-0.93722,-0.43463,-3.31165,0.00,0.00,0.00,izquierda,1.00
0,22,91,-0.91762,0.63641,-0.06442,-0.84330,-0.40607,-3.23010,0.00,0.00,0.00,izquierda,1.00
0,22,92,-0.93049,0.61317,-0.07064,-0.74877,-0.36026,-3.12442,0.00,0.00,0.00,izquierda,1.00
0,22,93,-0.95563,0.56779,-0.05856,-0.70540,-0.25015,-3.01905,0.00,0.00,0.00,izquierda,1.00
0,22,94,-0.96032,0.51844,-0.04538,-0.64049,-0.23350,-3.00271,0.00,0.00,0.00,izquierda,1.00
0,22,95,-0.95666,0.48672,-0.05941,-0.59804,-0.13638,-2.97232,0.00,0.00,0.00,izquierda,1.00
0,22,96,-0.94379,0.45213,-0.04996,-0.53344,-0.10736,-3.00729,0.00,0.00,0.00,izquierda,1.00
0,22,97,-0.93867,0.41041,-0.04727,-0.50961,-0.07773,-3.02775,0.00,0.00,0.00,izquierda,1.00
0,22,98,-0.93690,0.38765,-0.02641,-0.47052,-0.08323,-3.11343,0.00,0.00,0.00,izquierda,1.00
0,22,99,-0.93800,0.33178,-0.03062,-0.45112,-0.12278,-3.22751,0.00,0.00,0.00,izquierda,1.00
0,22,100,-0.92860,0.31909,-0.00037,-0.43020,-0.16112,-3.29073,0.00,0.00,0.00,izquierda,1.00
0,22,101,-0.94745,0.32318,-0.01659,-0.45815,-0.19868,-3.38083,0.00,0.00,0.00,izquierda,1.00
0,22,102,-0.97356,0.34587,-0.02336,-0.44120,-0.22388,-3.32616,0.00,0.00,0.00,izquierda,1.00
0,22,103,-0.97673,0.35099,-0.03166,-0.34911,-0.24053,-3.20949,0.00,0.00,0.00,izquierda,1.00
0,22,104,-0.96892,0.33208,-0.04288,-0.26893,-0.22999,-3.01019,0.00,0.00,0.00,izquierda,1.00
0,22,105,-0.97795,0.31866,-0.03684,-0.17776,-0.22373,-2.76630,0.00,0.00,0.00,izquierda,1.00
0,22,106,-0.97990,0.30829,-0.02702,-0.05085,-0.22969,-2.55326,0.00,0.00,0.00,izquierda,1.00
0,22,107,-0.98009,0.32836,-0.02855,0.07178,-0.26954,-2.24524,0.00,0.00,0.00,izquierda,1.00
0,22,108,-1.00406,0.31232,-0.04666,0.24801,-0.16784,-1.88880,0.00,0.00,0.00,izquierda,1.00
0,22,109,-1.00455,0.27767,-0.04831,0.42470,-0.10705,-1.50517,0.00,0.00,0.00,izquierda,1.00
0,22,110,-0.99887,0.23802,-0.04581,0.52137,-0.02153,-1.11086,0.00,0.00,0.00,izquierda,1.00
0,22,111,-1.00857,0.19581,-0.02458,0.59941,0.07758,-0.72846,0.00,0.00,0.00,izquierda,1.00
0,22,112,-0.99107,0.14463,-0.02330,0.71059,0.11408,-0.45968,0.00,0.00,0.00,izquierda,1.00
0,22,113,-0.99406,0.09199,-0.03410,0.71105,0.18784,-0.26985,0.00,0.00,0.00,izquierda,1.00
0,22,114,-0.99125,0.03306,-0.01903,0.72724,0.18983,-0.22663,0.00,0.00,0.00,izquierda,1.00
0,22,115,-0.97088,-0.02544,0.00232,0.73105,0.12966,-0.29734,0.00,0.00,0.00,izquierda,1.00
0,22,116,-0.95739,-0.05142,0.01104,0.65821,0.13882,-0.37904,0.00,0.00,0.00,izquierda,1.00
0,22,117,-0.94892,-0.05978,-0.00098,0.58246,0.11240,-0.49633,0.00,0.00,0.00,izquierda,1.00
0,22,118,-0.93598,-0.06618,-0.01580,0.52290,0.03528,-0.60857,0.00,0.00,0.00,izquierda,1.00
0,22,119,-0.94056,-0.05740,0.00085,0.44349,-0.01863,-0.67195,0.00,0.00,0.00,izquierda,1.00
0,22,120,-0.95038,-0.04636,-0.01836,0.35262,-0.02917,-0.65179,0.00,0.00,0.00,izquierda,1.00
0,22,121,-0.94623,-0.04856,-0.01470,0.30161,-0.06277,-0.63637,0.00,0.00,0.00,izquierda,1.00
0,22,122,-0.95111,-0.04856,-0.02324,0.25183,-0.07178,-0.61255,0.00,0.00,0.00,izquierda,1.00
0,22,123,-0.95520,-0.05447,-0.02153,0.23320,-0.12798,-0.62553,0.00,0.00,0.00,izquierda,1.00
0,22,124,-0.96465,-0.06710,-0.02745,0.18769,-0.11729,-0.62171,0.00,0.00,0.00,izquierda,1.00
0,22,125,-0.96014,-0.06942,-0.03026,0.13347,-0.11469,-0.60369,0.00,0.00,0.00,izquierda,1.00
0,22,126,-0.96917,-0.06466,-0.03141,0.11301,-0.12584,-0.60613,0.00,0.00,0.00,izquierda,1.00
0,23,1,-0.97624,0.00024,-0.00683,0.05880,-0.05284,-0.02932,0.00,0.00,0.00,izquierda,1.00
0,23,2,-0.97673,-0.00403,-0.02586,0.04475,-0.03451,0.00351,0.00,0.00,0.00,izquierda,1.00
0,23,3,-0.97405,-0.01366,-0.00476,0.08140,-0.05788,-0.01588,0.00,0.00,0.00,izquierda,1.00
0,23,4,-0.97472,-0.02257,-0.00909,0.04841,-0.04108,-0.00565,0.00,0.00,0.00,izquierda,1.00
0,23,5,-0.97399,-0.02666,-0.01049,0.04016,-0.04856,-0.01756,0.00,0.00,0.00,izquierda,1.00
0,23,6,-0.97228,-0.02190,-0.00238,0.05605,-0.07025,-0.03894,0.00,0.00,0.00,izquierda,1.00
0,23,7,-0.97893,-0.01976,-0.00793,0.03986,-0.07376,-0.07300,0.00,0.00,0.00,izquierda,1.00
0,23,8,-0.98753,-0.01982,-0.00189,0.02184,-0.06704,-0.01573,0.00,0.00,0.00,izquierda,1.00
0,23,9,-0.97325,-0.00683,-0.00561,0.03146,-0.08002,-0.00183,0.00,0.00,0.00,izquierda,1.00
0,23,10,-0.98966,-0.00817,-0.00982,-0.00183,-0.02947,0.05192,0.00,0.00,0.00,izquierda,1.00
0,23,11,-0.99357,-0.00573,-0.01031,0.02917,-0.04062,0.05269,0.00,0.00,0.00,izquierda,1.00
0,23,12,-0.99448,-0.01464,0.01068,0.05376,-0.04688,0.04749,0.00,0.00,0.00,izquierda,1.00
0,23,13,-0.99967,-0.01330,0.01086,0.00916,-0.01283,0.06979,0.00,0.00,0.00,izquierda,1.00
0,23,14,-1.01449,-0.00653,0.00695,0.01497,-0.01420,0.06384,0.00,0.00,0.00,izquierda,1.00
0,23,15,-1.00016,0.02391,-0.00098,0.03558,-0.01741,0.08476,0.00,0.00,0.00,izquierda,1.00
0,23,16,-1.00888,0.05545,-0.01409,0.05452,0.02016,0.19502,0.00,0.00,0.00,izquierda,1.00
0,23,17,-0.99113,0.06411,0.00762,0.12187,0.03665,0.35354,0.00,0.00,0.00,izquierda,1.00
0,23,18,-0.97923,0.05179,-0.02611,0.13622,0.05757,0.47815,0.00,0.00,0.00,izquierda,1.00
0,23,19,-0.99406,0.03745,-0.01000,0.14248,0.10125,0.60231,0.00,0.00,0.00,izquierda,1.00
0,23,20,-0.99936,0.03276,-0.00049,0.18922,0.08567,0.63835,0.00,0.00,0.00,izquierda,1.00
0,23,21,-1.00705,0.01458,-0.00714,0.19761,0.10095,0.64370,0.00,0.00,0.00,izquierda,1.00
0,23,22,-0.99540,0.00329,-0.00903,0.18189,0.09911,0.58765,0.00,0.00,0.00,izquierda,1.00
0,23,23,-0.97966,-0.01171,-0.01385,0.17043,0.07758,0.49220,0.00,0.00,0.00,izquierda,1.00
0,23,24,-0.96959,0.01055,-0.00323,0.12660,0.06567,0.44181,0.00,0.00,0.00,izquierda,1.00
0,23,25,-0.96551,0.03611,-0.00110,0.08445,0.06032,0.44563,0.00,0.00,0.00,izquierda,1.00
0,23,26,-0.94867,0.06283,-0.01885,0.09514,0.02382,0.48289,0.00,0.00,0.00,izquierda,1.00
0,23,27,-0.96307,0.09357,-0.03166,0.08186,0.01191,0.61804,0.00,0.00,0.00,izquierda,1.00
0,23,28,-0.96789,0.10498,-0.01647,0.08644,0.01787,0.77244,0.00,0.00,0.00,izquierda,1.00
0,23,29,-0.98375,0.11010,-0.02916,0.12309,0.00076,0.89874,0.00,0.00,0.00,izquierda,1.00
0,23,30,-1.00601,0.13438,-0.02782,0.13103,0.06872,1.03740,0.00,0.00,0.00,izquierda,1.00
0,23,31,-1.01888,0.15732,-0.04404,0.19685,0.12339,1.11498,0.00,0.00,0.00,izquierda,1.00
0,23,32,-1.01260,0.16409,-0.03550,0.27000,0.16417,1.18034,0.00,0.00,0.00,izquierda,1.00
0,23,33,-1.00040,0.17117,-0.03764,0.30177,0.22617,1.28114,0.00,0.00,0.00,izquierda,1.00
0,23,34,-0.97429,0.19630,-0.01348,0.34819,0.21930,1.39766,0.00,0.00,0.00,izquierda,1.00
0,23,35,-0.94141,0.23259,-0.00445,0.37186,0.19548,1.58016,0.00,0.00,0.00,izquierda,1.00
0,23,36,-0.92336,0.25162,-0.00671,0.38561,0.16799,1.82389,0.00,0.00,0.00,izquierda,1.00
0,23,37,-0.91463,0.33196,0.01128,0.40745,0.09713,2.12047,0.00,0.00,0.00,izquierda,1.00
0,23,38,-0.94501,0.43542,-0.04404,0.49190,0.08491,2.59480,0.00,0.00,0.00,izquierda,1.00
0,23,39,-0.97472,0.43755,-0.04508,0.68570,0.11591,2.96942,0.00,0.00,0.00,izquierda,1.00
0,23,40,-1.01961,0.39107,-0.04856,0.82711,0.17501,3.22338,0.00,0.00,0.00,izquierda,1.00
0,23,41,-1.01187,0.29231,-0.03562,0.95188,0.19578,3.14351,0.00,0.00,0.00,izquierda,1.00
0,23,42,-0.99668,0.21746,-0.02574,0.92684,0.18967,2.86664,0.00,0.00,0.00,izquierda,1.00
0,23,43,-0.97356,0.17922,-0.04002,0.86880,0.14997,2.49615,0.00,0.00,0.00,izquierda,1.00
0,23,44,-0.94690,0.25053,-0.02959,0.73686,0.11240,2.16735,0.00,0.00,0.00,izquierda,1.00
0,23,45,-0.94056,0.31561,-0.06930,0.64568,0.15348,2.05923,0.00,0.00,0.00,izquierda,1.00
0,23,46,-0.91183,0.39613,-0.06429,0.56230,0.13042,2.12169,0.00,0.00,0.00,izquierda,1.00
0,23,47,-0.93867,0.56681,-0.08693,0.59346,0.13561,2.41475,0.00,0.00,0.00,izquierda,1.00
0,23,48,-0.96221,0.64562,-0.13042,0.71166,0.25290,2.88359,0.00,0.00,0.00,izquierda,1.00
0,23,49,-0.93983,0.62250,-0.11145,0.88530,0.35491,3.20322,0.00,0.00,0.00,izquierda,1.00
0,23,50,-0.88310,0.54442,-0.07875,0.98380,0.37339,3.30432,0.00,0.00,0.00,izquierda,1.00
0,23,51,-0.87090,0.47489,-0.07973,0.96914,0.36637,3.26187,0.00,0.00,0.00,izquierda,1.00
0,23,52,-0.82515,0.43206,-0.05728,0.96853,0.30024,3.03401,0.00,0.00,0.00,izquierda,1.00
0,23,53,-0.79690,0.40120,-0.07466,0.83826,0.23747,2.75332,0.00,0.00,0.00,izquierda,1.00
0,23,54,-0.80337,0.41858,-0.07649,0.74403,0.17364,2.45293,0.00,0.00,0.00,izquierda,1.00
0,23,55,-0.78135,0.52027,-0.08821,0.63255,0.11438,2.24111,0.00,0.00,0.00,izquierda,1.00
0,23,56,-0.79465,0.62299,-0.13792,0.53832,0.16997,2.19805,0.00,0.00,0.00,izquierda,1.00
0,23,57,-0.76860,0.75396,-0.11877,0.62247,0.12706,2.27960,0.00,0.00,0.00,izquierda,1.00
0,23,58,-0.77970,0.81838,-0.17251,0.75992,0.15882,2.53784,0.00,0.00,0.00,izquierda,1.00
0,23,59,-0.75274,0.79873,-0.19087,0.81321,0.30513,2.78845,0.00,0.00,0.00,izquierda,1.00
0,23,60,-0.70364,0.71035,-0.16574,0.90194,0.32132,2.75515,0.00,0.00,0.00,izquierda,1.00
0,23,61,-0.65490,0.61634,-0.12993,0.90790,0.25427,2.51707,0.00,0.00,0.00,izquierda,1.00
0,23,62,-0.60884,0.62592,-0.12932,0.82681,0.12324,2.16002,0.00,0.00,0.00,izquierda,1.00
0,23,63,-0.62623,0.65886,-0.20026,0.77427,0.05910,1.88376,0.00,0.00,0.00,izquierda,1.00
0,23,64,-0.61738,0.56578,-0.20222,0.67424,0.10537,1.64338,0.00,0.00,0.00,izquierda,1.00
0,23,65,-0.56895,0.53454,-0.18184,0.50778,0.07468,1.29366,0.00,0.00,0.00,izquierda,1.00
0,23,66,-0.52777,0.55254,-0.17660,0.36178,-0.03314,0.89492,0.00,0.00,0.00,izquierda,1.00
0,23,67,-0.50331,0.70132,-0.20289,0.24282,-0.10217,0.67256,0.00,0.00,0.00,izquierda,1.00
0,23,68,-0.52094,0.86669,-0.18855,0.26878,-0.15333,0.67378,0.00,0.00,0.00,izquierda,1.00
0,23,69,-0.56870,0.98838,-0.24498,0.40287,-0.16280,0.94272,0.00,0.00,0.00,izquierda,1.00
0,23,70,-0.59902,0.99479,-0.26675,0.56872,-0.07269,1.35154,0.00,0.00,0.00,izquierda,1.00
0,23,71,-0.58353,0.90835,-0.25339,0.62308,0.05483,1.68507,0.00,0.00,0.00,izquierda,1.00
0,23,72,-0.54388,0.79324,-0.23198,0.73075,0.05727,1.68492,0.00,0.00,0.00,izquierda,1.00
0,23,73,-0.52838,0.66649,-0.20612,0.65531,0.08018,1.49616,0.00,0.00,0.00,izquierda,1.00
0,23,74,-0.51746,0.59884,-0.18282,0.49404,0.06292,1.10582,0.00,0.00,0.00,izquierda,1.00
0,23,75,-0.50368,0.60323,-0.18483,0.32498,-0.03635,0.68249,0.00,0.00,0.00,izquierda,1.00
0,23,76,-0.50673,0.63269,-0.22234,0.18143,-0.05635,0.33766,0.00,0.00,0.00,izquierda,1.00
0,23,77,-0.49361,0.67771,-0.20344,0.07361,-0.10278,0.05651,0.00,0.00,0.00,izquierda,1.00
0,23,78,-0.48940,0.72242,-0.20978,-0.01634,-0.12782,-0.13897,0.00,0.00,0.00,izquierda,1.00
0,23,79,-0.47159,0.81624,-0.19392,-0.09346,-0.16463,-0.24511,0.00,0.00,0.00,izquierda,1.00
0,23,80,-0.51045,0.93257,-0.24138,0.00244,-0.18051,-0.15684,0.00,0.00,0.00,izquierda,1.00
0,23,81,-0.52521,0.99192,-0.24559,0.16753,-0.14386,0.08903,0.00,0.00,0.00,izquierda,1.00
0,23,82,-0.55730,0.97258,-0.27657,0.22495,-0.01115,0.41218,0.00,0.00,0.00,izquierda,1.00
0,23,83,-0.56205,0.88779,-0.28926,0.25107,0.08109,0.61148,0.00,0.00,0.00,izquierda,1.00
0,23,84,-0.50142,0.79520,-0.23583,0.20769,0.12156,0.63377,0.00,0.00,0.00,izquierda,1.00
0,23,85,-0.45518,0.70992,-0.17708,0.10583,0.09300,0.49022,0.00,0.00,0.00,izquierda,1.00
0,23,86,-0.44231,0.61128,-0.17971,-0.01237,0.00962,0.10614,0.00,0.00,0.00,izquierda,1.00
0,23,87,-0.44109,0.48891,-0.18648,-0.26298,-0.07789,-0.46090,0.00,0.00,0.00,izquierda,1.00
0,23,88,-0.42956,0.39931,-0.17373,-0.55879,-0.19090,-1.09452,0.00,0.00,0.00,izquierda,1.00
0,23,89,-0.44707,0.34605,-0.15573,-0.90683,-0.31062,-1.89414,0.00,0.00,0.00,izquierda,1.00
0,23,90,-0.45256,0.44121,-0.09406,-1.19516,-0.49022,-2.69483,0.00,0.00,0.00,izquierda,1.00
0,23,91,-0.54064,0.73206,-0.13652,-1.29366,-0.65057,-3.16077,0.00,0.00,0.00,izquierda,1.00
0,23,92,-0.64026,0.96606,-0.20106,-1.19485,-0.68417,-3.11786,0.00,0.00,0.00,izquierda,1.00
0,23,93,-0.68540,1.03310,-0.22247,-1.04718,-0.53634,-2.75271,0.00,0.00,0.00,izquierda,1.00
0,23,94,-0.71193,0.92677,-0.24534,-0.97983,-0.35552,-2.37214,0.00,0.00,0.00,izquierda,1.00
0,23,95,-0.68436,0.78257,-0.16385,-0.97540,-0.23747,-2.24585,0.00,0.00,0.00,izquierda,1.00
0,23,96,-0.66344,0.61415,-0.10516,-0.99922,-0.24175,-2.46942,0.00,0.00,0.00,izquierda,1.00
0,23,97,-0.70760,0.48336,-0.08534,-1.14278,-0.29825,-2.86419,0.00,0.00,0.00,izquierda,1.00
0,23,98,-0.74597,0.42059,-0.04374,-1.31000,-0.41966,-3.36174,0.00,0.00,0.00,izquierda,1.00
0,23,99,-0.77561,0.39400,-0.00415,-1.55175,-0.49740,-3.80203,0.00,0.00,0.00,izquierda,1.00
0,23,100,-0.80203,0.41675,0.01397,-1.80404,-0.60018,-4.13815,0.00,0.00,0.00,izquierda,1.00
0,23,101,-0.83735,0.47842,0.01311,-1.95630,-0.68799,-4.37547,0.00,0.00,0.00,izquierda,1.00
0,23,102,-0.88590,0.53393,-0.00311,-2.05938,-0.72785,-4.48283,0.00,0.00,0.00,izquierda,1.00
0,23,103,-0.92055,0.56163,0.01720,-2.08000,-0.74174,-4.47214,0.00,0.00,0.00,izquierda,1.00
0,23,104,-0.94916,0.60500,0.00299,-2.03113,-0.72907,-4.35043,0.00,0.00,0.00,izquierda,1.00
0,23,105,-0.98905,0.60329,-0.02483,-1.97768,-0.63194,-4.14060,0.00,0.00,0.00,izquierda,1.00
0,23,106,-1.00351,0.59871,-0.00823,-1.86146,-0.55848,-3.91274,0.00,0.00,0.00,izquierda,1.00
0,23,107,-1.02937,0.56523,-0.00024,-1.71119,-0.48930,-3.69131,0.00,0.00,0.00,izquierda,1.00
0,23,108,-1.03352,0.52661,0.00866,-1.59986,-0.35201,-3.47445,0.00,0.00,0.00,izquierda,1.00
0,23,109,-1.03529,0.49898,0.02489,-1.45355,-0.28588,-3.26431,0.00,0.00,0.00,izquierda,1.00
0,23,110,-1.01547,0.49874,0.07009,-1.26953,-0.24053,-3.03753,0.00,0.00,0.00,izquierda,1.00
0,23,111,-0.98454,0.51008,0.08381,-1.10002,-0.22480,-2.76249,0.00,0.00,0.00,izquierda,1.00
0,23,112,-1.01010,0.48971,0.06130,-0.90500,-0.18586,-2.50653,0.00,0.00,0.00,izquierda,1.00
0,23,113,-1.02553,0.45091,0.03276,-0.68371,-0.12645,-2.30250,0.00,0.00,0.00,izquierda,1.00
0,23,114,-1.02523,0.39705,0.01732,-0.50503,-0.05895,-2.13055,0.00,0.00,0.00,izquierda,1.00
0,23,115,-1.03444,0.35185,0.02830,-0.35216,0.04016,-1.93324,0.00,0.00,0.00,izquierda,1.00
0,23,116,-1.02742,0.31201,-0.00451,-0.21228,0.12187,-1.78877,0.00,0.00,0.00,izquierda,1.00
0,23,117,-1.02944,0.27121,0.01891,-0.15485,0.21884,-1.61833,0.00,0.00,0.00,izquierda,1.00
0,23,118,-1.04328,0.19014,0.01208,-0.06796,0.27245,-1.48822,0.00,0.00,0.00,izquierda,1.00
0,23,119,-1.02651,0.13945,0.03172,-0.11729,0.37415,-1.48394,0.00,0.00,0.00,izquierda,1.00
0,23,120,-0.99436,0.07357,0.06094,-0.07743,0.36530,-1.57619,0.00,0.00,0.00,izquierda,1.00
0,23,121,-0.97027,0.02098,0.09229,-0.10583,0.26130,-1.77579,0.00,0.00,0.00,izquierda,1.00
0,23,122,-0.94959,0.00653,0.08412,-0.17547,0.16432,-1.95782,0.00,0.00,0.00,izquierda,1.00
0,23,123,-0.96953,0.00708,0.07863,-0.22388,0.11438,-2.10046,0.00,0.00,0.00,izquierda,1.00
0,23,124,-0.99253,0.01128,0.04459,-0.27229,0.09255,-2.17178,0.00,0.00,0.00,izquierda,1.00
0,23,125,-1.00406,0.01623,0.01470,-0.28650,0.08812,-2.14337,0.00,0.00,0.00,izquierda,1.00
0,23,126,-1.01772,0.02904,0.02483,-0.29719,0.11759,-2.03433,0.00,0.00,0.00,izquierda,1.00
0,23,127,-1.02004,0.04124,0.00470,-0.27184,0.16035,-1.84833,0.00,0.00,0.00,izquierda,1.00
0,23,128,-0.98948,0.03672,0.02641,-0.25717,0.21579,-1.59527,0.00,0.00,0.00,izquierda,1.00
0,23,129,-0.92982,0.03837,0.06191,-0.20922,0.17562,-1.35093,0.00,0.00,0.00,izquierda,1.00
0,23,130,-0.90048,0.04843,0.06405,-0.16493,0.11942,-1.04473,0.00,0.00,0.00,izquierda,1.00
0,23,131,-0.90573,0.03135,0.04496,-0.09927,0.09820,-0.78130,0.00,0.00,0.00,izquierda,1.00
0,23,132,-0.92696,0.02074,0.01921,0.03344,0.02443,-0.55894,0.00,0.00,0.00,izquierda,1.00
0,23,133,-0.94959,0.00311,0.00970,0.05544,0.03024,-0.31169,0.00,0.00,0.00,izquierda,1.00
0,23,134,-0.97838,-0.01921,-0.00183,0.06399,0.09896,-0.13546,0.00,0.00,0.00,izquierda,1.00
0,23,135,-0.97887,-0.03093,0.01690,0.14600,0.09468,-0.03436,0.00,0.00,0.00,izquierda,1.00
0,23,136,-0.98033,-0.05850,0.00653,0.19334,0.10171,0.02230,0.00,0.00,0.00,izquierda,1.00
0,23,137,-0.96325,-0.08449,0.02477,0.18509,0.13164,0.05589,0.00,0.00,0.00,izquierda,1.00
0,23,138,-0.98088,-0.09729,0.03221,0.20800,0.11698,-0.00183,0.00,0.00,0.00,izquierda,1.00
0,23,139,-0.96722,-0.09992,0.03312,0.21930,0.08995,-0.06689,0.00,0.00,0.00,izquierda,1.00
0,23,140,-0.97472,-0.10925,0.02812,0.20998,0.05910,-0.16356,0.00,0.00,0.00,izquierda,1.00
0,23,141,-0.97374,-0.11364,0.02342,0.21411,0.06353,-0.23152,0.00,0.00,0.00,izquierda,1.00
0,23,142,-0.96520,-0.10779,0.04355,0.22801,0.03100,-0.31215,0.00,0.00,0.00,izquierda,1.00
0,23,143,-0.96307,-0.11376,0.00805,0.14416,0.00107,-0.33934,0.00,0.00,0.00,izquierda,1.00
0,23,144,-0.95794,-0.11004,0.01427,0.13500,-0.00397,-0.33567,0.00,0.00,0.00,izquierda,1.00
0,23,145,-0.95008,-0.10388,0.00793,0.07987,-0.00458,-0.29108,0.00,0.00,0.00,izquierda,1.00
0,23,146,-0.95288,-0.09382,0.00238,0.04276,-0.02107,-0.24450,0.00,0.00,0.00,izquierda,1.00
0,23,147,-0.95910,-0.07948,0.02690,0.05742,-0.04902,-0.21625,0.00,0.00,0.00,izquierda,1.00
0,23,148,-0.95563,-0.05966,0.00634,0.04368,-0.06857,-0.14645,0.00,0.00,0.00,izquierda,1.00
0,23,149,-0.96173,-0.05819,0.00653,0.07178,-0.03451,-0.05085,0.00,0.00,0.00,izquierda,1.00
0,23,150,-0.95672,-0.05722,0.00848,0.13027,-0.01542,0.04184,0.00,0.00,0.00,izquierda,1.00
0,24,1,-0.96740,-0.08705,0.01202,0.02169,-0.04169,-0.04749,0.00,0.00,0.00,izquierda,1.00
0,24,2,-0.97734,-0.09443,0.01903,0.04749,-0.06399,-0.03604,0.00,0.00,0.00,izquierda,1.00
0,24,3,-0.97399,-0.09766,0.01330,0.04276,-0.04230,-0.02169,0.00,0.00,0.00,izquierda,1.00
0,24,4,-0.97862,-0.08912,0.01610,0.03726,-0.04505,-0.02321,0.00,0.00,0.00,izquierda,1.00
0,24,5,-0.97380,-0.08967,0.02001,0.06093,-0.05315,-0.05406,0.00,0.00,0.00,izquierda,1.00
0,24,6,-0.97569,-0.09784,0.02635,0.06078,-0.04795,-0.03940,0.00,0.00,0.00,izquierda,1.00
0,24,7,-0.97185,-0.09723,0.02159,0.02489,-0.02963,-0.02153,0.00,0.00,0.00,izquierda,1.00
0,24,8,-0.97325,-0.10022,0.02263,0.05895,-0.05421,-0.03711,0.00,0.00,0.00,izquierda,1.00
0,24,9,-0.97826,-0.11779,0.02172,0.05085,-0.04581,-0.02963,0.00,0.00,0.00,izquierda,1.00
0,24,10,-0.97942,-0.10614,0.03837,0.01313,-0.03726,-0.01268,0.00,0.00,0.00,izquierda,1.00
0,24,11,-0.99393,-0.11047,0.03532,0.01756,-0.05055,-0.01817,0.00,0.00,0.00,izquierda,1.00
0,24,12,-0.97100,-0.10974,0.02501,0.00076,-0.03131,-0.03680,0.00,0.00,0.00,izquierda,1.00
0,24,13,-0.99210,-0.10931,0.02708,-0.02673,-0.05315,-0.05330,0.00,0.00,0.00,izquierda,1.00
0,24,14,-0.98314,-0.10626,0.03904,-0.02016,-0.03910,-0.04139,0.00,0.00,0.00,izquierda,1.00
0,24,15,-0.97161,-0.09589,0.04483,-0.01985,-0.04200,-0.04979,0.00,0.00,0.00,izquierda,1.00
0,24,16,-0.97667,-0.09010,0.02434,-0.01848,-0.07223,-0.03375,0.00,0.00,0.00,izquierda,1.00
0,24,17,-0.96764,-0.09302,0.02879,0.00748,-0.04551,0.03528,0.00,0.00,0.00,izquierda,1.00
0,24,18,-0.98192,-0.06814,0.02708,0.01451,-0.03497,0.05253,0.00,0.00,0.00,izquierda,1.00
0,24,19,-0.97978,-0.06271,0.04240,0.02688,-0.03085,0.08399,0.00,0.00,0.00,izquierda,1.00
0,24,20,-0.99546,-0.04081,0.00793,0.07285,-0.03894,0.15867,0.00,0.00,0.00,izquierda,1.00
0,24,21,-0.99290,-0.01873,0.02056,0.10965,0.01145,0.30406,0.00,0.00,0.00,izquierda,1.00
0,24,22,-0.99454,-0.02013,0.02885,0.13347,0.05040,0.45448,0.00,0.00,0.00,izquierda,1.00
0,24,23,-1.00882,-0.03233,0.02446,0.20174,0.06552,0.55314,0.00,0.00,0.00,izquierda,1.00
0,24,24,-1.01303,-0.04453,0.00787,0.21961,0.10690,0.62201,0.00,0.00,0.00,izquierda,1.00
0,24,25,-1.00089,-0.04892,0.00482,0.21502,0.14065,0.65500,0.00,0.00,0.00,izquierda,1.00
0,24,26,-0.99168,-0.04044,0.01482,0.25947,0.13607,0.63637,0.00,0.00,0.00,izquierda,1.00
0,24,27,-0.97447,-0.04929,0.02714,0.24908,0.12660,0.61667,0.00,0.00,0.00,izquierda,1.00
0,24,28,-0.96075,-0.04831,0.01342,0.23014,0.10446,0.60048,0.00,0.00,0.00,izquierda,1.00
0,24,29,-0.97088,-0.01568,0.01440,0.23579,0.11469,0.62446,0.00,0.00,0.00,izquierda,1.00
0,24,30,-0.98722,0.01659,0.02153,0.21838,0.10324,0.72082,0.00,0.00,0.00,izquierda,1.00
0,24,31,-1.01297,0.07503,0.01153,0.27000,0.12171,0.89507,0.00,0.00,0.00,izquierda,1.00
0,24,32,-1.04310,0.13572,0.00647,0.37171,0.16157,1.17851,0.00,0.00,0.00,izquierda,1.00
0,24,33,-1.05518,0.15396,-0.01488,0.47846,0.26634,1.52457,0.00,0.00,0.00,izquierda,1.00
0,24,34,-1.06213,0.13847,0.01360,0.55971,0.39034,1.88360,0.00,0.00,0.00,izquierda,1.00
0,24,35,-1.05829,0.12279,0.01013,0.66538,0.38958,2.10871,0.00,0.00,0.00,izquierda,1.00
0,24,36,-1.04694,0.11254,0.00744,0.67088,0.48625,2.26478,0.00,0.00,0.00,izquierda,1.00
0,24,37,-1.05670,0.09815,-0.00146,0.71868,0.52000,2.36069,0.00,0.00,0.00,izquierda,1.00
0,24,38,-1.02974,0.07802,0.00860,0.72174,0.50870,2.35427,0.00,0.00,0.00,izquierda,1.00
0,24,39,-1.00516,0.07601,0.00207,0.66218,0.53176,2.34068,0.00,0.00,0.00,izquierda,1.00
0,24,40,-0.98838,0.09302,0.00122,0.64049,0.49465,2.27685,0.00,0.00,0.00,izquierda,1.00
0,24,41,-0.98497,0.13939,-0.04172,0.60201,0.47189,2.25745,0.00,0.00,0.00,izquierda,1.00
0,24,42,-0.96935,0.17373,-0.04117,0.59407,0.46808,2.26707,0.00,0.00,0.00,izquierda,1.00
0,24,43,-0.97142,0.21612,-0.03233,0.57925,0.47892,2.31686,0.00,0.00,0.00,izquierda,1.00
0,24,44,-0.97502,0.28304,-0.06100,0.60613,0.48793,2.41643,0.00,0.00,0.00,izquierda,1.00
0,24,45,-0.99247,0.36228,-0.07790,0.66829,0.51740,2.58992,0.00,0.00,0.00,izquierda,1.00
0,24,46,-1.01187,0.38296,-0.09144,0.79351,0.56536,2.76661,0.00,0.00,0.00,izquierda,1.00
0,24,47,-0.98985,0.34008,-0.07351,0.83521,0.65225,2.89291,0.00,0.00,0.00,izquierda,1.00
0,24,48,-0.95306,0.29390,-0.06368,0.84406,0.63286,2.89061,0.00,0.00,0.00,izquierda,1.00
0,24,49,-0.92470,0.27664,-0.05905,0.81948,0.57818,2.69468,0.00,0.00,0.00,izquierda,1.00
0,24,50,-0.90341,0.24961,-0.08137,0.73014,0.54657,2.50104,0.00,0.00,0.00,izquierda,1.00
0,24,51,-0.89664,0.29530,-0.05191,0.63973,0.48442,2.26066,0.00,0.00,0.00,izquierda,1.00
0,24,52,-0.90615,0.34203,-0.10077,0.58445,0.47693,2.12917,0.00,0.00,0.00,izquierda,1.00
0,24,53,-0.88615,0.36679,-0.11724,0.52137,0.44700,1.96240,0.00,0.00,0.00,izquierda,1.00
0,24,54,-0.88084,0.47336,-0.11236,0.50595,0.43921,1.99203,0.00,0.00,0.00,izquierda,1.00
0,24,55,-0.88999,0.57633,-0.15390,0.57467,0.43616,2.10077,0.00,0.00,0.00,izquierda,1.00
0,24,56,-0.85443,0.56395,-0.16958,0.62797,0.52641,2.29044,0.00,0.00,0.00,izquierda,1.00
0,24,57,-0.81905,0.54003,-0.13975,0.68386,0.50595,2.32785,0.00,0.00,0.00,izquierda,1.00
0,24,58,-0.81960,0.53235,-0.15232,0.66508,0.48778,2.34511,0.00,0.00,0.00,izquierda,1.00
0,24,59,-0.83228,0.55181,-0.19624,0.62247,0.55024,2.35962,0.00,0.00,0.00,izquierda,1.00
0,24,60,-0.79867,0.48806,-0.17568,0.62766,0.57376,2.23622,0.00,0.00,0.00,izquierda,1.00
0,24,61,-0.75439,0.43975,-0.17355,0.55543,0.48747,1.97248,0.00,0.00,0.00,izquierda,1.00
0,24,62,-0.71901,0.45500,-0.16397,0.42959,0.42822,1.67621,0.00,0.00,0.00,izquierda,1.00
0,24,63,-0.71657,0.65203,-0.15744,0.39630,0.36896,1.59833,0.00,0.00,0.00,izquierda,1.00
0,24,64,-0.76000,0.82527,-0.23296,0.47418,0.40393,1.84955,0.00,0.00,0.00,izquierda,1.00
0,24,65,-0.77616,0.96722,-0.23766,0.66050,0.49190,2.35458,0.00,0.00,0.00,izquierda,1.00
0,24,66,-0.78281,0.93117,-0.28121,0.96196,0.60124,2.92834,0.00,0.00,0.00,izquierda,1.00
0,24,67,-0.75738,0.77458,-0.25766,1.10979,0.76236,3.22491,0.00,0.00,0.00,izquierda,1.00
0,24,68,-0.70174,0.59109,-0.20588,1.10948,0.76236,3.18749,0.00,0.00,0.00,izquierda,1.00
0,24,69,-0.64727,0.46403,-0.20380,0.99953,0.65393,2.81120,0.00,0.00,0.00,izquierda,1.00
0,24,70,-0.59774,0.39546,-0.21441,0.79733,0.57421,2.25822,0.00,0.00,0.00,izquierda,1.00
0,24,71,-0.52356,0.35740,-0.18434,0.52870,0.45800,1.58443,0.00,0.00,0.00,izquierda,1.00
0,24,72,-0.48715,0.44262,-0.22594,0.30956,0.25779,0.96471,0.00,0.00,0.00,izquierda,1.00
0,24,73,-0.50191,0.58737,-0.25730,0.15623,0.08063,0.51878,0.00,0.00,0.00,izquierda,1.00
0,24,74,-0.50813,0.74359,-0.25699,0.06613,0.05956,0.41798,0.00,0.00,0.00,izquierda,1.00
0,24,75,-0.53253,0.89572,-0.30073,0.14737,-0.00748,0.56597,0.00,0.00,0.00,izquierda,1.00
0,24,76,-0.56602,0.96215,-0.33562,0.22846,0.05788,0.97433,0.00,0.00,0.00,izquierda,1.00
0,24,77,-0.57633,0.94513,-0.33581,0.31246,0.17791,1.38819,0.00,0.00,0.00,izquierda,1.00
0,24,78,-0.55821,0.85711,-0.31689,0.40699,0.21732,1.63208,0.00,0.00,0.00,izquierda,1.00
0,24,79,-0.55425,0.77299,-0.31159,0.39554,0.26618,1.67056,0.00,0.00,0.00,izquierda,1.00
0,24,80,-0.54558,0.69223,-0.31092,0.38607,0.29230,1.49891,0.00,0.00,0.00,izquierda,1.00
0,24,81,-0.51026,0.62806,-0.28932,0.32101,0.25213,1.14140,0.00,0.00,0.00,izquierda,1.00
0,24,82,-0.46647,0.62226,-0.25974,0.19731,0.20235,0.77488,0.00,0.00,0.00,izquierda,1.00
0,24,83,-0.42743,0.65374,-0.24510,0.11209,0.10140,0.40867,0.00,0.00,0.00,izquierda,1.00
0,24,84,-0.42621,0.73340,-0.26517,0.02535,0.00092,0.13210,0.00,0.00,0.00,izquierda,1.00
0,24,85,-0.45158,0.79477,-0.28743,-0.05864,-0.03818,0.09743,0.00,0.00,0.00,izquierda,1.00
0,24,86,-0.46897,0.85034,-0.31281,-0.05513,-0.04368,0.13042,0.00,0.00,0.00,izquierda,1.00
0,24,87,-0.48202,0.89841,-0.31616,-0.01542,-0.02688,0.23534,0.00,0.00,0.00,izquierda,1.00
0,24,88,-0.48074,0.88541,-0.33483,0.02184,-0.02871,0.33353,0.00,0.00,0.00,izquierda,1.00
0,24,89,-0.45158,0.83271,-0.30628,0.04719,0.02230,0.42440,0.00,0.00,0.00,izquierda,1.00
0,24,90,-0.44060,0.76768,-0.29420,-0.02917,0.03222,0.31536,0.00,0.00,0.00,izquierda,1.00
0,24,91,-0.44609,0.71785,-0.29469,-0.02688,-0.03146,0.09820,0.00,0.00,0.00,izquierda,1.00
0,24,92,-0.44499,0.68521,-0.29994,-0.10247,-0.06139,-0.19074,0.00,0.00,0.00,izquierda,1.00
0,24,93,-0.43444,0.63025,-0.28969,-0.19334,-0.13760,-0.60689,0.00,0.00,0.00,izquierda,1.00
0,24,94,-0.42383,0.58194,-0.27255,-0.32483,-0.20204,-1.09559,0.00,0.00,0.00,izquierda,1.00
0,24,95,-0.42840,0.57688,-0.26999,-0.47678,-0.32910,-1.61146,0.00,0.00,0.00,izquierda,1.00
0,24,96,-0.43944,0.61464,-0.26407,-0.64248,-0.39996,-2.07022,0.00,0.00,0.00,izquierda,1.00
0,24,97,-0.45927,0.62641,-0.24656,-0.75671,-0.49450,-2.42513,0.00,0.00,0.00,izquierda,1.00
0,24,98,-0.46946,0.62806,-0.24711,-0.91660,-0.55864,-2.72034,0.00,0.00,0.00,izquierda,1.00
0,24,99,-0.50972,0.62299,-0.24455,-1.01526,-0.65714,-3.00958,0.00,0.00,0.00,izquierda,1.00
0,24,100,-0.54802,0.61866,-0.19087,-1.13132,-0.74205,-3.23667,0.00,0.00,0.00,izquierda,1.00
0,24,101,-0.59939,0.60780,-0.19483,-1.20356,-0.85277,-3.49140,0.00,0.00,0.00,izquierda,1.00
0,24,102,-0.66045,0.61579,-0.18599,-1.33291,-0.87598,-3.64213,0.00,0.00,0.00,izquierda,1.00
0,24,103,-0.72633,0.62763,-0.17336,-1.38437,-0.90591,-3.76186,0.00,0.00,0.00,izquierda,1.00
0,24,104,-0.77860,0.64312,-0.16165,-1.40911,-0.92806,-3.84250,0.00,0.00,0.00,izquierda,1.00
0,24,105,-0.82643,0.65892,-0.13115,-1.45065,-0.88911,-3.78706,0.00,0.00,0.00,izquierda,1.00
0,24,106,-0.85650,0.68863,-0.14024,-1.44073,-0.84330,-3.64580,0.00,0.00,0.00,izquierda,1.00
0,24,107,-0.87035,0.70077,-0.13066,-1.37002,-0.82803,-3.46223,0.00,0.00,0.00,izquierda,1.00
0,24,108,-0.89450,0.72444,-0.11126,-1.31504,-0.72968,-3.18780,0.00,0.00,0.00,izquierda,1.00
0,24,109,-0.93056,0.73456,-0.10577,-1.16752,-0.68341,-2.92421,0.00,0.00,0.00,izquierda,1.00
0,24,110,-0.93696,0.71785,-0.10736,-1.00472,-0.60048,-2.65299,0.00,0.00,0.00,izquierda,1.00
0,24,111,-0.95770,0.69272,-0.10181,-0.87064,-0.48319,-2.37688,0.00,0.00,0.00,izquierda,1.00
0,24,112,-0.95764,0.64928,-0.09016,-0.69501,-0.42180,-2.13803,0.00,0.00,0.00,izquierda,1.00
0,24,113,-0.95678,0.60518,-0.08894,-0.56765,-0.32376,-1.93919,0.00,0.00,0.00,izquierda,1.00
0,24,114,-0.93885,0.55833,-0.08796,-0.47983,-0.24862,-1.77411,0.00,0.00,0.00,izquierda,1.00
0,24,115,-0.93489,0.50423,-0.07009,-0.37935,-0.20754,-1.60856,0.00,0.00,0.00,izquierda,1.00
0,24,116,-0.94178,0.46025,-0.08729,-0.27932,-0.14600,-1.59115,0.00,0.00,0.00,izquierda,1.00
0,24,117,-0.93129,0.42023,-0.05777,-0.29917,-0.11270,-1.61299,0.00,0.00,0.00,izquierda,1.00
0,24,118,-0.93110,0.35917,-0.06893,-0.25763,-0.12813,-1.68370,0.00,0.00,0.00,izquierda,1.00
0,24,119,-0.91524,0.31671,-0.04465,-0.31337,-0.13943,-1.77731,0.00,0.00,0.00,izquierda,1.00
0,24,120,-0.92470,0.29774,-0.03922,-0.36637,-0.17272,-1.89964,0.00,0.00,0.00,izquierda,1.00
0,24,121,-0.92934,0.30152,-0.04380,-0.41600,-0.21686,-1.99554,0.00,0.00,0.00,izquierda,1.00
0,24,122,-0.94599,0.30610,-0.06625,-0.46960,-0.23411,-2.03693,0.00,0.00,0.00,izquierda,1.00
0,24,123,-0.96112,0.32208,-0.05368,-0.47510,-0.19410,-2.02425,0.00,0.00,0.00,izquierda,1.00
0,24,124,-0.98600,0.35063,-0.07351,-0.43982,-0.16860,-1.90880,0.00,0.00,0.00,izquierda,1.00
0,24,125,-1.00937,0.31940,-0.08528,-0.41905,-0.08399,-1.74295,0.00,0.00,0.00,izquierda,1.00
0,24,126,-1.02132,0.26163,-0.08082,-0.42684,0.04093,-1.58275,0.00,0.00,0.00,izquierda,1.00
0,24,127,-1.02907,0.16909,-0.07655,-0.42012,0.14737,-1.54686,0.00,0.00,0.00,izquierda,1.00
0,24,128,-1.02181,0.06740,-0.05581,-0.52611,0.19410,-1.63086,0.00,0.00,0.00,izquierda,1.00
0,24,129,-1.00131,0.00275,-0.03880,-0.64080,0.20189,-1.89338,0.00,0.00,0.00,izquierda,1.00
0,24,130,-0.97728,-0.05209,-0.01147,-0.77488,0.14279,-2.29838,0.00,0.00,0.00,izquierda,1.00
0,24,131,-0.94690,-0.05398,0.01159,-0.94745,0.03512,-2.66398,0.00,0.00,0.00,izquierda,1.00
0,24,132,-0.95910,-0.01702,0.04233,-1.09589,-0.05528,-2.97888,0.00,0.00,0.00,izquierda,1.00
0,24,133,-0.96087,0.04673,0.02135,-1.15698,-0.17471,-3.23468,0.00,0.00,0.00,izquierda,1.00
0,24,134,-0.99088,0.08430,0.00720,-1.21471,-0.20571,-3.30035,0.00,0.00,0.00,izquierda,1.00
0,24,135,-1.02553,0.13884,-0.03745,-1.16461,-0.24282,-3.24843,0.00,0.00,0.00,izquierda,1.00
0,24,136,-1.02035,0.18282,-0.05276,-1.07237,-0.24129,-3.04745,0.00,0.00,0.00,izquierda,1.00
0,24,137,-0.99991,0.21423,-0.06027,-0.96501,-0.20998,-2.69392,0.00,0.00,0.00,izquierda,1.00
0,24,138,-0.97917,0.21814,-0.06063,-0.79901,-0.17547,-2.22401,0.00,0.00,0.00,izquierda,1.00
0,24,139,-0.98155,0.19636,-0.03623,-0.59819,-0.16066,-1.81228,0.00,0.00,0.00,izquierda,1.00
0,24,140,-0.96673,0.14420,-0.04953,-0.51007,-0.13897,-1.38040,0.00,0.00,0.00,izquierda,1.00
0,24,141,-0.96648,0.10834,-0.02788,-0.36255,-0.11958,-1.06932,0.00,0.00,0.00,izquierda,1.00
0,24,142,-0.96160,0.07918,-0.04965,-0.28818,-0.10217,-0.76053,0.00,0.00,0.00,izquierda,1.00
0,24,143,-0.96917,0.06088,-0.05252,-0.20433,-0.06720,-0.47983,0.00,0.00,0.00,izquierda,1.00
0,24,144,-0.98057,0.04496,-0.05496,-0.05421,-0.07117,-0.27886,0.00,0.00,0.00,izquierda,1.00
0,24,145,-0.97380,0.02818,-0.04599,0.01374,-0.02581,-0.06017,0.00,0.00,0.00,izquierda,1.00
0,24,146,-0.97923,0.01604,-0.05844,0.10232,-0.00076,0.09820,0.00,0.00,0.00,izquierda,1.00
0,24,147,-0.98192,-0.01360,-0.04978,0.16448,0.02230,0.19441,0.00,0.00,0.00,izquierda,1.00
0,24,148,-0.95306,-0.05716,-0.04459,0.22770,0.02932,0.23411,0.00,0.00,0.00,izquierda,1.00
0,24,149,-0.96154,-0.09290,-0.03123,0.23259,0.02337,0.24144,0.00,0.00,0.00,izquierda,1.00
0,24,150,-0.95843,-0.12224,-0.02086,0.23274,-0.00107,0.18265,0.00,0.00,0.00,izquierda,1.00
0,24,151,-0.95556,-0.13597,-0.03422,0.15348,-0.01710,0.08613,0.00,0.00,0.00,izquierda,1.00
0,24,152,-0.96142,-0.12731,-0.01324,0.07850,-0.06017,0.04826,0.00,0.00,0.00,izquierda,1.00
0,24,153,-0.95965,-0.12590,-0.01452,0.08247,-0.09392,-0.02749,0.00,0.00,0.00,izquierda,1.00
0,24,154,-0.96234,-0.10858,-0.02891,0.01420,-0.09255,-0.04551,0.00,0.00,0.00,izquierda,1.00
0,24,155,-0.97081,-0.07290,-0.03404,0.02214,-0.11500,-0.05513,0.00,0.00,0.00,izquierda,1.00
0,24,156,-0.99101,-0.05795,-0.03928,0.05956,-0.08888,-0.04276,0.00,0.00,0.00,izquierda,1.00
0,24,157,-0.98759,-0.04270,-0.04069,0.08827,-0.06322,-0.02260,0.00,0.00,0.00,izquierda,1.00
0,25,1,-0.97881,-0.05527,0.01440,0.04795,-0.04429,-0.03161,0.00,0.00,0.00,izquierda,1.00
0,25,2,-0.97832,-0.05917,0.03428,0.03009,-0.04093,-0.04719,0.00,0.00,0.00,izquierda,1.00
0,25,3,-0.98009,-0.05020,0.01598,0.02841,-0.02932,-0.05376,0.00,0.00,0.00,izquierda,1.00
0,25,4,-0.96941,-0.04416,0.02855,0.06261,-0.00351,-0.05284,0.00,0.00,0.00,izquierda,1.00
0,25,5,-0.96593,-0.05045,0.02135,0.06643,-0.04734,-0.04673,0.00,0.00,0.00,izquierda,1.00
0,25,6,-0.97289,-0.05862,0.02727,0.03742,-0.06307,-0.04322,0.00,0.00,0.00,izquierda,1.00
0,25,7,-0.96990,-0.05783,0.02342,0.04627,-0.06720,-0.02230,0.00,0.00,0.00,izquierda,1.00
0,25,8,-0.97441,-0.06161,0.00012,0.05085,-0.07254,-0.03299,0.00,0.00,0.00,izquierda,1.00
0,25,9,-0.97795,-0.06515,0.01848,0.03360,-0.04475,-0.02138,0.00,0.00,0.00,izquierda,1.00
0,25,10,-0.98332,-0.06173,0.02690,0.06322,-0.07391,-0.06552,0.00,0.00,0.00,izquierda,1.00
0,25,11,-0.97923,-0.05923,0.02971,0.07483,-0.05941,-0.05895,0.00,0.00,0.00,izquierda,1.00
0,25,12,-0.98350,-0.05819,0.01604,0.05330,-0.04291,-0.05024,0.00,0.00,0.00,izquierda,1.00
0,25,13,-0.98137,-0.06344,0.04038,0.06384,-0.04841,-0.05651,0.00,0.00,0.00,izquierda,1.00
0,25,14,-0.97203,-0.06643,0.02617,0.02550,-0.03757,-0.02856,0.00,0.00,0.00,izquierda,1.00
0,25,15,-0.97594,-0.06838,0.02782,0.01970,-0.03558,0.02611,0.00,0.00,0.00,izquierda,1.00
0,25,16,-0.97301,-0.06618,0.00506,0.01268,-0.04994,-0.00779,0.00,0.00,0.00,izquierda,1.00
0,25,17,-0.99820,-0.01098,0.01952,-0.03299,-0.02046,0.05803,0.00,0.00,0.00,izquierda,1.00
0,25,18,-1.03102,0.09992,0.01555,0.07208,0.01542,0.23075,0.00,0.00,0.00,izquierda,1.00
0,25,19,-1.03523,0.17489,-0.00701,0.25107,0.09514,0.56948,0.00,0.00,0.00,izquierda,1.00
0,25,20,-1.04950,0.20453,-0.00592,0.42318,0.19655,1.02091,0.00,0.00,0.00,izquierda,1.00
0,25,21,-1.07262,0.18154,-0.00451,0.61422,0.30864,1.45126,0.00,0.00,0.00,izquierda,1.00
0,25,22,-1.05969,0.10565,0.01318,0.73594,0.38973,1.80327,0.00,0.00,0.00,izquierda,1.00
0,25,23,-1.04798,0.01366,0.02562,0.75763,0.44715,1.96912,0.00,0.00,0.00,izquierda,1.00
0,25,24,-1.04767,-0.08070,0.03575,0.67714,0.46090,1.91964,0.00,0.00,0.00,izquierda,1.00
0,25,25,-1.00260,-0.13127,0.01311,0.60063,0.43616,1.70905,0.00,0.00,0.00,izquierda,1.00
0,25,26,-0.97923,-0.13328,0.05112,0.45280,0.38805,1.45111,0.00,0.00,0.00,izquierda,1.00
0,25,27,-0.95044,-0.13487,0.03794,0.30039,0.28650,1.09085,0.00,0.00,0.00,izquierda,1.00
0,25,28,-0.93867,-0.10785,0.01116,0.14645,0.22022,0.77946,0.00,0.00,0.00,izquierda,1.00
0,25,29,-0.94886,-0.05069,0.00085,0.02673,0.16356,0.50152,0.00,0.00,0.00,izquierda,1.00
0,25,30,-0.95447,0.05405,-0.00659,-0.03176,0.11851,0.34972,0.00,0.00,0.00,izquierda,1.00
0,25,31,-0.98253,0.14048,-0.03886,-0.03512,0.13241,0.38469,0.00,0.00,0.00,izquierda,1.00
0,25,32,-0.97789,0.17696,-0.04172,0.01802,0.14630,0.50916,0.00,0.00,0.00,izquierda,1.00
0,25,33,-0.96935,0.19428,-0.04111,0.05131,0.17119,0.67806,0.00,0.00,0.00,izquierda,1.00
0,25,34,-0.96892,0.21984,-0.04337,0.15195,0.17669,0.85124,0.00,0.00,0.00,izquierda,1.00
0,25,35,-1.01223,0.25034,-0.03398,0.16386,0.22144,1.09314,0.00,0.00,0.00,izquierda,1.00
0,25,36,-1.01358,0.26572,-0.04972,0.27749,0.24404,1.31916,0.00,0.00,0.00,izquierda,1.00
0,25,37,-1.03017,0.29866,-0.04856,0.31796,0.35598,1.62154,0.00,0.00,0.00,izquierda,1.00
0,25,38,-1.04566,0.32086,-0.05039,0.42593,0.42638,1.94561,0.00,0.00,0.00,izquierda,1.00
0,25,39,-1.03840,0.31189,-0.04331,0.53176,0.47632,2.17437,0.00,0.00,0.00,izquierda,1.00
0,25,40,-1.02675,0.34258,-0.02782,0.59620,0.52718,2.42407,0.00,0.00,0.00,izquierda,1.00
0,25,41,-1.06445,0.43981,-0.05685,0.69425,0.58658,2.82663,0.00,0.00,0.00,izquierda,1.00
0,25,42,-1.08604,0.48702,-0.06100,0.88301,0.67134,3.25668,0.00,0.00,0.00,izquierda,1.00
0,25,43,-1.08525,0.47482,-0.06570,1.01343,0.78649,3.74903,0.00,0.00,0.00,izquierda,1.00
0,25,44,-1.08769,0.40413,-0.08534,1.11086,0.87415,4.08058,0.00,0.00,0.00,izquierda,1.00
0,25,45,-1.06085,0.33300,-0.08137,1.13209,0.93432,4.22734,0.00,0.00,0.00,izquierda,1.00
0,25,46,-1.01815,0.26663,-0.08388,1.07115,0.98181,4.14823,0.00,0.00,0.00,izquierda,1.00
0,25,47,-0.96105,0.22991,-0.08644,0.95234,0.96395,3.92420,0.00,0.00,0.00,izquierda,1.00
0,25,48,-0.88328,0.20844,-0.08241,0.83307,0.93722,3.50744,0.00,0.00,0.00,izquierda,1.00
0,25,49,-0.81972,0.26962,-0.09284,0.66752,0.76312,3.07189,0.00,0.00,0.00,izquierda,1.00
0,25,50,-0.81380,0.44487,-0.12352,0.58811,0.68890,2.85686,0.00,0.00,0.00,izquierda,1.00
0,25,51,-0.80514,0.52680,-0.15177,0.61331,0.63729,2.79181,0.00,0.00,0.00,izquierda,1.00
0,25,52,-0.80490,0.56297,-0.19166,0.61468,0.68142,2.80204,0.00,0.00,0.00,izquierda,1.00
0,25,53,-0.76421,0.53564,-0.18959,0.65576,0.64309,2.72522,0.00,0.00,0.00,izquierda,1.00
0,25,54,-0.75414,0.55748,-0.19715,0.57635,0.65286,2.64459,0.00,0.00,0.00,izquierda,1.00
0,25,55,-0.74914,0.53881,-0.21576,0.57131,0.65989,2.49019,0.00,0.00,0.00,izquierda,1.00
0,25,56,-0.69076,0.51923,-0.18520,0.52428,0.62797,2.24539,0.00,0.00,0.00,izquierda,1.00
0,25,57,-0.65856,0.57194,-0.19984,0.43998,0.55573,2.04793,0.00,0.00,0.00,izquierda,1.00
0,25,58,-0.65313,0.63910,-0.21210,0.42073,0.48671,1.96576,0.00,0.00,0.00,izquierda,1.00
0,25,59,-0.64416,0.63355,-0.22271,0.38393,0.48426,1.94484,0.00,0.00,0.00,izquierda,1.00
0,25,60,-0.59804,0.63782,-0.23881,0.33307,0.46090,1.85275,0.00,0.00,0.00,izquierda,1.00
0,25,61,-0.58609,0.68192,-0.23735,0.31047,0.41218,1.77288,0.00,0.00,0.00,izquierda,1.00
0,25,62,-0.58164,0.74365,-0.27255,0.29566,0.36667,1.75960,0.00,0.00,0.00,izquierda,1.00
0,25,63,-0.58822,0.77354,-0.26096,0.23503,0.40317,1.84222,0.00,0.00,0.00,izquierda,1.00
0,25,64,-0.57737,0.78476,-0.26187,0.26634,0.41081,1.89017,0.00,0.00,0.00,izquierda,1.00
0,25,65,-0.58536,0.82155,-0.29311,0.29367,0.42623,2.00807,0.00,0.00,0.00,izquierda,1.00
0,25,66,-0.58060,0.82374,-0.30463,0.31353,0.47968,2.18415,0.00,0.00,0.00,izquierda,1.00
0,25,67,-0.54144,0.75738,-0.27328,0.36346,0.49251,2.18904,0.00,0.00,0.00,izquierda,1.00
0,25,68,-0.50215,0.66929,-0.25559,0.31765,0.46533,2.01127,0.00,0.00,0.00,izquierda,1.00
0,25,69,-0.44701,0.66771,-0.22241,0.23472,0.40317,1.67621,0.00,0.00,0.00,izquierda,1.00
0,25,70,-0.43731,0.71413,-0.25620,0.19456,0.30757,1.40071,0.00,0.00,0.00,izquierda,1.00
0,25,71,-0.43450,0.80087,-0.24943,0.18662,0.23305,1.21807,0.00,0.00,0.00,izquierda,1.00
0,25,72,-0.45280,0.85308,-0.28225,0.22571,0.19700,1.18416,0.00,0.00,0.00,izquierda,1.00
0,25,73,-0.46354,0.85406,-0.31208,0.22403,0.23350,1.21104,0.00,0.00,0.00,izquierda,1.00
0,25,74,-0.44066,0.83314,-0.30158,0.23274,0.26466,1.21089,0.00,0.00,0.00,izquierda,1.00
0,25,75,-0.42255,0.77757,-0.32598,0.22113,0.25030,1.11743,0.00,0.00,0.00,izquierda,1.00
0,25,76,-0.38942,0.72651,-0.28847,0.16173,0.22327,0.93065,0.00,0.00,0.00,izquierda,1.00
0,25,77,-0.35356,0.71577,-0.27920,0.04673,0.18295,0.67333,0.00,0.00,0.00,izquierda,1.00
0,25,78,-0.34410,0.73304,-0.27548,-0.03436,0.07682,0.45296,0.00,0.00,0.00,izquierda,1.00
0,25,79,-0.34544,0.76134,-0.28383,-0.08201,0.01909,0.24877,0.00,0.00,0.00,izquierda,1.00
0,25,80,-0.36996,0.76915,-0.28749,-0.18448,0.01237,0.10950,0.00,0.00,0.00,izquierda,1.00
0,25,81,-0.36411,0.80660,-0.29231,-0.19410,-0.04414,-0.08903,0.00,0.00,0.00,izquierda,1.00
0,25,82,-0.37295,0.84790,-0.29573,-0.17196,-0.08888,-0.21350,0.00,0.00,0.00,izquierda,1.00
0,25,83,-0.37375,0.88834,-0.28914,-0.18280,-0.07117,-0.26878,0.00,0.00,0.00,izquierda,1.00
0,25,84,-0.37558,0.89304,-0.30091,-0.13653,-0.08766,-0.30742,0.00,0.00,0.00,izquierda,1.00
0,25,85,-0.39089,0.85315,-0.29146,-0.13851,-0.06765,-0.36545,0.00,0.00,0.00,izquierda,1.00
0,25,86,-0.38406,0.79666,-0.28902,-0.14859,-0.07453,-0.51801,0.00,0.00,0.00,izquierda,1.00
0,25,87,-0.40114,0.75091,-0.27542,-0.18524,-0.11668,-0.76694,0.00,0.00,0.00,izquierda,1.00
0,25,88,-0.40644,0.68765,-0.29555,-0.24832,-0.14310,-1.07940,0.00,0.00,0.00,izquierda,1.00
0,25,89,-0.39253,0.57371,-0.27590,-0.41127,-0.19196,-1.53266,0.00,0.00,0.00,izquierda,1.00
0,25,90,-0.39180,0.47696,-0.25437,-0.60247,-0.24282,-2.15635,0.00,0.00,0.00,izquierda,1.00
0,25,91,-0.40400,0.42755,-0.21533,-0.82589,-0.34774,-2.89688,0.00,0.00,0.00,izquierda,1.00
0,25,92,-0.41090,0.49337,-0.17001,-1.04870,-0.53878,-3.61678,0.00,0.00,0.00,izquierda,1.00
0,25,93,-0.50270,0.59749,-0.17422,-1.19134,-0.71807,-4.07600,0.00,0.00,0.00,izquierda,1.00
0,25,94,-0.58828,0.69882,-0.17129,-1.27976,-0.78511,-4.30797,0.00,0.00,0.00,izquierda,1.00
0,25,95,-0.65166,0.78562,-0.16287,-1.30252,-0.81780,-4.30278,0.00,0.00,0.00,izquierda,1.00
0,25,96,-0.72999,0.85918,-0.15409,-1.24952,-0.82986,-4.20397,0.00,0.00,0.00,izquierda,1.00
0,25,97,-0.76091,0.91482,-0.18818,-1.15286,-0.78939,-3.88052,0.00,0.00,0.00,izquierda,1.00
0,25,98,-0.79471,0.92769,-0.17251,-1.01373,-0.69257,-3.49507,0.00,0.00,0.00,izquierda,1.00
0,25,99,-0.82448,0.91915,-0.18428,-0.80802,-0.62003,-3.07189,0.00,0.00,0.00,izquierda,1.00
0,25,100,-0.84930,0.90146,-0.17623,-0.64446,-0.48732,-2.63649,0.00,0.00,0.00,izquierda,1.00
0,25,101,-0.84766,0.87864,-0.18202,-0.45326,-0.38607,-2.20706,0.00,0.00,0.00,izquierda,1.00
0,25,102,-0.83009,0.83796,-0.16220,-0.27275,-0.33766,-1.79930,0.00,0.00,0.00,izquierda,1.00
0,25,103,-0.81862,0.77909,-0.15604,-0.17608,-0.22617,-1.41339,0.00,0.00,0.00,izquierda,1.00
0,25,104,-0.80691,0.71199,-0.14854,-0.08277,-0.17914,-1.11681,0.00,0.00,0.00,izquierda,1.00
0,25,105,-0.79495,0.66728,-0.15030,0.02230,-0.19258,-0.95066,0.00,0.00,0.00,izquierda,1.00
0,25,106,-0.77317,0.60835,-0.14835,0.03955,-0.15379,-0.81932,0.00,0.00,0.00,izquierda,1.00
0,25,107,-0.77165,0.54607,-0.12273,0.06964,-0.18998,-0.83521,0.00,0.00,0.00,izquierda,1.00
0,25,108,-0.78007,0.49434,-0.12889,0.06796,-0.22327,-0.94715,0.00,0.00,0.00,izquierda,1.00
0,25,109,-0.78446,0.43029,-0.11974,-0.00504,-0.21029,-1.13377,0.00,0.00,0.00,izquierda,1.00
0,25,110,-0.79886,0.37301,-0.12176,-0.06063,-0.29642,-1.50181,0.00,0.00,0.00,izquierda,1.00
0,25,111,-0.81807,0.33605,-0.11541,-0.17700,-0.33659,-1.86635,0.00,0.00,0.00,izquierda,1.00
0,25,112,-0.81929,0.34849,-0.10144,-0.27290,-0.39691,-2.25547,0.00,0.00,0.00,izquierda,1.00
0,25,113,-0.85205,0.36661,-0.09705,-0.36224,-0.44272,-2.57953,0.00,0.00,0.00,izquierda,1.00
0,25,114,-0.87291,0.37308,-0.10913,-0.41310,-0.51129,-2.77379,0.00,0.00,0.00,izquierda,1.00
0,25,115,-0.90109,0.37222,-0.09546,-0.50748,-0.47525,-2.88481,0.00,0.00,0.00,izquierda,1.00
0,25,116,-0.92470,0.39119,-0.07826,-0.51374,-0.51725,-2.98270,0.00,0.00,0.00,izquierda,1.00
0,25,117,-0.94593,0.40413,-0.09522,-0.52305,-0.49709,-2.97018,0.00,0.00,0.00,izquierda,1.00
0,25,118,-0.95605,0.41047,-0.08638,-0.50412,-0.50183,-2.91062,0.00,0.00,0.00,izquierda,1.00
0,25,119,-0.96868,0.39748,-0.08180,-0.46380,-0.47846,-2.79364,0.00,0.00,0.00,izquierda,1.00
0,25,120,-0.97252,0.37070,-0.08625,-0.41554,-0.45067,-2.67177,0.00,0.00,0.00,izquierda,1.00
0,25,121,-0.97624,0.34282,-0.08674,-0.39538,-0.40073,-2.53799,0.00,0.00,0.00,izquierda,1.00
0,25,122,-0.98118,0.31494,-0.06277,-0.34285,-0.38057,-2.42315,0.00,0.00,0.00,izquierda,1.00
0,25,123,-0.97923,0.29530,-0.06954,-0.29734,-0.38133,-2.33519,0.00,0.00,0.00,izquierda,1.00
0,25,124,-0.99521,0.27151,-0.05008,-0.22694,-0.36209,-2.22905,0.00,0.00,0.00,izquierda,1.00
0,25,125,-1.00552,0.25217,-0.06106,-0.19059,-0.31307,-2.08977,0.00,0.00,0.00,izquierda,1.00
0,25,126,-0.99814,0.23247,-0.05954,-0.19960,-0.25381,-1.95233,0.00,0.00,0.00,izquierda,1.00
0,25,127,-0.98497,0.20258,-0.05459,-0.16264,-0.25275,-1.82633,0.00,0.00,0.00,izquierda,1.00
0,25,128,-0.95624,0.17361,-0.04849,-0.12233,-0.26420,-1.72142,0.00,0.00,0.00,izquierda,1.00
0,25,129,-0.96691,0.15903,-0.04087,-0.14493,-0.27061,-1.59695,0.00,0.00,0.00,izquierda,1.00
0,25,130,-0.97929,0.12725,-0.04654,-0.13531,-0.26985,-1.52838,0.00,0.00,0.00,izquierda,1.00
0,25,131,-0.97228,0.09278,-0.03526,-0.11637,-0.27214,-1.53373,0.00,0.00,0.00,izquierda,1.00
0,25,132,-0.97576,0.10138,-0.03392,-0.11820,-0.29810,-1.55954,0.00,0.00,0.00,izquierda,1.00
0,25,133,-1.00449,0.11925,-0.03349,-0.08781,-0.30146,-1.55603,0.00,0.00,0.00,izquierda,1.00
0,25,134,-0.98234,0.13579,-0.05514,-0.02657,-0.28909,-1.48685,0.00,0.00,0.00,izquierda,1.00
0,25,135,-0.97716,0.14549,-0.05819,0.06735,-0.28023,-1.35566,0.00,0.00,0.00,izquierda,1.00
0,25,136,-0.97447,0.13255,-0.04514,0.09774,-0.25748,-1.13636,0.00,0.00,0.00,izquierda,1.00
0,25,137,-0.98088,0.12261,-0.04160,0.16768,-0.23442,-0.94562,0.00,0.00,0.00,izquierda,1.00
0,25,138,-0.98088,0.10577,-0.04264,0.15180,-0.16982,-0.69272,0.00,0.00,0.00,izquierda,1.00
0,25,139,-0.99833,0.09467,-0.04715,0.20418,-0.13561,-0.50259,0.00,0.00,0.00,izquierda,1.00
0,25,140,-0.99772,0.07918,-0.03111,0.27428,-0.10614,-0.31093,0.00,0.00,0.00,izquierda,1.00
0,25,141,-1.00455,0.06112,-0.02690,0.27336,-0.03558,-0.09652,0.00,0.00,0.00,izquierda,1.00
0,25,142,-1.00619,0.04020,-0.01318,0.30497,-0.01894,0.05803,0.00,0.00,0.00,izquierda,1.00
0,25,143,-0.99595,0.02263,-0.01616,0.33842,-0.00458,0.18983,0.00,0.00,0.00,izquierda,1.00
0,25,144,-1.00314,-0.01494,-0.02294,0.34880,0.02199,0.28039,0.00,0.00,0.00,izquierda,1.00
0,25,145,-1.00955,-0.02025,-0.00354,0.34651,0.04765,0.30742,0.00,0.00,0.00,izquierda,1.00
0,25,146,-1.01455,-0.04605,-0.01647,0.33475,0.03329,0.25916,0.00,0.00,0.00,izquierda,1.00
0,25,147,-0.99210,-0.06051,-0.01275,0.28543,0.06460,0.23030,0.00,0.00,0.00,izquierda,1.00
0,25,148,-0.97893,-0.07662,-0.00232,0.25152,0.04352,0.14157,0.00,0.00,0.00,izquierda,1.00
0,26,1,-0.97813,-0.01580,-0.05459,-0.09423,-0.07346,0.02123,0.00,0.00,0.00,Neutra,0.00
0,26,2,-0.97954,-0.01281,-0.03892,-0.07789,-0.08567,0.00443,0.00,0.00,0.00,Neutra,0.00
0,26,3,-0.98503,-0.00647,-0.02824,-0.10018,-0.06735,0.00932,0.00,0.00,0.00,Neutra,0.00
0,26,4,-0.99570,-0.00079,-0.01793,-0.07193,-0.08659,-0.01405,0.00,0.00,0.00,Neutra,0.00
0,26,5,-0.99216,0.01153,-0.03843,-0.06322,-0.08888,-0.04612,0.00,0.00,0.00,Neutra,0.00
0,26,6,-0.99564,0.00793,-0.03172,-0.06582,-0.05773,-0.03115,0.00,0.00,0.00,Neutra,0.00
0,26,7,-0.99674,0.00134,-0.03971,-0.02337,-0.09255,-0.06979,0.00,0.00,0.00,Neutra,0.00
0,26,8,-0.99607,0.00275,-0.02214,-0.02260,-0.07819,-0.06277,0.00,0.00,0.00,Neutra,0.00
0,26,9,-0.99186,0.01635,-0.03312,-0.04001,-0.04398,-0.03467,0.00,0.00,0.00,Neutra,0.00
0,26,10,-0.99643,0.01513,-0.03184,0.01497,-0.06750,-0.05666,0.00,0.00,0.00,Neutra,0.00
0,26,11,-0.99991,0.01464,-0.04002,0.00397,-0.03467,-0.05910,0.00,0.00,0.00,Neutra,0.00
0,26,12,-0.99497,0.00384,-0.03977,0.02046,-0.03115,-0.07422,0.00,0.00,0.00,Neutra,0.00
0,26,13,-0.99101,0.00592,-0.04642,0.03009,-0.02062,-0.09285,0.00,0.00,0.00,Neutra,0.00
0,26,14,-0.97789,0.00543,-0.04026,0.03787,-0.02169,-0.10064,0.00,0.00,0.00,Neutra,0.00
0,26,15,-0.96789,0.00701,-0.02910,0.04811,-0.05223,-0.10812,0.00,0.00,0.00,Neutra,0.00
0,26,16,-0.96008,0.00287,-0.05100,0.04368,-0.02642,-0.07743,0.00,0.00,0.00,Neutra,0.00
0,26,17,-0.95697,-0.01037,-0.04301,0.04734,-0.01726,-0.06216,0.00,0.00,0.00,Neutra,0.00
0,26,18,-0.98326,-0.01739,-0.05215,0.07132,-0.03711,-0.05192,0.00,0.00,0.00,Neutra,0.00
0,26,19,-0.96898,-0.01409,-0.04691,0.09942,-0.05574,-0.10308,0.00,0.00,0.00,Neutra,0.00
0,26,20,-0.97356,-0.02440,-0.05405,0.04612,-0.04398,-0.08919,0.00,0.00,0.00,Neutra,0.00
0,26,21,-0.96618,-0.02239,-0.05941,0.07544,-0.05788,-0.10629,0.00,0.00,0.00,Neutra,0.00
0,26,22,-0.95624,-0.01330,-0.06606,0.01100,-0.03436,-0.08002,0.00,0.00,0.00,Neutra,0.00
0,26,23,-0.95843,-0.00939,-0.05642,0.05574,-0.05544,-0.07666,0.00,0.00,0.00,Neutra,0.00
0,26,24,-0.95929,-0.01696,-0.04709,0.08720,-0.07834,-0.09697,0.00,0.00,0.00,Neutra,0.00
0,26,25,-0.96837,-0.02190,-0.06240,0.05651,-0.07285,-0.08002,0.00,0.00,0.00,Neutra,0.00
0,26,26,-0.97582,-0.02043,-0.04788,0.06216,-0.05620,-0.04459,0.00,0.00,0.00,Neutra,0.00
0,26,27,-0.97429,-0.02013,-0.04032,0.09148,-0.07712,-0.06032,0.00,0.00,0.00,Neutra,0.00
0,26,28,-0.97185,-0.02660,-0.03392,0.05452,-0.05315,-0.05956,0.00,0.00,0.00,Neutra,0.00
0,26,29,-0.97576,-0.02891,-0.04654,0.06888,-0.08460,-0.05681,0.00,0.00,0.00,Neutra,0.00
0,26,30,-0.96703,-0.03337,-0.04221,0.07544,-0.07605,-0.06322,0.00,0.00,0.00,Neutra,0.00
0,26,31,-0.97234,-0.03312,-0.03660,0.04246,-0.07300,-0.05742,0.00,0.00,0.00,Neutra,0.00
0,26,32,-0.97283,-0.03538,-0.04313,0.05253,-0.08109,-0.06246,0.00,0.00,0.00,Neutra,0.00
0,26,33,-0.96813,-0.03276,-0.03660,0.03910,-0.07514,-0.04948,0.00,0.00,0.00,Neutra,0.00
0,26,34,-0.98088,-0.03221,-0.04142,0.02932,-0.07880,-0.06475,0.00,0.00,0.00,Neutra,0.00
0,26,35,-0.98430,-0.03367,-0.03880,0.06536,-0.10553,-0.09743,0.00,0.00,0.00,Neutra,0.00
0,26,36,-0.98869,-0.02836,-0.05252,0.04963,-0.09743,-0.10033,0.00,0.00,0.00,Neutra,0.00
0,26,37,-0.99454,-0.02769,-0.04520,0.03894,-0.07758,-0.08690,0.00,0.00,0.00,Neutra,0.00
0,26,38,-0.99631,-0.03495,-0.04856,0.05574,-0.08430,-0.09591,0.00,0.00,0.00,Neutra,0.00
0,26,39,-0.99406,-0.02690,-0.04508,0.00657,-0.04856,-0.09804,0.00,0.00,0.00,Neutra,0.00
0,26,40,-0.98064,-0.02721,-0.05441,0.01451,-0.04643,-0.05483,0.00,0.00,0.00,Neutra,0.00
0,26,41,-0.97893,-0.02904,-0.04130,0.04551,-0.06200,-0.06032,0.00,0.00,0.00,Neutra,0.00
0,26,42,-0.97862,-0.02348,-0.03355,0.03009,-0.05101,-0.04123,0.00,0.00,0.00,Neutra,0.00
0,26,43,-0.98869,-0.03416,-0.04331,0.03161,-0.05299,-0.03879,0.00,0.00,0.00,Neutra,0.00
0,26,44,-0.98179,-0.03819,-0.04368,0.04979,-0.07804,-0.04811,0.00,0.00,0.00,Neutra,0.00
0,26,45,-0.98155,-0.03569,-0.03501,-0.00962,-0.06261,-0.03375,0.00,0.00,0.00,Neutra,0.00
0,26,46,-0.98362,-0.02300,-0.02946,-0.00183,-0.09224,-0.05971,0.00,0.00,0.00,Neutra,0.00
0,26,47,-0.98021,-0.01824,-0.04965,0.01695,-0.08766,-0.05315,0.00,0.00,0.00,Neutra,0.00
0,26,48,-0.98131,-0.02775,-0.02879,-0.01710,-0.07239,-0.03910,0.00,0.00,0.00,Neutra,0.00
0,26,49,-0.96868,-0.02111,-0.03758,0.02718,-0.09331,-0.04398,0.00,0.00,0.00,Neutra,0.00
0,26,50,-0.99290,-0.01446,-0.02464,0.00122,-0.07544,-0.03009,0.00,0.00,0.00,Neutra,0.00
0,26,51,-0.99064,-0.00903,-0.03428,-0.00565,-0.04414,0.00153,0.00,0.00,0.00,Neutra,0.00
0,26,52,-0.99528,-0.01385,-0.04526,0.02123,-0.07162,-0.01848,0.00,0.00,0.00,Neutra,0.00
0,26,53,-0.98497,-0.01324,-0.04593,0.00382,-0.03879,-0.01054,0.00,0.00,0.00,Neutra,0.00
0,26,54,-0.99088,-0.01714,-0.03581,0.03024,-0.01649,-0.02245,0.00,0.00,0.00,Neutra,0.00
0,26,55,-0.98106,-0.00970,-0.02952,0.00947,-0.04887,-0.02611,0.00,0.00,0.00,Neutra,0.00
0,26,56,-0.97771,-0.00708,-0.04117,0.01405,-0.05483,-0.03146,0.00,0.00,0.00,Neutra,0.00
0,26,57,-0.97722,-0.00275,-0.02092,0.04948,-0.05513,-0.01665,0.00,0.00,0.00,Neutra,0.00
0,26,58,-0.98179,-0.01531,-0.03013,0.06536,-0.06888,-0.03574,0.00,0.00,0.00,Neutra,0.00
0,26,59,-0.98161,-0.02952,-0.03428,0.02932,-0.04963,-0.01161,0.00,0.00,0.00,Neutra,0.00
0,26,60,-0.98643,-0.02361,-0.03111,0.03833,-0.06124,-0.02306,0.00,0.00,0.00,Neutra,0.00
0,26,61,-0.99064,-0.02159,-0.03788,0.02596,-0.05910,-0.02505,0.00,0.00,0.00,Neutra,0.00
0,26,62,-0.97960,-0.01568,-0.02794,0.02352,-0.04505,-0.01665,0.00,0.00,0.00,Neutra,0.00
0,26,63,-0.97740,-0.01812,-0.04551,0.06109,-0.07697,-0.04062,0.00,0.00,0.00,Neutra,0.00
0,26,64,-0.97466,-0.02050,-0.03514,0.04688,-0.06246,-0.02474,0.00,0.00,0.00,Neutra,0.00
0,26,65,-0.97935,-0.00384,-0.03026,0.04734,-0.05376,-0.01726,0.00,0.00,0.00,Neutra,0.00
0,26,66,-0.97624,-0.02086,-0.02251,0.06490,-0.06643,-0.00932,0.00,0.00,0.00,Neutra,0.00
0,26,67,-0.97740,-0.01501,-0.05191,0.06949,-0.05605,-0.01390,0.00,0.00,0.00,Neutra,0.00
0,26,68,-0.98423,-0.02117,-0.03867,0.04719,-0.04276,0.01298,0.00,0.00,0.00,Neutra,0.00
0,26,69,-0.98259,-0.02330,-0.04154,0.07712,-0.05864,-0.02260,0.00,0.00,0.00,Neutra,0.00
0,26,70,-0.97850,-0.02544,-0.03129,0.04566,-0.03146,-0.00412,0.00,0.00,0.00,Neutra,0.00
0,26,71,-0.97472,-0.02373,-0.04026,0.05437,-0.04062,-0.01145,0.00,0.00,0.00,Neutra,0.00
0,26,72,-0.97289,-0.02507,-0.04075,0.07941,-0.05574,-0.01604,0.00,0.00,0.00,Neutra,0.00
0,26,73,-0.97130,-0.03105,-0.02013,0.05559,-0.03742,-0.00107,0.00,0.00,0.00,Neutra,0.00
0,26,74,-0.98527,-0.04429,-0.02629,0.05528,-0.03589,0.00061,0.00,0.00,0.00,Neutra,0.00
0,26,75,-0.97935,-0.04709,-0.03172,0.03925,-0.04887,-0.02489,0.00,0.00,0.00,Neutra,0.00
0,26,76,-0.98308,-0.03989,-0.00067,0.01069,-0.04246,-0.01726,0.00,0.00,0.00,Neutra,0.00
0,26,77,-0.97887,-0.03032,-0.02635,0.02214,-0.06796,-0.04688,0.00,0.00,0.00,Neutra,0.00
0,26,78,-0.97429,-0.02647,-0.04727,0.00489,-0.05070,-0.04398,0.00,0.00,0.00,Neutra,0.00
0,26,79,-0.97478,-0.03270,-0.02275,0.02001,-0.05620,-0.04276,0.00,0.00,0.00,Neutra,0.00
0,26,80,-0.97478,-0.03093,-0.02775,0.02810,-0.07972,-0.05574,0.00,0.00,0.00,Neutra,0.00
0,26,81,-0.98057,-0.01726,-0.02873,-0.00489,-0.05620,-0.03589,0.00,0.00,0.00,Neutra,0.00
0,26,82,-0.98552,-0.01220,-0.03245,0.01329,-0.05208,-0.01726,0.00,0.00,0.00,Neutra,0.00
0,26,83,-0.98600,-0.01555,-0.02782,0.02382,-0.05192,-0.02825,0.00,0.00,0.00,Neutra,0.00
0,26,84,-0.97716,-0.01714,-0.01928,0.01069,-0.04429,-0.01833,0.00,0.00,0.00,Neutra,0.00
0,26,85,-0.99528,-0.02196,-0.01818,0.02001,-0.03864,0.00321,0.00,0.00,0.00,Neutra,0.00
0,26,86,-0.97673,-0.02062,-0.03209,0.03390,-0.07346,-0.02779,0.00,0.00,0.00,Neutra,0.00
0,26,87,-0.98106,-0.01434,-0.02385,0.00733,-0.04154,-0.00702,0.00,0.00,0.00,Neutra,0.00
0,26,88,-0.97783,-0.02208,-0.01281,0.00748,-0.03726,-0.00825,0.00,0.00,0.00,Neutra,0.00
0,26,89,-0.97813,-0.03593,-0.03184,-0.00351,-0.04795,-0.03436,0.00,0.00,0.00,Neutra,0.00
0,26,90,-0.98118,-0.02727,-0.02653,-0.03070,-0.07789,-0.03711,0.00,0.00,0.00,Neutra,0.00
0,26,91,-0.98289,-0.00848,-0.03416,-0.00260,-0.07422,-0.06093,0.00,0.00,0.00,Neutra,0.00
0,26,92,-0.99009,-0.00323,-0.03392,-0.00962,-0.04963,-0.03222,0.00,0.00,0.00,Neutra,0.00
0,26,93,-0.98308,-0.00641,-0.03764,-0.00183,-0.04795,-0.02382,0.00,0.00,0.00,Neutra,0.00
0,26,94,-0.97966,-0.00732,-0.04008,0.01481,-0.06368,-0.03283,0.00,0.00,0.00,Neutra,0.00
0,26,95,-0.97277,-0.00677,-0.03569,-0.00916,-0.03238,-0.01023,0.00,0.00,0.00,Neutra,0.00
0,26,96,-0.97868,0.01110,-0.02086,0.00275,-0.04917,-0.01145,0.00,0.00,0.00,Neutra,0.00
0,26,97,-0.98259,-0.00732,-0.02361,0.02031,-0.07254,-0.04322,0.00,0.00,0.00,Neutra,0.00
0,26,98,-0.97881,-0.00305,-0.04203,0.00535,-0.04139,-0.03772,0.00,0.00,0.00,Neutra,0.00
0,26,99,-0.98161,-0.00037,-0.01519,0.01588,-0.04261,-0.03024,0.00,0.00,0.00,Neutra,0.00
0,26,100,-0.98399,0.00104,-0.02434,0.04581,-0.06292,-0.03910,0.00,0.00,0.00,Neutra,0.00
0,26,101,-0.98131,-0.00183,-0.01946,0.01359,-0.02566,-0.00489,0.00,0.00,0.00,Neutra,0.00
0,26,102,-0.98405,-0.00573,-0.01690,0.03589,-0.05574,-0.04398,0.00,0.00,0.00,Neutra,0.00
0,26,103,-0.98088,-0.00549,-0.01598,0.03589,-0.00260,-0.00779,0.00,0.00,0.00,Neutra,0.00
0,26,104,-0.97582,0.01177,-0.01989,0.03299,-0.04811,-0.01909,0.00,0.00,0.00,Neutra,0.00
0,26,105,-0.97911,-0.00543,-0.02306,0.05376,-0.06154,-0.02474,0.00,0.00,0.00,Neutra,0.00
0,26,106,-0.98234,-0.00793,-0.02836,0.02031,-0.02398,-0.02688,0.00,0.00,0.00,Neutra,0.00
0,26,107,-0.97911,-0.01360,-0.03019,0.03971,-0.04719,-0.03467,0.00,0.00,0.00,Neutra,0.00
0,26,108,-0.97344,-0.01147,-0.01909,0.03711,-0.05406,-0.04948,0.00,0.00,0.00,Neutra,0.00
0,26,109,-0.97240,-0.00201,-0.01690,0.02841,-0.04261,-0.02825,0.00,0.00,0.00,Neutra,0.00
0,26,110,-0.97246,-0.02196,-0.01818,0.02199,-0.03146,-0.03299,0.00,0.00,0.00,Neutra,0.00
0,26,111,-0.97447,-0.01946,-0.01739,0.04215,-0.10247,-0.06735,0.00,0.00,0.00,Neutra,0.00
0,26,112,-0.97203,-0.00775,-0.03056,0.00382,-0.04673,-0.01863,0.00,0.00,0.00,Neutra,0.00
0,26,113,-0.97191,0.00226,-0.02166,0.02291,-0.03803,-0.00489,0.00,0.00,0.00,Neutra,0.00
0,26,114,-0.97673,-0.00012,-0.02373,0.05513,-0.06124,-0.02001,0.00,0.00,0.00,Neutra,0.00
0,26,115,-0.98375,-0.00848,-0.01641,0.04551,-0.03650,0.00046,0.00,0.00,0.00,Neutra,0.00
0,26,116,-0.97313,-0.00903,-0.00714,0.06185,-0.05666,-0.00015,0.00,0.00,0.00,Neutra,0.00
0,26,117,-0.97295,-0.00891,-0.02733,0.05085,-0.05635,-0.01191,0.00,0.00,0.00,Neutra,0.00
0,26,118,-0.97325,-0.00396,-0.02202,0.00993,-0.04780,-0.00107,0.00,0.00,0.00,Neutra,0.00
0,26,119,-0.98161,-0.00659,-0.02599,0.07330,-0.07895,-0.03344,0.00,0.00,0.00,Neutra,0.00
0,26,120,-0.97917,-0.01647,-0.03263,0.04307,-0.04826,-0.01588,0.00,0.00,0.00,Neutra,0.00
0,26,121,-0.98094,-0.01128,-0.02409,0.05651,-0.05055,-0.01817,0.00,0.00,0.00,Neutra,0.00
0,26,122,-0.98497,-0.01251,-0.02611,0.05696,-0.05299,-0.02795,0.00,0.00,0.00,Neutra,0.00
0,26,123,-0.97637,-0.00586,-0.02782,0.04597,-0.04627,-0.02413,0.00,0.00,0.00,Neutra,0.00
0,26,124,-0.98106,-0.00976,-0.02775,0.05208,-0.05406,-0.02123,0.00,0.00,0.00,Neutra,0.00
0,26,125,-0.98350,-0.01348,-0.01629,0.05315,-0.06185,-0.02443,0.00,0.00,0.00,Neutra,0.00
0,26,126,-0.98021,-0.01482,-0.03575,0.04001,-0.05406,-0.02734,0.00,0.00,0.00,Neutra,0.00
0,26,127,-0.98674,-0.01403,-0.03038,0.04658,-0.05513,-0.02871,0.00,0.00,0.00,Neutra,0.00
0,26,128,-0.99186,-0.02098,-0.02635,0.05635,-0.06292,-0.04673,0.00,0.00,0.00,Neutra,0.00
0,26,129,-0.98497,-0.01873,-0.02318,0.02627,-0.02550,-0.03665,0.00,0.00,0.00,Neutra,0.00
0,26,130,-0.98301,-0.00958,-0.01562,0.04902,-0.05452,-0.05788,0.00,0.00,0.00,Neutra,0.00
0,26,131,-0.97996,-0.01080,-0.03770,0.04337,-0.04704,-0.05177,0.00,0.00,0.00,Neutra,0.00
0,26,132,-0.97673,-0.00958,-0.02342,0.03054,-0.03436,-0.04994,0.00,0.00,0.00,Neutra,0.00
0,26,133,-0.98216,-0.00470,-0.01653,0.06490,-0.06475,-0.05299,0.00,0.00,0.00,Neutra,0.00
0,26,134,-0.97698,-0.01061,-0.02422,0.06261,-0.04811,-0.02917,0.00,0.00,0.00,Neutra,0.00
0,26,135,-0.97740,-0.01458,-0.04923,0.04597,-0.02810,-0.00870,0.00,0.00,0.00,Neutra,0.00
0,26,136,-0.97917,-0.02172,-0.02440,0.07117,-0.06826,-0.04704,0.00,0.00,0.00,Neutra,0.00
0,26,137,-0.98009,-0.01513,-0.02855,0.01985,-0.02046,-0.02657,0.00,0.00,0.00,Neutra,0.00
0,26,138,-0.97746,-0.01318,-0.02672,0.03176,-0.03619,-0.04979,0.00,0.00,0.00,Neutra,0.00
0,26,139,-0.97820,-0.01122,-0.01879,0.06078,-0.06658,-0.07834,0.00,0.00,0.00,Neutra,0.00
0,26,140,-0.97966,-0.01769,-0.02190,0.03467,-0.04643,-0.06368,0.00,0.00,0.00,Neutra,0.00
0,26,141,-0.98936,-0.00665,-0.01458,0.07712,-0.07010,-0.06888,0.00,0.00,0.00,Neutra,0.00
0,26,142,-0.97063,-0.00494,-0.01610,0.04948,-0.05742,-0.05360,0.00,0.00,0.00,Neutra,0.00
0,26,143,-0.98271,-0.00573,-0.01781,0.04123,-0.04475,-0.02321,0.00,0.00,0.00,Neutra,0.00
0,26,144,-0.98619,-0.00994,-0.01580,0.05452,-0.02993,-0.01466,0.00,0.00,0.00,Neutra,0.00
0,26,145,-0.98594,-0.01464,-0.01128,0.05818,-0.04078,-0.01023,0.00,0.00,0.00,Neutra,0.00
0,26,146,-0.99991,-0.02294,-0.00891,0.02978,-0.01604,-0.00290,0.00,0.00,0.00,Neutra,0.00
0,26,147,-0.98893,-0.02373,-0.02452,0.06994,-0.04444,-0.04551,0.00,0.00,0.00,Neutra,0.00
0,26,148,-0.97917,-0.01842,-0.03202,0.02673,-0.02505,-0.03894,0.00,0.00,0.00,Neutra,0.00
0,26,149,-0.97960,-0.01165,-0.01281,0.02917,-0.03680,-0.04719,0.00,0.00,0.00,Neutra,0.00
0,26,150,-0.97527,-0.00885,-0.02483,0.06216,-0.06552,-0.05971,0.00,0.00,0.00,Neutra,0.00
0,26,151,-0.97185,-0.00830,-0.01848,0.03512,-0.04276,-0.03390,0.00,0.00,0.00,Neutra,0.00
0,26,152,-0.98448,-0.01507,-0.00799,0.02841,-0.03131,-0.02810,0.00,0.00,0.00,Neutra,0.00
0,26,153,-0.97881,-0.00220,-0.01244,0.04490,-0.04414,-0.04490,0.00,0.00,0.00,Neutra,0.00
0,26,154,-0.97649,-0.01183,-0.01604,0.02169,-0.02581,-0.04352,0.00,0.00,0.00,Neutra,0.00
0,26,155,-0.97234,-0.01690,-0.02678,0.02963,-0.04811,-0.04184,0.00,0.00,0.00,Neutra,0.00
0,26,156,-0.97283,-0.01366,-0.01891,0.03115,-0.04444,-0.05483,0.00,0.00,0.00,Neutra,0.00
0,26,157,-0.97698,-0.00744,-0.01897,0.00443,-0.03192,-0.03543,0.00,0.00,0.00,Neutra,0.00
0,26,158,-0.97277,0.00128,-0.02037,0.02413,-0.04979,-0.03635,0.00,0.00,0.00,Neutra,0.00
0,26,159,-0.97350,-0.00201,-0.01830,0.04475,-0.05635,-0.02825,0.00,0.00,0.00,Neutra,0.00
0,26,160,-0.97502,-0.01098,-0.02483,0.02779,-0.03344,-0.00031,0.00,0.00,0.00,Neutra,0.00
0,26,161,-0.97740,-0.01677,-0.02184,0.06826,-0.06552,-0.02917,0.00,0.00,0.00,Neutra,0.00
0,26,162,-0.97765,-0.01519,-0.03111,0.04276,-0.04902,-0.03024,0.00,0.00,0.00,Neutra,0.00
0,26,163,-0.98509,-0.01690,-0.03209,0.03314,-0.04459,-0.02566,0.00,0.00,0.00,Neutra,0.00
0,26,164,-0.98887,-0.01348,-0.02403,0.04108,-0.05544,-0.05712,0.00,0.00,0.00,Neutra,0.00
0,26,165,-0.97527,-0.01257,-0.01946,0.01374,-0.04383,-0.05834,0.00,0.00,0.00,Neutra,0.00
0,26,166,-0.97942,-0.00769,-0.03904,0.00932,-0.05452,-0.06048,0.00,0.00,0.00,Neutra,0.00
0,26,167,-0.97185,0.00366,-0.02294,0.02398,-0.03726,-0.03711,0.00,0.00,0.00,Neutra,0.00
0,26,168,-0.97966,0.00360,-0.02928,0.02795,-0.03879,-0.03726,0.00,0.00,0.00,Neutra,0.00
0,26,169,-0.97649,0.00146,-0.03032,0.01115,-0.02413,0.01023,0.00,0.00,0.00,Neutra,0.00
0,26,170,-0.98137,-0.00268,-0.02153,0.06826,-0.06353,-0.01619,0.00,0.00,0.00,Neutra,0.00
0,26,171,-0.98015,-0.00732,-0.02348,0.01894,-0.02153,0.00855,0.00,0.00,0.00,Neutra,0.00
0,26,172,-0.98716,-0.00714,-0.01135,0.05269,-0.03757,-0.02062,0.00,0.00,0.00,Neutra,0.00
0,26,173,-0.99625,-0.00994,-0.02830,0.05330,-0.06017,-0.04276,0.00,0.00,0.00,Neutra,0.00
0,26,174,-0.98131,-0.01153,-0.02300,0.02596,-0.03619,-0.03161,0.00,0.00,0.00,Neutra,0.00
0,26,175,-0.99107,-0.01726,-0.02538,0.06139,-0.08415,-0.07117,0.00,0.00,0.00,Neutra,0.00
0,26,176,-0.99009,-0.01726,-0.01415,0.02581,-0.04459,-0.02978,0.00,0.00,0.00,Neutra,0.00
0,26,177,-0.98716,-0.01360,-0.02373,0.03390,-0.04414,-0.04047,0.00,0.00,0.00,Neutra,0.00
0,26,178,-0.99003,-0.01159,-0.02324,0.05757,-0.05696,-0.06154,0.00,0.00,0.00,Neutra,0.00
0,26,179,-0.98789,-0.01141,-0.00988,0.02550,-0.02062,-0.03161,0.00,0.00,0.00,Neutra,0.00
0,26,180,-0.98448,-0.01494,-0.01604,0.03421,-0.02382,-0.03650,0.00,0.00,0.00,Neutra,0.00
0,26,181,-0.98057,-0.01696,-0.01177,0.05177,-0.04979,-0.05635,0.00,0.00,0.00,Neutra,0.00
0,26,182,-0.97893,-0.01049,-0.04270,0.02489,-0.03680,-0.03436,0.00,0.00,0.00,Neutra,0.00
0,26,183,-0.98271,-0.01171,-0.00458,0.03314,-0.00458,-0.03604,0.00,0.00,0.00,Neutra,0.00
0,26,184,-0.98405,-0.01171,-0.01781,0.03925,-0.04291,-0.06506,0.00,0.00,0.00,Neutra,0.00
0,26,185,-0.97881,-0.01928,-0.01452,0.02413,-0.01817,-0.02443,0.00,0.00,0.00,Neutra,0.00
0,26,186,-0.99826,-0.01653,-0.01635,0.03711,-0.03955,-0.02046,0.00,0.00,0.00,Neutra,0.00
0,26,187,-0.98478,-0.01342,-0.02324,0.03757,-0.03589,-0.04414,0.00,0.00,0.00,Neutra,0.00
0,26,188,-0.98918,-0.01244,-0.02025,0.01497,-0.02734,-0.04184,0.00,0.00,0.00,Neutra,0.00
0,26,189,-0.98600,-0.01440,-0.02830,0.06582,-0.06032,-0.07162,0.00,0.00,0.00,Neutra,0.00
0,26,190,-0.98301,-0.01629,-0.01903,0.02260,-0.03833,-0.04841,0.00,0.00,0.00,Neutra,0.00
0,26,191,-0.98021,-0.00866,-0.02147,0.01237,-0.02367,-0.03085,0.00,0.00,0.00,Neutra,0.00
0,26,192,-0.97496,-0.01177,-0.01982,0.03925,-0.04780,-0.05024,0.00,0.00,0.00,Neutra,0.00
0,26,193,-0.97874,-0.00750,-0.02824,0.00870,-0.00626,-0.01069,0.00,0.00,0.00,Neutra,0.00
0,26,194,-0.97765,-0.00329,-0.01964,0.02459,-0.03833,-0.01451,0.00,0.00,0.00,Neutra,0.00
0,26,195,-0.97679,-0.00921,-0.02117,0.04933,-0.05712,-0.03635,0.00,0.00,0.00,Neutra,0.00
0,26,196,-0.97472,-0.00750,-0.01507,0.02474,-0.02841,-0.02734,0.00,0.00,0.00,Neutra,0.00
0,26,197,-0.97942,-0.02733,-0.01671,0.02856,-0.03222,-0.02764,0.00,0.00,0.00,Neutra,0.00
0,26,198,-0.97307,-0.01342,-0.01665,0.05498,-0.06338,-0.05834,0.00,0.00,0.00,Neutra,0.00
0,26,199,-0.98228,-0.01110,-0.01305,0.00199,-0.00748,-0.02169,0.00,0.00,0.00,Neutra,0.00
0,26,200,-0.98570,-0.01616,-0.01488,0.02596,-0.03711,-0.05024,0.00,0.00,0.00,Neutra,0.00
0,27,1,-0.98234,-0.03867,-0.07375,0.00702,0.00031,0.00519,0.00,0.00,0.00,adelante,0.25
0,27,2,-0.97075,-0.03855,-0.07351,0.04337,-0.02107,-0.00367,0.00,0.00,0.00,adelante,0.25
0,27,3,-0.96966,-0.06027,-0.07125,0.05269,-0.03803,-0.00977,0.00,0.00,0.00,adelante,0.25
0,27,4,-0.97136,-0.04185,-0.07241,0.02413,-0.02092,-0.01527,0.00,0.00,0.00,adelante,0.25
0,27,5,-0.96923,-0.04764,-0.06240,0.03696,-0.04215,-0.01955,0.00,0.00,0.00,adelante,0.25
0,27,6,-0.97691,-0.05191,-0.07088,0.06597,-0.07514,-0.06246,0.00,0.00,0.00,adelante,0.25
0,27,7,-0.98326,-0.05411,-0.07509,0.00672,-0.01054,-0.03115,0.00,0.00,0.00,adelante,0.25
0,27,8,-0.98204,-0.04715,-0.06978,0.02734,-0.06261,-0.00794,0.00,0.00,0.00,adelante,0.25
0,27,9,-0.98777,-0.03764,-0.07070,0.02596,-0.04352,-0.03268,0.00,0.00,0.00,adelante,0.25
0,27,10,-0.99162,-0.03819,-0.05948,0.02245,-0.03955,-0.02673,0.00,0.00,0.00,adelante,0.25
0,27,11,-0.99772,-0.03758,-0.07363,0.03680,-0.05788,-0.05742,0.00,0.00,0.00,adelante,0.25
0,27,12,-0.98741,-0.03093,-0.07100,0.01604,-0.03406,-0.03803,0.00,0.00,0.00,adelante,0.25
0,27,13,-0.99595,-0.01641,-0.06527,0.01802,-0.01313,-0.03054,0.00,0.00,0.00,adelante,0.25
0,27,14,-0.98344,-0.03623,-0.07692,0.03803,-0.02734,-0.03833,0.00,0.00,0.00,adelante,0.25
0,27,15,-0.98234,-0.03459,-0.06917,-0.00489,0.01787,0.00137,0.00,0.00,0.00,adelante,0.25
0,27,16,-0.97521,-0.02775,-0.05905,0.03024,-0.02856,-0.02169,0.00,0.00,0.00,adelante,0.25
0,27,17,-0.98253,-0.02824,-0.06789,0.02917,-0.03253,-0.04536,0.00,0.00,0.00,adelante,0.25
0,27,18,-0.97643,-0.03007,-0.07838,-0.00260,0.00443,-0.03910,0.00,0.00,0.00,adelante,0.25
0,27,19,-0.97594,-0.03080,-0.07588,0.03711,-0.01955,-0.05620,0.00,0.00,0.00,adelante,0.25
0,27,20,-0.96837,-0.03044,-0.06686,0.04001,-0.02566,-0.06689,0.00,0.00,0.00,adelante,0.25
0,27,21,-0.96118,-0.02690,-0.05923,0.03604,-0.02306,-0.04444,0.00,0.00,0.00,adelante,0.25
0,27,22,-0.97301,-0.03093,-0.06320,0.01344,-0.02092,-0.03344,0.00,0.00,0.00,adelante,0.25
0,27,23,-0.96661,-0.02904,-0.08345,0.04123,-0.03024,-0.03467,0.00,0.00,0.00,adelante,0.25
0,27,24,-0.97155,-0.03068,-0.06911,0.05315,-0.02673,-0.02856,0.00,0.00,0.00,adelante,0.25
0,27,25,-0.96606,-0.03959,-0.07405,0.07162,-0.03726,-0.04032,0.00,0.00,0.00,adelante,0.25
0,27,26,-0.96654,-0.04154,-0.09638,0.05253,-0.02886,-0.07285,0.00,0.00,0.00,adelante,0.25
0,27,27,-0.96795,-0.04111,-0.07143,0.05131,-0.04368,-0.04719,0.00,0.00,0.00,adelante,0.25
0,27,28,-0.96130,-0.04081,-0.06618,0.06613,-0.05788,-0.04078,0.00,0.00,0.00,adelante,0.25
0,27,29,-0.95983,-0.04252,-0.07222,0.02214,-0.01894,-0.00214,0.00,0.00,0.00,adelante,0.25
0,27,30,-0.96532,-0.04081,-0.07107,0.05253,-0.07376,-0.04291,0.00,0.00,0.00,adelante,0.25
0,27,31,-0.97454,-0.05020,-0.07332,0.05483,-0.06582,-0.07391,0.00,0.00,0.00,adelante,0.25
0,27,32,-0.98027,-0.04185,-0.07564,0.03131,-0.04230,-0.01527,0.00,0.00,0.00,adelante,0.25
0,27,33,-0.99393,-0.04709,-0.06002,0.05192,-0.01130,-0.00535,0.00,0.00,0.00,adelante,0.25
0,27,34,-0.98131,-0.05301,-0.07960,0.06582,-0.06796,-0.03848,0.00,0.00,0.00,adelante,0.25
0,27,35,-0.98619,-0.04849,-0.06460,0.02795,-0.04093,-0.02413,0.00,0.00,0.00,adelante,0.25
0,27,36,-0.98332,-0.04691,-0.04837,0.04795,-0.04612,-0.00809,0.00,0.00,0.00,adelante,0.25
0,27,37,-0.97478,-0.04953,-0.07826,0.02978,-0.03619,-0.03238,0.00,0.00,0.00,adelante,0.25
0,27,38,-0.98552,-0.05283,-0.08082,0.02886,-0.02596,-0.02321,0.00,0.00,0.00,adelante,0.25
0,27,39,-0.97874,-0.04947,-0.06332,0.04979,-0.04856,-0.05131,0.00,0.00,0.00,adelante,0.25
0,27,40,-0.97813,-0.04935,-0.07052,0.00626,-0.03360,-0.02795,0.00,0.00,0.00,adelante,0.25
0,27,41,-0.97576,-0.05319,-0.06710,0.02795,-0.04307,-0.02642,0.00,0.00,0.00,adelante,0.25
0,27,42,-0.97429,-0.05087,-0.07283,0.02596,-0.05040,-0.04673,0.00,0.00,0.00,adelante,0.25
0,27,43,-0.97563,-0.05014,-0.06649,0.00947,-0.03574,-0.03253,0.00,0.00,0.00,adelante,0.25
0,27,44,-0.97923,-0.05545,-0.06808,0.02001,-0.05253,-0.05589,0.00,0.00,0.00,adelante,0.25
0,27,45,-0.98375,-0.04886,-0.06875,0.01161,-0.06445,-0.05040,0.00,0.00,0.00,adelante,0.25
0,27,46,-0.99936,-0.04282,-0.06759,-0.00993,-0.04780,-0.02917,0.00,0.00,0.00,adelante,0.25
0,27,47,-0.99772,-0.04331,-0.06503,0.00473,-0.05635,-0.03726,0.00,0.00,0.00,adelante,0.25
0,27,48,-0.99741,-0.04410,-0.06820,0.00565,-0.06017,-0.03574,0.00,0.00,0.00,adelante,0.25
0,27,49,-0.99210,-0.04557,-0.07351,-0.02581,-0.01222,-0.01466,0.00,0.00,0.00,adelante,0.25
0,27,50,-0.99155,-0.04788,-0.05630,0.00168,-0.03375,-0.02795,0.00,0.00,0.00,adelante,0.25
0,27,51,-0.98015,-0.04526,-0.05838,-0.01008,-0.07590,-0.04414,0.00,0.00,0.00,adelante,0.25
0,27,52,-0.97447,-0.04191,-0.07314,-0.01741,-0.04230,-0.02566,0.00,0.00,0.00,adelante,0.25
0,27,53,-0.95044,-0.02129,-0.05252,-0.00718,-0.09789,-0.03665,0.00,0.00,0.00,adelante,0.25
0,27,54,-0.92647,-0.01464,-0.04093,-0.03344,-0.11591,0.02092,0.00,0.00,0.00,adelante,0.25
0,27,55,-0.93617,-0.00396,-0.03184,-0.01817,-0.18036,0.06857,0.00,0.00,0.00,adelante,0.25
0,27,56,-0.96087,0.00647,-0.05923,0.02153,-0.21304,0.08109,0.00,0.00,0.00,adelante,0.25
0,27,57,-0.99747,-0.01318,-0.07936,0.03222,-0.18250,0.08537,0.00,0.00,0.00,adelante,0.25
0,27,58,-1.01632,-0.01006,-0.07125,0.11606,-0.17104,0.03100,0.00,0.00,0.00,adelante,0.25
0,27,59,-0.98594,-0.01214,-0.05972,0.09484,-0.16035,-0.01985,0.00,0.00,0.00,adelante,0.25
0,27,60,-0.98838,-0.01299,-0.05758,0.07850,-0.14050,-0.03207,0.00,0.00,0.00,adelante,0.25
0,27,61,-0.97649,-0.00842,-0.03709,0.08109,-0.15821,-0.04001,0.00,0.00,0.00,adelante,0.25
0,27,62,-0.95471,0.00311,-0.03703,0.07376,-0.15882,-0.03406,0.00,0.00,0.00,adelante,0.25
0,27,63,-0.95148,0.00329,-0.04142,0.11576,-0.23091,0.00641,0.00,0.00,0.00,adelante,0.25
0,27,64,-0.95715,0.02251,-0.00897,0.10431,-0.25901,0.04673,0.00,0.00,0.00,adelante,0.25
0,27,65,-0.94843,0.02257,-0.03569,0.11744,-0.28497,0.08842,0.00,0.00,0.00,adelante,0.25
0,27,66,-0.95520,0.01909,-0.02635,0.16554,-0.34376,0.08644,0.00,0.00,0.00,adelante,0.25
0,27,67,-0.94770,0.01543,-0.01116,0.21777,-0.38210,0.09178,0.00,0.00,0.00,adelante,0.25
0,27,68,-0.94282,0.01208,-0.03117,0.20861,-0.42180,0.10751,0.00,0.00,0.00,adelante,0.25
0,27,69,-0.95868,0.00610,-0.00994,0.25351,-0.46701,0.08766,0.00,0.00,0.00,adelante,0.25
0,27,70,-0.96813,-0.00372,-0.01470,0.29428,-0.50442,0.09026,0.00,0.00,0.00,adelante,0.25
0,27,71,-0.95495,-0.02202,-0.01092,0.25443,-0.49037,0.10324,0.00,0.00,0.00,adelante,0.25
0,27,72,-0.95697,-0.03526,-0.00836,0.24771,-0.55039,0.07789,0.00,0.00,0.00,adelante,0.25
0,27,73,-0.97149,-0.02928,0.00500,0.21991,-0.57360,0.06445,0.00,0.00,0.00,adelante,0.25
0,27,74,-0.98643,-0.03300,-0.01153,0.21182,-0.56047,0.04062,0.00,0.00,0.00,adelante,0.25
0,27,75,-1.00449,-0.05106,-0.00567,0.19761,-0.56077,-0.02581,0.00,0.00,0.00,adelante,0.25
0,27,76,-1.01943,-0.05783,0.00787,0.22633,-0.54993,-0.11255,0.00,0.00,0.00,adelante,0.25
0,27,77,-1.00729,-0.04429,-0.00592,0.16661,-0.51710,-0.14737,0.00,0.00,0.00,adelante,0.25
0,27,78,-0.98741,-0.03239,0.01745,0.17028,-0.52168,-0.16325,0.00,0.00,0.00,adelante,0.25
0,27,79,-0.97057,-0.03032,0.01427,0.16066,-0.52015,-0.14997,0.00,0.00,0.00,adelante,0.25
0,27,80,-0.97569,-0.07418,0.01800,0.15959,-0.53130,-0.18723,0.00,0.00,0.00,adelante,0.25
0,27,81,-0.98552,-0.11212,0.02257,0.13179,-0.56307,-0.27397,0.00,0.00,0.00,adelante,0.25
0,27,82,-0.97374,-0.11303,0.04825,0.03390,-0.57879,-0.35858,0.00,0.00,0.00,adelante,0.25
0,27,83,-0.95715,-0.08461,0.04349,-0.02550,-0.63744,-0.41035,0.00,0.00,0.00,adelante,0.25
0,27,84,-0.94117,-0.04886,0.07290,-0.05345,-0.69746,-0.45998,0.00,0.00,0.00,adelante,0.25
0,27,85,-0.95471,-0.02580,0.05923,-0.08598,-0.69837,-0.39019,0.00,0.00,0.00,adelante,0.25
0,27,86,-0.97332,-0.02355,0.07259,-0.07880,-0.70051,-0.32009,0.00,0.00,0.00,adelante,0.25
0,28,1,-0.97691,-0.03062,-0.12895,0.05910,-0.06002,-0.04505,0.00,0.00,0.00,adelante,0.50
0,28,2,-0.97039,-0.02769,-0.11431,0.04230,-0.03940,-0.03940,0.00,0.00,0.00,adelante,0.50
0,28,3,-0.97826,-0.02599,-0.12596,0.03161,-0.03375,-0.02917,0.00,0.00,0.00,adelante,0.50
0,28,4,-0.97740,-0.04459,-0.11712,0.04291,-0.04047,-0.04078,0.00,0.00,0.00,adelante,0.50
0,28,5,-0.97551,-0.02940,-0.11999,0.01298,-0.01313,-0.03192,0.00,0.00,0.00,adelante,0.50
0,28,6,-0.97258,-0.02855,-0.10309,0.03406,-0.03543,-0.02596,0.00,0.00,0.00,adelante,0.50
0,28,7,-0.97173,-0.02684,-0.11529,0.02611,-0.03696,-0.03696,0.00,0.00,0.00,adelante,0.50
0,28,8,-0.97966,-0.03331,-0.12352,0.02214,-0.06384,-0.02642,0.00,0.00,0.00,adelante,0.50
0,28,9,-0.97423,-0.04252,-0.11785,0.04139,-0.05070,-0.00840,0.00,0.00,0.00,adelante,0.50
0,28,10,-0.98064,-0.02721,-0.12444,0.02169,-0.02871,-0.03176,0.00,0.00,0.00,adelante,0.50
0,28,11,-0.97179,-0.02409,-0.11322,0.02749,-0.02581,-0.04505,0.00,0.00,0.00,adelante,0.50
0,28,12,-0.96166,-0.02068,-0.11682,0.03665,-0.04490,-0.05085,0.00,0.00,0.00,adelante,0.50
0,28,13,-0.95685,-0.02147,-0.11785,0.03009,-0.04383,-0.03451,0.00,0.00,0.00,adelante,0.50
0,28,14,-0.96819,-0.02635,-0.11614,0.02245,-0.04520,-0.02825,0.00,0.00,0.00,adelante,0.50
0,28,15,-0.97100,-0.02452,-0.11328,0.03070,-0.06521,-0.03604,0.00,0.00,0.00,adelante,0.50
0,28,16,-0.97813,-0.02166,-0.12517,0.00535,-0.03314,-0.01970,0.00,0.00,0.00,adelante,0.50
0,28,17,-0.98137,-0.01732,-0.11346,0.02199,-0.03574,-0.03864,0.00,0.00,0.00,adelante,0.50
0,28,18,-0.97911,-0.01848,-0.11376,0.03757,-0.05559,-0.05788,0.00,0.00,0.00,adelante,0.50
0,28,19,-0.97472,-0.01812,-0.11279,0.01237,-0.02902,-0.07117,0.00,0.00,0.00,adelante,0.50
0,28,20,-0.97966,-0.01842,-0.12237,0.04902,-0.06949,-0.06765,0.00,0.00,0.00,adelante,0.50
0,28,21,-0.97411,-0.02312,-0.12413,0.04643,-0.05589,-0.05070,0.00,0.00,0.00,adelante,0.50
0,28,22,-0.97746,-0.01964,-0.11889,0.02123,-0.02520,-0.01268,0.00,0.00,0.00,adelante,0.50
0,28,23,-0.99137,-0.02916,-0.10596,0.04368,-0.05238,-0.03650,0.00,0.00,0.00,adelante,0.50
0,28,24,-0.98259,-0.02690,-0.12847,0.02245,-0.02932,-0.04307,0.00,0.00,0.00,adelante,0.50
0,28,25,-0.98503,-0.02257,-0.11041,0.00565,-0.01252,-0.02184,0.00,0.00,0.00,adelante,0.50
0,28,26,-0.97594,-0.02519,-0.11730,0.05605,-0.03589,-0.04749,0.00,0.00,0.00,adelante,0.50
0,28,27,-0.97673,-0.02440,-0.12901,0.03299,-0.02764,-0.05238,0.00,0.00,0.00,adelante,0.50
0,28,28,-0.97380,-0.02037,-0.11578,0.03131,-0.02138,-0.03512,0.00,0.00,0.00,adelante,0.50
0,28,29,-0.97258,-0.02275,-0.11755,0.05467,-0.04902,-0.05376,0.00,0.00,0.00,adelante,0.50
0,28,30,-0.96892,-0.02245,-0.10754,0.01955,-0.02138,-0.02932,0.00,0.00,0.00,adelante,0.50
0,28,31,-0.96642,-0.01836,-0.12127,0.03406,-0.03344,-0.04276,0.00,0.00,0.00,adelante,0.50
0,28,32,-0.96453,-0.02190,-0.12969,0.04261,-0.04627,-0.07773,0.00,0.00,0.00,adelante,0.50
0,28,33,-0.96227,-0.01458,-0.12383,0.01023,-0.04581,-0.03925,0.00,0.00,0.00,adelante,0.50
0,28,34,-0.97722,-0.01629,-0.11700,0.02443,-0.02871,-0.01634,0.00,0.00,0.00,adelante,0.50
0,28,35,-0.96404,-0.00085,-0.12316,0.01863,-0.01909,-0.01466,0.00,0.00,0.00,adelante,0.50
0,28,36,-0.97691,-0.01238,-0.11791,0.01665,-0.03207,-0.02611,0.00,0.00,0.00,adelante,0.50
0,28,37,-0.97081,-0.01336,-0.11816,0.04429,-0.04536,-0.02214,0.00,0.00,0.00,adelante,0.50
0,28,38,-0.96593,-0.01897,-0.13707,0.03528,-0.02627,-0.01970,0.00,0.00,0.00,adelante,0.50
0,28,39,-0.97478,-0.03123,-0.11785,0.03589,-0.02902,-0.03314,0.00,0.00,0.00,adelante,0.50
0,28,40,-0.96966,-0.02733,-0.11828,0.06781,-0.06704,-0.01023,0.00,0.00,0.00,adelante,0.50
0,28,41,-0.97612,-0.02708,-0.11932,0.07743,-0.04719,-0.03070,0.00,0.00,0.00,adelante,0.50
0,28,42,-0.97258,-0.02617,-0.12212,0.01649,-0.03222,-0.02596,0.00,0.00,0.00,adelante,0.50
0,28,43,-0.96593,-0.02641,-0.11822,0.05162,-0.06582,-0.05589,0.00,0.00,0.00,adelante,0.50
0,28,44,-0.95959,-0.02373,-0.12627,0.01985,-0.03971,-0.03604,0.00,0.00,0.00,adelante,0.50
0,28,45,-0.98112,-0.02385,-0.12505,0.00565,-0.05162,-0.04108,0.00,0.00,0.00,adelante,0.50
0,28,46,-0.97112,-0.02843,-0.11273,0.07422,-0.06689,-0.03436,0.00,0.00,0.00,adelante,0.50
0,28,47,-0.96966,-0.02129,-0.12871,0.01451,-0.03971,-0.02810,0.00,0.00,0.00,adelante,0.50
0,28,48,-0.98112,-0.02281,-0.11389,0.03207,-0.05528,-0.03131,0.00,0.00,0.00,adelante,0.50
0,28,49,-0.97545,-0.01751,-0.11938,0.03910,-0.05223,-0.03619,0.00,0.00,0.00,adelante,0.50
0,28,50,-0.97380,-0.02452,-0.12182,0.02657,-0.03283,-0.03115,0.00,0.00,0.00,adelante,0.50
0,28,51,-0.97191,-0.03032,-0.12316,0.01894,-0.03283,-0.03344,0.00,0.00,0.00,adelante,0.50
0,28,52,-0.96911,-0.02751,-0.11297,0.03879,-0.05544,-0.06720,0.00,0.00,0.00,adelante,0.50
0,28,53,-0.97088,-0.03013,-0.10962,0.01359,-0.04612,-0.04062,0.00,0.00,0.00,adelante,0.50
0,28,54,-0.97283,-0.02367,-0.12133,0.00367,-0.07346,-0.06078,0.00,0.00,0.00,adelante,0.50
0,28,55,-0.95861,-0.01793,-0.12249,0.00947,-0.05437,-0.04215,0.00,0.00,0.00,adelante,0.50
0,28,56,-0.97283,-0.01659,-0.12426,0.02077,-0.04719,-0.03375,0.00,0.00,0.00,adelante,0.50
0,28,57,-0.96868,-0.01684,-0.12029,0.05467,-0.05513,-0.04200,0.00,0.00,0.00,adelante,0.50
0,28,58,-0.97051,-0.01647,-0.12956,0.02642,-0.04505,-0.02153,0.00,0.00,0.00,adelante,0.50
0,28,59,-0.97917,-0.01830,-0.11322,0.00779,-0.04307,-0.02245,0.00,0.00,0.00,adelante,0.50
0,28,60,-0.97179,-0.01720,-0.10956,0.04078,-0.06811,-0.02902,0.00,0.00,0.00,adelante,0.50
0,28,61,-0.96331,-0.01342,-0.11078,0.01863,-0.04780,-0.00137,0.00,0.00,0.00,adelante,0.50
0,28,62,-0.95971,-0.00555,-0.10321,0.05574,-0.08858,-0.01176,0.00,0.00,0.00,adelante,0.50
0,28,63,-0.95837,0.00000,-0.11645,0.06628,-0.11225,0.02123,0.00,0.00,0.00,adelante,0.50
0,28,64,-0.98350,0.00311,-0.10108,0.08460,-0.13210,0.03879,0.00,0.00,0.00,adelante,0.50
0,28,65,-0.96154,0.00671,-0.08991,0.09209,-0.13485,0.07376,0.00,0.00,0.00,adelante,0.50
0,28,66,-0.94355,-0.01635,-0.11639,0.08170,-0.18097,0.08858,0.00,0.00,0.00,adelante,0.50
0,28,67,-0.97380,-0.04038,-0.11517,0.06903,-0.17501,0.02245,0.00,0.00,0.00,adelante,0.50
0,28,68,-0.98765,-0.03343,-0.12291,0.07453,-0.20601,-0.06933,0.00,0.00,0.00,adelante,0.50
0,28,69,-0.99003,-0.03343,-0.14506,0.06628,-0.17791,-0.10705,0.00,0.00,0.00,adelante,0.50
0,28,70,-0.95910,-0.03593,-0.10522,0.04246,-0.16066,-0.14905,0.00,0.00,0.00,adelante,0.50
0,28,71,-0.94983,-0.01446,-0.08882,0.02932,-0.19395,-0.17410,0.00,0.00,0.00,adelante,0.50
0,28,72,-0.92659,0.01110,-0.08558,0.03207,-0.23305,-0.14722,0.00,0.00,0.00,adelante,0.50
0,28,73,-0.89755,0.03843,-0.06618,0.03940,-0.32086,-0.10201,0.00,0.00,0.00,adelante,0.50
0,28,74,-0.91793,0.05087,-0.07893,0.08690,-0.37446,-0.03635,0.00,0.00,0.00,adelante,0.50
0,28,75,-0.91714,0.05374,-0.09437,0.12706,-0.41798,0.05467,0.00,0.00,0.00,adelante,0.50
0,28,76,-0.96691,0.00592,-0.08272,0.17471,-0.45647,0.13943,0.00,0.00,0.00,adelante,0.50
0,28,77,-0.98234,0.00939,-0.10035,0.20892,-0.45036,0.10522,0.00,0.00,0.00,adelante,0.50
0,28,78,-1.00674,0.00744,-0.10498,0.20861,-0.39996,0.06979,0.00,0.00,0.00,adelante,0.50
0,28,79,-1.00095,-0.01263,-0.08650,0.22938,-0.38332,0.03665,0.00,0.00,0.00,adelante,0.50
0,28,80,-0.98155,-0.00958,-0.08595,0.25107,-0.37538,-0.02138,0.00,0.00,0.00,adelante,0.50
0,28,81,-0.96661,-0.01732,-0.07149,0.21732,-0.36850,-0.04032,0.00,0.00,0.00,adelante,0.50
0,28,82,-0.95739,-0.01848,-0.05783,0.22556,-0.42379,-0.06109,0.00,0.00,0.00,adelante,0.50
0,28,83,-0.95544,0.00628,-0.05215,0.21166,-0.43448,-0.02459,0.00,0.00,0.00,adelante,0.50
0,28,84,-0.93617,0.00555,-0.06686,0.23915,-0.47342,-0.00916,0.00,0.00,0.00,adelante,0.50
0,28,85,-0.92659,0.02135,-0.03099,0.28390,-0.54581,0.00611,0.00,0.00,0.00,adelante,0.50
0,28,86,-0.92866,0.02391,-0.04313,0.27413,-0.54168,0.06720,0.00,0.00,0.00,adelante,0.50
0,28,87,-0.98381,-0.00903,-0.07771,0.32681,-0.55604,0.06567,0.00,0.00,0.00,adelante,0.50
0,28,88,-1.00497,-0.04996,-0.05130,0.32315,-0.52855,-0.00764,0.00,0.00,0.00,adelante,0.50
0,28,89,-1.00906,-0.07710,-0.05033,0.27779,-0.50748,-0.10965,0.00,0.00,0.00,adelante,0.50
0,28,90,-1.00070,-0.06155,-0.02800,0.16860,-0.48029,-0.10537,0.00,0.00,0.00,adelante,0.50
0,28,91,-0.96886,-0.04191,-0.00927,0.18219,-0.47693,-0.14111,0.00,0.00,0.00,adelante,0.50
0,28,92,-0.97246,-0.02830,0.00043,0.15531,-0.48258,-0.14661,0.00,0.00,0.00,adelante,0.50
0,28,93,-0.97698,-0.01537,-0.00201,0.16829,-0.48197,-0.11500,0.00,0.00,0.00,adelante,0.50
0,28,94,-0.97673,-0.02745,0.01342,0.18830,-0.51343,-0.12431,0.00,0.00,0.00,adelante,0.50
0,28,95,-0.98924,-0.01031,0.00458,0.16280,-0.50961,-0.06429,0.00,0.00,0.00,adelante,0.50
0,28,96,-0.99570,-0.00439,0.01305,0.21487,-0.54062,-0.04047,0.00,0.00,0.00,adelante,0.50
0,28,97,-0.98161,0.01122,0.00683,0.25305,-0.54840,0.00229,0.00,0.00,0.00,adelante,0.50
0,28,98,-0.97240,0.00079,0.01995,0.26939,-0.52137,0.06231,0.00,0.00,0.00,adelante,0.50
0,28,99,-0.96502,-0.01848,0.01879,0.32376,-0.57574,0.07422,0.00,0.00,0.00,adelante,0.50
0,28,100,-0.96362,-0.01165,0.01501,0.31597,-0.58353,0.09988,0.00,0.00,0.00,adelante,0.50
0,28,101,-0.98771,-0.03001,0.01897,0.31475,-0.57635,0.10156,0.00,0.00,0.00,adelante,0.50
0,28,102,-1.01083,-0.04874,0.00945,0.29658,-0.54978,0.05712,0.00,0.00,0.00,adelante,0.50
0,28,103,-1.01425,-0.08827,0.01068,0.26832,-0.51160,-0.02978,0.00,0.00,0.00,adelante,0.50
0,28,104,-1.01162,-0.08381,0.03404,0.14890,-0.46792,-0.09255,0.00,0.00,0.00,adelante,0.50
0,28,105,-1.00693,-0.06997,0.03184,0.09331,-0.45280,-0.17929,0.00,0.00,0.00,adelante,0.50
0,28,106,-0.97783,-0.04148,0.05258,0.04184,-0.44303,-0.23243,0.00,0.00,0.00,adelante,0.50
0,28,107,-0.96935,-0.00775,0.05008,0.06781,-0.45754,-0.25626,0.00,0.00,0.00,adelante,0.50
0,28,108,-0.95965,-0.00134,0.06161,0.07804,-0.42715,-0.20571,0.00,0.00,0.00,adelante,0.50
0,28,109,-0.96038,0.00762,0.05948,0.10644,-0.49816,-0.19196,0.00,0.00,0.00,adelante,0.50
0,28,110,-0.96447,0.01080,0.06765,0.15104,-0.47739,-0.13286,0.00,0.00,0.00,adelante,0.50
0,28,111,-0.96746,-0.00134,0.04447,0.17410,-0.45601,-0.05070,0.00,0.00,0.00,adelante,0.50
0,28,112,-0.97356,-0.01690,0.05685,0.19853,-0.45677,0.00076,0.00,0.00,0.00,adelante,0.50
0,28,113,-0.98423,-0.03910,0.07271,0.21105,-0.46349,0.03467,0.00,0.00,0.00,adelante,0.50
0,28,114,-0.97868,-0.04209,0.06704,0.17746,-0.44670,0.04200,0.00,0.00,0.00,adelante,0.50
0,28,115,-0.98655,-0.05423,0.07814,0.17181,-0.43295,0.06643,0.00,0.00,0.00,adelante,0.50
0,28,116,-0.97527,-0.05453,0.08754,0.12065,-0.41844,0.04505,0.00,0.00,0.00,adelante,0.50
0,28,117,-0.96764,-0.05106,0.08577,0.11881,-0.38882,-0.01298,0.00,0.00,0.00,adelante,0.50
0,28,118,-0.98094,-0.05289,0.09900,0.09392,-0.37324,-0.03940,0.00,0.00,0.00,adelante,0.50
0,28,119,-0.97423,-0.04483,0.11309,0.10660,-0.38668,-0.10996,0.00,0.00,0.00,adelante,0.50
0,28,120,-0.98533,-0.06240,0.10724,0.06154,-0.39111,-0.15287,0.00,0.00,0.00,adelante,0.50
0,28,121,-1.00089,-0.04160,0.11389,0.02153,-0.37965,-0.14080,0.00,0.00,0.00,adelante,0.50
0,28,122,-1.01333,-0.03440,0.10888,0.00244,-0.36805,-0.11515,0.00,0.00,0.00,adelante,0.50
0,28,123,-0.98253,-0.02739,0.10834,-0.03176,-0.31826,-0.04566,0.00,0.00,0.00,adelante,0.50
0,28,124,-0.98009,-0.02605,0.12889,-0.01176,-0.31796,-0.00657,0.00,0.00,0.00,adelante,0.50
0,28,125,-0.96941,-0.01824,0.13170,-0.01191,-0.32712,-0.03375,0.00,0.00,0.00,adelante,0.50
0,28,126,-0.98015,-0.01049,0.11932,-0.02001,-0.31704,0.02673,0.00,0.00,0.00,adelante,0.50
0,28,127,-0.99473,-0.01202,0.11071,0.02077,-0.34606,0.01023,0.00,0.00,0.00,adelante,0.50
0,28,128,-0.99430,-0.00329,0.11553,0.01374,-0.30223,0.03650,0.00,0.00,0.00,adelante,0.50
0,28,129,-0.99759,-0.01122,0.12401,0.03680,-0.24984,0.02978,0.00,0.00,0.00,adelante,0.50
0,28,130,-0.99448,-0.01525,0.13231,0.08048,-0.25885,-0.01069,0.00,0.00,0.00,adelante,0.50
0,28,131,-0.96374,-0.02971,0.11029,0.05483,-0.23808,-0.03650,0.00,0.00,0.00,adelante,0.50
0,28,132,-0.95861,-0.02849,0.15854,0.04047,-0.25840,-0.03100,0.00,0.00,0.00,adelante,0.50
0,28,133,-0.95788,-0.02727,0.14890,0.02489,-0.26771,-0.01313,0.00,0.00,0.00,adelante,0.50
0,28,134,-0.96563,-0.01928,0.15250,-0.02077,-0.25626,-0.05299,0.00,0.00,0.00,adelante,0.50
0,28,135,-0.97704,-0.02971,0.13688,-0.02474,-0.26466,-0.06475,0.00,0.00,0.00,adelante,0.50
0,28,136,-0.97960,-0.03141,0.16848,-0.03039,-0.29276,-0.12370,0.00,0.00,0.00,adelante,0.50
0,28,137,-0.97283,-0.01720,0.15049,-0.07957,-0.26450,-0.11316,0.00,0.00,0.00,adelante,0.50
0,28,138,-0.96404,0.00030,0.14854,-0.03085,-0.29978,-0.13744,0.00,0.00,0.00,adelante,0.50
0,28,139,-0.95483,-0.00421,0.17074,0.02428,-0.32315,-0.13821,0.00,0.00,0.00,adelante,0.50
0,28,140,-0.94709,-0.02074,0.17422,0.00504,-0.33704,-0.12798,0.00,0.00,0.00,adelante,0.50
0,28,141,-0.95715,-0.04301,0.17690,-0.00489,-0.38133,-0.16402,0.00,0.00,0.00,adelante,0.50
0,28,142,-0.97594,-0.04423,0.15341,-0.04520,-0.39920,-0.18983,0.00,0.00,0.00,adelante,0.50
0,28,143,-0.99985,-0.02300,0.14963,-0.08858,-0.34102,-0.16096,0.00,0.00,0.00,adelante,0.50
0,28,144,-1.01394,-0.00390,0.14244,-0.03543,-0.32269,-0.14966,0.00,0.00,0.00,adelante,0.50
0,28,145,-0.99765,-0.00213,0.15701,-0.00779,-0.30895,-0.13943,0.00,0.00,0.00,adelante,0.50
0,28,146,-0.98985,-0.01446,0.16976,0.02627,-0.24542,-0.10079,0.00,0.00,0.00,adelante,0.50
0,28,147,-0.96911,0.01751,0.18495,0.00153,-0.21075,-0.05467,0.00,0.00,0.00,adelante,0.50
0,28,148,-0.99131,0.01226,0.18324,0.06567,-0.18754,-0.02657,0.00,0.00,0.00,adelante,0.50
0,28,149,-1.00186,-0.00403,0.18233,0.12126,-0.15776,0.00794,0.00,0.00,0.00,adelante,0.50
0,28,150,-0.98930,-0.02342,0.16958,0.14722,-0.15027,0.00580,0.00,0.00,0.00,adelante,0.50
0,28,151,-0.97685,-0.03843,0.16439,0.14981,-0.11270,0.01527,0.00,0.00,0.00,adelante,0.50
0,28,152,-0.96697,-0.05966,0.19819,0.15608,-0.12920,-0.03238,0.00,0.00,0.00,adelante,0.50
0,28,153,-0.95282,-0.07302,0.19441,0.09652,-0.13393,-0.08522,0.00,0.00,0.00,adelante,0.50
0,28,154,-0.93885,-0.06411,0.20197,0.05849,-0.17669,-0.13714,0.00,0.00,0.00,adelante,0.50
0,28,155,-0.95154,-0.06008,0.20222,0.03406,-0.20143,-0.16875,0.00,0.00,0.00,adelante,0.50
0,28,156,-0.95770,-0.05130,0.19270,-0.01573,-0.20647,-0.23289,0.00,0.00,0.00,adelante,0.50
0,28,157,-0.95648,-0.04941,0.19306,0.00229,-0.23091,-0.22098,0.00,0.00,0.00,adelante,0.50
0,28,158,-0.95575,-0.04404,0.18044,-0.00779,-0.25275,-0.20097,0.00,0.00,0.00,adelante,0.50
0,28,159,-0.96356,-0.02647,0.18038,-0.02031,-0.22495,-0.19303,0.00,0.00,0.00,adelante,0.50
0,28,160,-0.97576,-0.03123,0.17873,0.02001,-0.21640,-0.16845,0.00,0.00,0.00,adelante,0.50
0,28,161,-0.96856,-0.02623,0.19111,0.03604,-0.19105,-0.12630,0.00,0.00,0.00,adelante,0.50
0,28,162,-0.96471,-0.02873,0.19727,0.03268,-0.16509,-0.06124,0.00,0.00,0.00,adelante,0.50
0,28,163,-0.96105,-0.04325,0.21033,0.06994,-0.14600,-0.03589,0.00,0.00,0.00,adelante,0.50
0,28,164,-0.96105,-0.05496,0.20106,0.09270,-0.14829,-0.04261,0.00,0.00,0.00,adelante,0.50
0,28,165,-0.96545,-0.06655,0.18934,0.04979,-0.12889,-0.03344,0.00,0.00,0.00,adelante,0.50
0,28,166,-0.95935,-0.05978,0.19471,0.04383,-0.12477,-0.03650,0.00,0.00,0.00,adelante,0.50
0,28,167,-0.94202,-0.04203,0.20819,0.01558,-0.10644,-0.03054,0.00,0.00,0.00,adelante,0.50
0,28,168,-0.93184,-0.05417,0.19611,0.02703,-0.09545,-0.03406,0.00,0.00,0.00,adelante,0.50
0,28,169,-0.91427,-0.07027,0.21283,0.04429,-0.17074,-0.08934,0.00,0.00,0.00,adelante,0.50
0,28,170,-0.91164,-0.04703,0.23082,0.03772,-0.24114,-0.15989,0.00,0.00,0.00,adelante,0.50
0,28,171,-0.94910,-0.04142,0.19813,-0.04872,-0.26481,-0.12385,0.00,0.00,0.00,adelante,0.50
0,28,172,-0.98308,-0.02952,0.18465,0.01374,-0.22465,-0.09697,0.00,0.00,0.00,adelante,0.50
0,28,173,-1.00089,-0.04063,0.16555,0.02902,-0.14157,-0.03894,0.00,0.00,0.00,adelante,0.50
0,28,174,-0.99668,-0.04636,0.20728,0.06246,-0.08354,-0.01023,0.00,0.00,0.00,adelante,0.50
0,28,175,-0.95453,-0.03611,0.22308,0.05986,-0.08628,-0.03054,0.00,0.00,0.00,adelante,0.50
0,28,176,-0.93214,-0.02641,0.24510,0.01298,-0.05681,0.00779,0.00,0.00,0.00,adelante,0.50
0,28,177,-0.92433,-0.01677,0.23723,0.06002,-0.16142,-0.02046,0.00,0.00,0.00,adelante,0.50
0,28,178,-0.94562,-0.04246,0.22265,0.06231,-0.17990,0.00290,0.00,0.00,0.00,adelante,0.50
0,28,179,-0.97088,-0.04599,0.20990,0.05681,-0.13699,0.03406,0.00,0.00,0.00,adelante,0.50
0,28,180,-0.98173,-0.07015,0.21069,0.07040,-0.13500,0.02520,0.00,0.00,0.00,adelante,0.50
0,28,181,-0.97576,-0.07405,0.22131,0.05192,-0.12553,-0.00244,0.00,0.00,0.00,adelante,0.50
0,28,182,-0.95746,-0.06576,0.24449,0.00718,-0.11576,-0.03726,0.00,0.00,0.00,adelante,0.50
0,28,183,-0.97850,-0.05984,0.24504,-0.03742,-0.12171,-0.08690,0.00,0.00,0.00,adelante,0.50
0,28,184,-0.94642,-0.02452,0.23790,-0.01833,-0.13653,-0.13210,0.00,0.00,0.00,adelante,0.50
0,28,185,-0.94843,0.00122,0.22741,0.01237,-0.17410,-0.10018,0.00,0.00,0.00,adelante,0.50
0,28,186,-0.96349,-0.00116,0.21838,0.05269,-0.15333,-0.05055,0.00,0.00,0.00,adelante,0.50
0,28,187,-0.95819,-0.03141,0.21472,0.08751,-0.14233,-0.07178,0.00,0.00,0.00,adelante,0.50
0,28,188,-0.94416,-0.05063,0.20746,0.14371,-0.17654,-0.07575,0.00,0.00,0.00,adelante,0.50
0,28,189,-0.93812,-0.06484,0.23034,0.11286,-0.18708,-0.08796,0.00,0.00,0.00,adelante,0.50
0,28,190,-0.92787,-0.06094,0.24437,0.04749,-0.20617,-0.08827,0.00,0.00,0.00,adelante,0.50
0,28,191,-0.93098,-0.02037,0.23821,0.01558,-0.23182,-0.03696,0.00,0.00,0.00,adelante,0.50
0,28,192,-0.94501,0.00098,0.23052,0.03879,-0.25397,0.02810,0.00,0.00,0.00,adelante,0.50
0,28,193,-0.96221,0.01269,0.21661,0.07651,-0.22434,0.15333,0.00,0.00,0.00,adelante,0.50
0,28,194,-0.97240,-0.00555,0.23802,0.13164,-0.17623,0.25916,0.00,0.00,0.00,adelante,0.50
0,28,195,-0.98448,-0.03385,0.22832,0.18570,-0.13989,0.23625,0.00,0.00,0.00,adelante,0.50
0,28,196,-1.00699,-0.07283,0.23577,0.23305,-0.08216,0.20113,0.00,0.00,0.00,adelante,0.50
0,28,197,-1.02114,-0.08113,0.23509,0.20571,-0.04627,0.09453,0.00,0.00,0.00,adelante,0.50
0,28,198,-0.99473,-0.08363,0.24302,0.14523,0.01619,-0.03451,0.00,0.00,0.00,adelante,0.50
0,28,199,-0.93830,-0.05356,0.27725,0.10446,-0.03910,-0.12263,0.00,0.00,0.00,adelante,0.50
0,28,200,-0.90548,-0.04624,0.26730,0.09545,-0.09591,-0.15119,0.00,0.00,0.00,adelante,0.50
0,28,201,-0.89164,-0.04191,0.29250,0.00412,-0.11026,-0.12263,0.00,0.00,0.00,adelante,0.50
0,28,202,-0.90103,-0.02898,0.24986,0.02978,-0.20724,-0.12248,0.00,0.00,0.00,adelante,0.50
0,28,203,-0.94690,-0.02141,0.23284,0.04291,-0.24755,-0.10553,0.00,0.00,0.00,adelante,0.50
0,28,204,-0.98698,-0.01366,0.20911,0.05818,-0.19242,-0.03467,0.00,0.00,0.00,adelante,0.50
0,28,205,-1.00046,-0.01244,0.21746,0.10736,-0.13241,0.01512,0.00,0.00,0.00,adelante,0.50
0,28,206,-1.00504,-0.00732,0.21917,0.14080,-0.09087,0.02581,0.00,0.00,0.00,adelante,0.50
0,28,207,-1.00821,-0.01610,0.23211,0.13134,-0.03176,0.05544,0.00,0.00,0.00,adelante,0.50
0,28,208,-1.02187,-0.04843,0.21838,0.19196,0.06002,0.07101,0.00,0.00,0.00,adelante,0.50
0,28,209,-1.01333,-0.07308,0.23339,0.17242,0.13851,-0.00412,0.00,0.00,0.00,adelante,0.50
0,28,210,-0.92665,-0.02629,0.29561,0.10354,0.12966,-0.00611,0.00,0.00,0.00,adelante,0.50
0,28,211,-0.87334,-0.01214,0.29250,0.09316,0.05513,0.00672,0.00,0.00,0.00,adelante,0.50
0,28,212,-0.89499,-0.04416,0.26779,0.08002,-0.00199,-0.00122,0.00,0.00,0.00,adelante,0.50
0,28,213,-0.95105,-0.08204,0.23387,0.00870,-0.02474,-0.03589,0.00,0.00,0.00,adelante,0.50
0,28,214,-0.98814,-0.08131,0.21618,0.01695,-0.05253,-0.06750,0.00,0.00,0.00,adelante,0.50
0,28,215,-1.01461,-0.06429,0.20661,-0.01787,0.00397,-0.08903,0.00,0.00,0.00,adelante,0.50
0,28,216,-0.98771,-0.05466,0.22289,-0.04688,0.04933,-0.14248,0.00,0.00,0.00,adelante,0.50
0,28,217,-1.00302,-0.04752,0.22643,-0.00733,0.06918,-0.22129,0.00,0.00,0.00,adelante,0.50
0,28,218,-1.08342,-0.06631,0.20819,-0.05177,0.18173,-0.25565,0.00,0.00,0.00,adelante,0.50
0,28,219,-1.16693,-0.12468,0.16104,-0.03070,0.40699,-0.32208,0.00,0.00,0.00,adelante,0.50
0,28,220,-1.03852,-0.11950,0.23534,-0.01512,0.54611,-0.42531,0.00,0.00,0.00,adelante,0.50
0,28,221,-0.87663,0.01494,0.30354,-0.10156,0.43662,-0.37751,0.00,0.00,0.00,adelante,0.50
0,28,222,-0.83887,0.06015,0.28780,-0.05620,0.30864,-0.30803,0.00,0.00,0.00,adelante,0.50
0,28,223,-0.87883,0.04264,0.24888,0.00061,0.25794,-0.16646,0.00,0.00,0.00,adelante,0.50
0,28,224,-0.99729,-0.03886,0.17940,-0.00626,0.30727,-0.02871,0.00,0.00,0.00,adelante,0.50
0,28,225,-1.13344,-0.13267,0.12511,0.00504,0.43463,-0.01222,0.00,0.00,0.00,adelante,0.50
0,28,226,-1.21780,-0.22960,0.07180,0.03146,0.67272,-0.15730,0.00,0.00,0.00,adelante,0.50
0,28,227,-1.18956,-0.28762,0.12566,0.02169,0.90133,-0.45357,0.00,0.00,0.00,adelante,0.50
0,28,228,-1.09574,-0.30500,0.17434,-0.23411,1.04534,-0.69471,0.00,0.00,0.00,adelante,0.50
0,28,229,-0.98911,-0.24796,0.26547,-0.57879,1.06871,-0.85430,0.00,0.00,0.00,adelante,0.50
0,28,230,-0.92909,-0.14622,0.27182,-0.79748,0.97845,-0.92149,0.00,0.00,0.00,adelante,0.50
0,28,231,-0.90615,-0.04563,0.24412,-0.87186,0.91981,-0.80802,0.00,0.00,0.00,adelante,0.50
0,28,232,-0.89042,0.03739,0.20520,-0.82116,0.87201,-0.53695,0.00,0.00,0.00,adelante,0.50
0,28,233,-0.91732,0.07881,0.17879,-0.67119,0.85460,-0.18876,0.00,0.00,0.00,adelante,0.50
0,28,234,-0.93007,0.07704,0.12993,-0.47189,0.85216,0.13332,0.00,0.00,0.00,adelante,0.50
0,28,235,-0.99796,0.02294,0.09577,-0.39034,0.96288,0.49190,0.00,0.00,0.00,adelante,0.50
0,28,236,-1.04359,-0.02849,0.09052,-0.32788,1.09971,0.74785,0.00,0.00,0.00,adelante,0.50
0,28,237,-1.06622,-0.10010,0.06631,-0.30742,1.20676,0.78175,0.00,0.00,0.00,adelante,0.50
0,28,238,-1.06628,-0.14567,0.04136,-0.37461,1.30893,0.74342,0.00,0.00,0.00,adelante,0.50
0,28,239,-1.06189,-0.15445,0.05063,-0.39676,1.33825,0.53176,0.00,0.00,0.00,adelante,0.50
0,28,240,-1.02517,-0.12822,0.05289,-0.37064,1.32940,0.26542,0.00,0.00,0.00,adelante,0.50
0,28,241,-0.96935,-0.09010,0.07924,-0.34270,1.26770,-0.00412,0.00,0.00,0.00,adelante,0.50
0,28,242,-0.91482,-0.04849,0.07918,-0.27779,1.12216,-0.19716,0.00,0.00,0.00,adelante,0.50
0,29,1,-0.96563,-0.05795,-0.13084,0.02825,-0.02535,-0.03406,0.00,0.00,0.00,adelante,0.75
0,29,2,-0.96526,-0.06161,-0.12944,0.05055,-0.05651,-0.05895,0.00,0.00,0.00,adelante,0.75
0,29,3,-0.95398,-0.05972,-0.13097,0.00794,-0.03742,-0.04368,0.00,0.00,0.00,adelante,0.75
0,29,4,-0.95233,-0.05014,-0.12987,0.02581,-0.05345,-0.04536,0.00,0.00,0.00,adelante,0.75
0,29,5,-0.96374,-0.05033,-0.13170,0.02993,-0.05651,-0.04566,0.00,0.00,0.00,adelante,0.75
0,29,6,-0.96624,-0.05441,-0.13566,0.01100,-0.03360,-0.01985,0.00,0.00,0.00,adelante,0.75
0,29,7,-0.97484,-0.05508,-0.12511,0.02596,-0.03894,-0.01329,0.00,0.00,0.00,adelante,0.75
0,29,8,-0.97960,-0.05557,-0.14372,0.03589,-0.05131,-0.01619,0.00,0.00,0.00,adelante,0.75
0,29,9,-0.98448,-0.06234,-0.12901,0.01069,-0.02734,-0.00504,0.00,0.00,0.00,adelante,0.75
0,29,10,-0.99204,-0.05642,-0.13335,0.05666,-0.06384,-0.05635,0.00,0.00,0.00,adelante,0.75
0,29,11,-0.98619,-0.05033,-0.12377,0.02443,-0.02688,-0.04062,0.00,0.00,0.00,adelante,0.75
0,29,12,-0.99033,-0.05545,-0.13749,0.03115,-0.03375,-0.05620,0.00,0.00,0.00,adelante,0.75
0,29,13,-0.98863,-0.05252,-0.12609,0.04963,-0.03390,-0.05849,0.00,0.00,0.00,adelante,0.75
0,29,14,-0.97081,-0.04624,-0.12975,0.02062,-0.01619,-0.02581,0.00,0.00,0.00,adelante,0.75
0,29,15,-0.97551,-0.04453,-0.12786,0.03742,-0.02260,-0.02718,0.00,0.00,0.00,adelante,0.75
0,29,16,-0.97130,-0.04130,-0.12139,0.04169,0.00321,-0.00672,0.00,0.00,0.00,adelante,0.75
0,29,17,-0.97478,-0.04648,-0.12334,0.02947,0.00367,-0.01405,0.00,0.00,0.00,adelante,0.75
0,29,18,-0.98863,-0.05606,-0.10913,0.05880,-0.00397,-0.03390,0.00,0.00,0.00,adelante,0.75
0,29,19,-0.98204,-0.06539,-0.11962,0.07040,-0.02779,-0.06674,0.00,0.00,0.00,adelante,0.75
0,29,20,-0.97478,-0.06332,-0.12578,-0.00153,0.02749,-0.04123,0.00,0.00,0.00,adelante,0.75
0,29,21,-0.96118,-0.05838,-0.12682,0.02703,-0.01848,-0.05849,0.00,0.00,0.00,adelante,0.75
0,29,22,-0.96112,-0.05527,-0.11669,0.03589,-0.01802,-0.05712,0.00,0.00,0.00,adelante,0.75
0,29,23,-0.96953,-0.05063,-0.12291,0.03421,-0.03680,-0.04612,0.00,0.00,0.00,adelante,0.75
0,29,24,-0.98253,-0.05087,-0.13420,0.05589,-0.03986,-0.04352,0.00,0.00,0.00,adelante,0.75
0,29,25,-0.97338,-0.04886,-0.14292,0.05834,-0.02947,-0.03131,0.00,0.00,0.00,adelante,0.75
0,29,26,-0.96795,-0.05380,-0.13518,0.04414,-0.02352,-0.01237,0.00,0.00,0.00,adelante,0.75
0,29,27,-0.96959,-0.05581,-0.12633,0.05024,-0.02443,-0.00641,0.00,0.00,0.00,adelante,0.75
0,29,28,-0.96209,-0.04965,-0.14341,0.04826,-0.02352,-0.00351,0.00,0.00,0.00,adelante,0.75
0,29,29,-0.97130,-0.05094,-0.14683,0.04673,-0.03009,0.00137,0.00,0.00,0.00,adelante,0.75
0,29,30,-0.97521,-0.04362,-0.12816,0.04979,-0.02596,-0.03039,0.00,0.00,0.00,adelante,0.75
0,29,31,-0.98619,-0.03154,-0.13798,0.06093,-0.01817,0.01955,0.00,0.00,0.00,adelante,0.75
0,29,32,-0.99277,-0.03111,-0.14866,0.07040,-0.01909,0.02245,0.00,0.00,0.00,adelante,0.75
0,29,33,-0.99033,-0.03251,-0.14359,0.09529,-0.01649,0.00137,0.00,0.00,0.00,adelante,0.75
0,29,34,-0.97740,-0.03398,-0.13078,0.09010,0.01466,0.01726,0.00,0.00,0.00,adelante,0.75
0,29,35,-0.97441,-0.03684,-0.12133,0.11958,-0.01054,-0.00229,0.00,0.00,0.00,adelante,0.75
0,29,36,-0.97350,-0.04715,-0.11267,0.13439,-0.02199,-0.00565,0.00,0.00,0.00,adelante,0.75
0,29,37,-0.97722,-0.04862,-0.12932,0.11729,-0.01604,-0.00305,0.00,0.00,0.00,adelante,0.75
0,29,38,-0.98106,-0.05313,-0.11901,0.13073,-0.02581,-0.01344,0.00,0.00,0.00,adelante,0.75
0,29,39,-0.98838,-0.04776,-0.12450,0.14111,-0.03253,-0.01420,0.00,0.00,0.00,adelante,0.75
0,29,40,-0.98594,-0.05270,-0.11712,0.13943,-0.01344,-0.00122,0.00,0.00,0.00,adelante,0.75
0,29,41,-0.99796,-0.05368,-0.11828,0.14875,-0.01909,0.01008,0.00,0.00,0.00,adelante,0.75
0,29,42,-0.99650,-0.04953,-0.10577,0.16264,-0.01298,0.01222,0.00,0.00,0.00,adelante,0.75
0,29,43,-0.99521,-0.05033,-0.11285,0.15653,0.00107,0.03665,0.00,0.00,0.00,adelante,0.75
0,29,44,-0.99765,-0.05679,-0.10699,0.19731,-0.01955,0.01756,0.00,0.00,0.00,adelante,0.75
0,29,45,-0.97136,-0.05386,-0.10620,0.16768,0.01038,0.03268,0.00,0.00,0.00,adelante,0.75
0,29,46,-0.97539,-0.05063,-0.09839,0.18555,-0.00168,0.02474,0.00,0.00,0.00,adelante,0.75
0,29,47,-0.95715,-0.05033,-0.11682,0.20357,-0.02367,0.01848,0.00,0.00,0.00,adelante,0.75
0,29,48,-0.96038,-0.04648,-0.12407,0.18998,-0.01756,0.03360,0.00,0.00,0.00,adelante,0.75
0,29,49,-0.96203,-0.03459,-0.11919,0.21426,-0.04184,0.03696,0.00,0.00,0.00,adelante,0.75
0,29,50,-0.97362,-0.02702,-0.12420,0.25488,-0.06735,0.04643,0.00,0.00,0.00,adelante,0.75
0,29,51,-0.98661,-0.03855,-0.11267,0.25213,-0.06292,0.07315,0.00,0.00,0.00,adelante,0.75
0,29,52,-1.00016,-0.04148,-0.11675,0.25137,-0.01802,0.11668,0.00,0.00,0.00,adelante,0.75
0,29,53,-1.00034,-0.05832,-0.12359,0.28787,-0.04643,0.06949,0.00,0.00,0.00,adelante,0.75
0,29,54,-0.99985,-0.06008,-0.12255,0.26405,-0.00229,0.07223,0.00,0.00,0.00,adelante,0.75
0,29,55,-0.99448,-0.06649,-0.11877,0.26328,-0.00199,0.04139,0.00,0.00,0.00,adelante,0.75
0,29,56,-0.96502,-0.06893,-0.13835,0.28115,-0.02902,0.01405,0.00,0.00,0.00,adelante,0.75
0,29,57,-0.96740,-0.06765,-0.12779,0.24465,-0.00947,0.03894,0.00,0.00,0.00,adelante,0.75
0,29,58,-0.96941,-0.06716,-0.11724,0.24725,-0.05177,0.05696,0.00,0.00,0.00,adelante,0.75
0,29,59,-0.97356,-0.06356,-0.15012,0.21060,-0.03375,0.07987,0.00,0.00,0.00,adelante,0.75
0,29,60,-0.98393,-0.05734,-0.14469,0.21121,-0.02459,0.09071,0.00,0.00,0.00,adelante,0.75
0,29,61,-0.98381,-0.05002,-0.13450,0.22739,-0.02077,0.11515,0.00,0.00,0.00,adelante,0.75
0,29,62,-0.97960,-0.04166,-0.13957,0.19960,-0.01634,0.06720,0.00,0.00,0.00,adelante,0.75
0,29,63,-0.98210,-0.03550,-0.12072,0.22449,-0.00489,0.05803,0.00,0.00,0.00,adelante,0.75
0,29,64,-1.00375,-0.03202,-0.13255,0.25183,-0.03100,0.05971,0.00,0.00,0.00,adelante,0.75
0,29,65,-1.01882,-0.03111,-0.12139,0.23961,-0.00580,0.07544,0.00,0.00,0.00,adelante,0.75
0,29,66,-1.03340,-0.02166,-0.11578,0.20143,0.04016,0.11011,0.00,0.00,0.00,adelante,0.75
0,29,67,-1.01431,-0.01623,-0.11956,0.25290,0.02749,0.08170,0.00,0.00,0.00,adelante,0.75
0,29,68,-0.97722,0.01659,-0.09827,0.22281,0.02932,0.11484,0.00,0.00,0.00,adelante,0.75
0,29,69,-0.95794,0.07771,-0.08595,0.26893,-0.04184,0.16860,0.00,0.00,0.00,adelante,0.75
0,29,70,-0.87419,0.10303,-0.06893,0.35522,-0.14264,0.25290,0.00,0.00,0.00,adelante,0.75
0,29,71,-0.89517,0.03361,-0.07924,0.37400,-0.27565,0.26634,0.00,0.00,0.00,adelante,0.75
0,29,72,-0.95373,0.01677,-0.12060,0.33628,-0.32498,0.23381,0.00,0.00,0.00,adelante,0.75
0,29,73,-0.97868,-0.05051,-0.15030,0.31689,-0.35033,0.08735,0.00,0.00,0.00,adelante,0.75
0,29,74,-1.02950,-0.01482,-0.12511,0.29490,-0.25030,-0.00886,0.00,0.00,0.00,adelante,0.75
0,29,75,-1.01571,-0.02861,-0.12596,0.29719,-0.21457,-0.10782,0.00,0.00,0.00,adelante,0.75
0,29,76,-0.97771,-0.03129,-0.10382,0.29352,-0.19716,-0.22327,0.00,0.00,0.00,adelante,0.75
0,29,77,-0.96234,-0.00756,-0.08247,0.26206,-0.19624,-0.22587,0.00,0.00,0.00,adelante,0.75
0,29,78,-0.91183,-0.01440,-0.08741,0.27611,-0.27290,-0.23564,0.00,0.00,0.00,adelante,0.75
0,29,79,-0.86419,-0.03068,-0.08034,0.21854,-0.32971,-0.17791,0.00,0.00,0.00,adelante,0.75
0,29,80,-0.82570,0.02342,-0.05087,0.18005,-0.44074,-0.07758,0.00,0.00,0.00,adelante,0.75
0,29,81,-0.81154,0.03941,-0.06143,0.24709,-0.62278,-0.01298,0.00,0.00,0.00,adelante,0.75
0,29,82,-0.78318,0.07070,-0.08198,0.29215,-0.74617,0.07010,0.00,0.00,0.00,adelante,0.75
0,29,83,-0.85040,0.06082,-0.11535,0.40241,-0.83719,0.10873,0.00,0.00,0.00,adelante,0.75
0,29,84,-0.94062,0.00701,-0.15683,0.46349,-0.72724,0.16784,0.00,0.00,0.00,adelante,0.75
0,29,85,-0.97094,-0.04715,-0.15293,0.48564,-0.65164,0.10919,0.00,0.00,0.00,adelante,0.75
0,29,86,-1.01376,-0.08680,-0.11865,0.46991,-0.56200,0.04795,0.00,0.00,0.00,adelante,0.75
0,29,87,-0.94105,-0.07863,-0.07131,0.43921,-0.53344,-0.01741,0.00,0.00,0.00,adelante,0.75
0,29,88,-0.87389,-0.05697,-0.02025,0.33674,-0.57986,-0.04658,0.00,0.00,0.00,adelante,0.75
0,29,89,-0.82765,-0.03617,0.02062,0.32437,-0.71975,-0.05773,0.00,0.00,0.00,adelante,0.75
0,29,90,-0.82008,-0.00927,-0.00287,0.34132,-0.90072,-0.04016,0.00,0.00,0.00,adelante,0.75
0,29,91,-0.82149,-0.00262,0.00549,0.35537,-1.02992,0.03268,0.00,0.00,0.00,adelante,0.75
0,29,92,-0.84467,-0.02812,-0.01177,0.41249,-1.15759,0.15531,0.00,0.00,0.00,adelante,0.75
0,29,93,-0.88395,-0.05618,-0.01568,0.38225,-1.21135,0.22235,0.00,0.00,0.00,adelante,0.75
0,29,94,-0.85912,-0.05984,0.02220,0.30849,-1.26892,0.30406,0.00,0.00,0.00,adelante,0.75
0,29,95,-0.89517,-0.08290,-0.00085,0.26221,-1.35230,0.34544,0.00,0.00,0.00,adelante,0.75
0,29,96,-0.90774,-0.12365,0.01305,0.14401,-1.34726,0.36896,0.00,0.00,0.00,adelante,0.75
0,29,97,-0.91079,-0.12962,0.05533,0.03253,-1.33871,0.35919,0.00,0.00,0.00,adelante,0.75
0,29,98,-0.92500,-0.10443,0.06844,-0.02779,-1.36116,0.25259,0.00,0.00,0.00,adelante,0.75
0,29,99,-0.93257,-0.04648,0.10120,-0.02077,-1.37521,0.14050,0.00,0.00,0.00,adelante,0.75
0,29,100,-0.94983,-0.02446,0.12792,0.03864,-1.40423,-0.00076,0.00,0.00,0.00,adelante,0.75
0,29,101,-0.91671,-0.00964,0.14189,0.11668,-1.46424,-0.14737,0.00,0.00,0.00,adelante,0.75
0,29,102,-0.87450,0.01592,0.16806,0.15776,-1.52273,-0.24007,0.00,0.00,0.00,adelante,0.75
0,29,103,-0.81563,0.02385,0.18825,0.21487,-1.70569,-0.31032,0.00,0.00,0.00,adelante,0.75
0,29,104,-0.81527,0.01080,0.16891,0.21090,-1.83764,-0.27489,0.00,0.00,0.00,adelante,0.75
0,29,105,-0.81026,-0.00714,0.16574,0.16677,-1.93140,-0.17929,0.00,0.00,0.00,adelante,0.75
0,29,106,-0.85443,-0.03056,0.16092,0.09636,-1.98791,-0.04261,0.00,0.00,0.00,adelante,0.75
0,29,107,-0.89121,-0.04258,0.16348,0.08125,-1.99707,0.06842,0.00,0.00,0.00,adelante,0.75
0,29,108,-0.89084,-0.06783,0.22753,-0.00672,-2.01341,0.13683,0.00,0.00,0.00,adelante,0.75
0,29,109,-0.88151,-0.04544,0.30049,-0.03207,-2.04563,0.13546,0.00,0.00,0.00,adelante,0.75
0,29,110,-0.88261,-0.00092,0.33135,-0.03650,-2.07618,0.10033,0.00,0.00,0.00,adelante,0.75
0,29,111,-0.90945,0.01787,0.34172,-0.01863,-2.10947,0.00382,0.00,0.00,0.00,adelante,0.75
0,29,112,-0.92519,0.01171,0.35587,0.06399,-2.14307,-0.09484,0.00,0.00,0.00,adelante,0.75
0,29,113,-0.87010,0.02843,0.42639,0.09896,-2.21759,-0.16921,0.00,0.00,0.00,adelante,0.75
0,30,1,-0.98301,-0.00592,-0.09132,0.23747,-0.09820,-0.02657,0.00,0.00,0.00,adelante,1.00
0,30,2,-0.98936,-0.00781,-0.09717,0.22495,-0.04856,0.00535,0.00,0.00,0.00,adelante,1.00
0,30,3,-0.99851,-0.01702,-0.10266,0.25962,-0.05376,-0.00993,0.00,0.00,0.00,adelante,1.00
0,30,4,-0.99399,-0.02885,-0.09675,0.25076,-0.05040,-0.00962,0.00,0.00,0.00,adelante,1.00
0,30,5,-0.98850,-0.02775,-0.09345,0.24099,-0.02505,-0.03222,0.00,0.00,0.00,adelante,1.00
0,30,6,-0.99284,-0.03270,-0.07430,0.22816,-0.02749,-0.00748,0.00,0.00,0.00,adelante,1.00
0,30,7,-0.98503,-0.03788,-0.08204,0.20769,-0.01145,-0.01420,0.00,0.00,0.00,adelante,1.00
0,30,8,-0.98289,-0.03459,-0.08198,0.19090,-0.01374,-0.00748,0.00,0.00,0.00,adelante,1.00
0,30,9,-0.98887,-0.03776,-0.07131,0.20311,-0.01848,-0.00870,0.00,0.00,0.00,adelante,1.00
0,30,10,-0.99162,-0.03007,-0.07271,0.16646,-0.00886,-0.00260,0.00,0.00,0.00,adelante,1.00
0,30,11,-0.99936,-0.02312,-0.08040,0.15180,0.00886,0.01313,0.00,0.00,0.00,adelante,1.00
0,30,12,-0.98893,-0.01787,-0.07412,0.19196,-0.01344,-0.02505,0.00,0.00,0.00,adelante,1.00
0,30,13,-0.98399,-0.00689,-0.08143,0.17257,0.01038,-0.00199,0.00,0.00,0.00,adelante,1.00
0,30,14,-0.98234,0.00500,-0.06978,0.19013,0.00214,-0.01023,0.00,0.00,0.00,adelante,1.00
0,30,15,-0.98064,-0.00342,-0.06710,0.22403,-0.00092,-0.03421,0.00,0.00,0.00,adelante,1.00
0,30,16,-0.96301,0.00104,-0.06344,0.20296,0.01329,-0.03497,0.00,0.00,0.00,adelante,1.00
0,30,17,-0.96105,0.00238,-0.07192,0.20754,0.01268,-0.03176,0.00,0.00,0.00,adelante,1.00
0,30,18,-0.95300,0.00006,-0.06503,0.21060,-0.00504,-0.05666,0.00,0.00,0.00,adelante,1.00
0,30,19,-0.94282,0.01354,-0.07820,0.22923,-0.01634,-0.06353,0.00,0.00,0.00,adelante,1.00
0,30,20,-0.94398,0.01629,-0.08388,0.23335,-0.04429,-0.05773,0.00,0.00,0.00,adelante,1.00
0,30,21,-0.95349,0.02287,-0.09778,0.23350,-0.03161,-0.04352,0.00,0.00,0.00,adelante,1.00
0,30,22,-0.95520,0.02824,-0.08339,0.24725,-0.02795,-0.03986,0.00,0.00,0.00,adelante,1.00
0,30,23,-0.95715,0.01812,-0.08619,0.29764,-0.04643,-0.00458,0.00,0.00,0.00,adelante,1.00
0,30,24,-0.96130,0.00811,-0.08442,0.27367,-0.04597,-0.02169,0.00,0.00,0.00,adelante,1.00
0,30,25,-0.96593,-0.00287,-0.08351,0.29169,-0.03848,-0.00916,0.00,0.00,0.00,adelante,1.00
0,30,26,-0.96471,-0.00433,-0.07204,0.31505,-0.06949,-0.03268,0.00,0.00,0.00,adelante,1.00
0,30,27,-0.96429,-0.00573,-0.08949,0.28191,-0.07223,-0.01604,0.00,0.00,0.00,adelante,1.00
0,30,28,-0.96648,-0.01147,-0.08796,0.27443,-0.06582,-0.01710,0.00,0.00,0.00,adelante,1.00
0,30,29,-0.98186,-0.00549,-0.09016,0.28955,-0.08445,-0.04490,0.00,0.00,0.00,adelante,1.00
0,30,30,-0.98143,0.00506,-0.09248,0.28207,-0.11683,-0.05360,0.00,0.00,0.00,adelante,1.00
0,30,31,-0.98857,0.00122,-0.08552,0.27611,-0.06078,-0.03131,0.00,0.00,0.00,adelante,1.00
0,30,32,-0.98606,-0.00238,-0.09803,0.31185,-0.08063,-0.04551,0.00,0.00,0.00,adelante,1.00
0,30,33,-0.98667,-0.00555,-0.09980,0.29260,-0.06888,-0.01374,0.00,0.00,0.00,adelante,1.00
0,30,34,-0.99284,-0.00037,-0.09321,0.28421,-0.05986,-0.00855,0.00,0.00,0.00,adelante,1.00
0,30,35,-0.98625,-0.00805,-0.10279,0.31032,-0.09087,-0.03146,0.00,0.00,0.00,adelante,1.00
0,30,36,-0.99009,-0.00738,-0.11553,0.26909,-0.03497,-0.00855,0.00,0.00,0.00,adelante,1.00
0,30,37,-0.99454,-0.00512,-0.10279,0.23747,-0.03253,-0.01481,0.00,0.00,0.00,adelante,1.00
0,30,38,-0.98423,-0.00159,-0.10114,0.30681,-0.07498,-0.05177,0.00,0.00,0.00,adelante,1.00
0,30,39,-0.99918,-0.00464,-0.11340,0.26680,-0.02505,-0.03283,0.00,0.00,0.00,adelante,1.00
0,30,40,-0.98771,-0.00634,-0.11242,0.27413,-0.00657,-0.02718,0.00,0.00,0.00,adelante,1.00
0,30,41,-0.98753,-0.02263,-0.10797,0.27214,-0.02550,-0.00076,0.00,0.00,0.00,adelante,1.00
0,30,42,-0.99265,-0.01555,-0.09858,0.25137,-0.01634,-0.02611,0.00,0.00,0.00,adelante,1.00
0,30,43,-0.99180,-0.01135,-0.10205,0.24144,-0.01756,-0.01390,0.00,0.00,0.00,adelante,1.00
0,30,44,-0.97490,-0.01208,-0.11822,0.23961,-0.03100,-0.00550,0.00,0.00,0.00,adelante,1.00
0,30,45,-0.98649,-0.01098,-0.10986,0.20189,-0.00458,0.02107,0.00,0.00,0.00,adelante,1.00
0,30,46,-0.97423,-0.01006,-0.11212,0.23534,-0.05192,-0.00611,0.00,0.00,0.00,adelante,1.00
0,30,47,-0.97081,-0.01214,-0.13481,0.20601,-0.03039,-0.00061,0.00,0.00,0.00,adelante,1.00
0,30,48,-0.97167,-0.01116,-0.11621,0.20922,-0.03054,0.00855,0.00,0.00,0.00,adelante,1.00
0,30,49,-0.98204,-0.00055,-0.11279,0.22068,-0.05483,0.02459,0.00,0.00,0.00,adelante,1.00
0,30,50,-0.98070,-0.01299,-0.12615,0.21900,-0.04551,-0.00886,0.00,0.00,0.00,adelante,1.00
0,30,51,-0.97124,-0.01598,-0.12176,0.18082,-0.02596,0.00061,0.00,0.00,0.00,adelante,1.00
0,30,52,-0.97496,-0.01263,-0.11370,0.13775,-0.00901,0.00916,0.00,0.00,0.00,adelante,1.00
0,30,53,-0.96081,-0.00909,-0.11010,0.13470,-0.01985,-0.00183,0.00,0.00,0.00,adelante,1.00
0,30,54,-0.96722,-0.00610,-0.10791,0.11423,-0.02535,0.03192,0.00,0.00,0.00,adelante,1.00
0,30,55,-0.95447,0.00445,-0.13981,0.11698,-0.02749,0.00702,0.00,0.00,0.00,adelante,1.00
0,30,56,-0.93812,0.00793,-0.11950,0.10201,-0.07223,-0.00061,0.00,0.00,0.00,adelante,1.00
0,30,57,-0.94916,0.01635,-0.10327,0.09529,-0.03910,0.01436,0.00,0.00,0.00,adelante,1.00
0,30,58,-0.94861,0.02227,-0.11663,0.11362,-0.05345,0.02001,0.00,0.00,0.00,adelante,1.00
0,30,59,-0.95270,0.01452,-0.10211,0.08858,-0.04627,0.03421,0.00,0.00,0.00,adelante,1.00
0,30,60,-0.95764,0.00360,-0.12041,0.09346,-0.05284,0.02123,0.00,0.00,0.00,adelante,1.00
0,30,61,-0.94770,0.00268,-0.10779,0.10079,-0.04001,-0.00168,0.00,0.00,0.00,adelante,1.00
0,30,62,-0.93745,0.00854,-0.10608,0.08674,-0.08018,-0.00489,0.00,0.00,0.00,adelante,1.00
0,30,63,-0.95154,0.00885,-0.10401,0.05803,-0.09087,0.00199,0.00,0.00,0.00,adelante,1.00
0,30,64,-0.93958,0.00531,-0.12682,0.06857,-0.10904,0.00321,0.00,0.00,0.00,adelante,1.00
0,30,65,-0.93867,0.01196,-0.10718,0.07162,-0.12905,0.00886,0.00,0.00,0.00,adelante,1.00
0,30,66,-0.92964,0.01000,-0.11608,0.09499,-0.15149,0.01894,0.00,0.00,0.00,adelante,1.00
0,30,67,-0.92677,0.00775,-0.11523,0.05269,-0.15867,0.00183,0.00,0.00,0.00,adelante,1.00
0,30,68,-0.93495,0.01043,-0.10834,0.05925,-0.19013,0.03726,0.00,0.00,0.00,adelante,1.00
0,30,69,-0.94355,0.00891,-0.10699,0.06567,-0.21044,0.04276,0.00,0.00,0.00,adelante,1.00
0,30,70,-0.95935,0.00482,-0.10596,0.03115,-0.18876,0.07605,0.00,0.00,0.00,adelante,1.00
0,30,71,-0.97014,-0.00647,-0.10211,0.03589,-0.18509,0.06445,0.00,0.00,0.00,adelante,1.00
0,30,72,-0.96209,-0.00762,-0.09345,0.01237,-0.20540,0.04078,0.00,0.00,0.00,adelante,1.00
0,30,73,-0.95691,0.00335,-0.08034,0.00137,-0.20433,0.03131,0.00,0.00,0.00,adelante,1.00
0,30,74,-0.95453,-0.00030,-0.07161,0.00107,-0.26221,0.00687,0.00,0.00,0.00,adelante,1.00
0,30,75,-0.94520,0.00458,-0.08845,-0.00718,-0.25687,0.03070,0.00,0.00,0.00,adelante,1.00
0,30,76,-0.94843,0.00549,-0.07759,-0.03344,-0.27779,0.02398,0.00,0.00,0.00,adelante,1.00
0,30,77,-0.94001,0.00329,-0.06155,-0.02077,-0.28527,0.07422,0.00,0.00,0.00,adelante,1.00
0,30,78,-0.94806,-0.00805,-0.08772,-0.04414,-0.29428,0.06720,0.00,0.00,0.00,adelante,1.00
0,30,79,-0.95258,0.00061,-0.07070,-0.07376,-0.28222,0.06918,0.00,0.00,0.00,adelante,1.00
0,30,80,-0.95819,0.00695,-0.06521,-0.03085,-0.30833,0.00199,0.00,0.00,0.00,adelante,1.00
0,30,81,-0.94989,0.00159,-0.06063,-0.00641,-0.30299,0.02947,0.00,0.00,0.00,adelante,1.00
0,30,82,-0.93348,0.01562,-0.04258,-0.05177,-0.30375,0.02856,0.00,0.00,0.00,adelante,1.00
0,30,83,-0.93934,-0.00421,-0.05289,-0.04246,-0.34483,0.00672,0.00,0.00,0.00,adelante,1.00
0,30,84,-0.92263,-0.00189,-0.03190,-0.04490,-0.37446,-0.04032,0.00,0.00,0.00,adelante,1.00
0,30,85,-0.96996,0.01897,-0.03434,-0.03436,-0.39279,-0.06154,0.00,0.00,0.00,adelante,1.00
0,30,86,-0.97527,0.02001,-0.03983,-0.00626,-0.37904,-0.06826,0.00,0.00,0.00,adelante,1.00
0,30,87,-0.99125,0.02159,-0.04087,-0.00122,-0.37629,-0.08415,0.00,0.00,0.00,adelante,1.00
0,30,88,-0.99698,0.01915,-0.01147,0.02337,-0.32361,-0.09896,0.00,0.00,0.00,adelante,1.00
0,30,89,-0.98979,0.01696,-0.01909,0.05253,-0.32590,-0.10736,0.00,0.00,0.00,adelante,1.00
0,30,90,-0.98789,0.01104,-0.01000,0.02657,-0.29092,-0.08705,0.00,0.00,0.00,adelante,1.00
0,30,91,-0.95380,0.01159,0.01397,0.05070,-0.32620,-0.08705,0.00,0.00,0.00,adelante,1.00
0,30,92,-0.92061,0.01781,0.03087,0.04612,-0.38500,-0.05956,0.00,0.00,0.00,adelante,1.00
0,30,93,-0.91744,0.03538,0.02416,0.03451,-0.44547,-0.07223,0.00,0.00,0.00,adelante,1.00
0,30,94,-0.93226,0.02739,0.00159,0.06231,-0.51252,-0.03085,0.00,0.00,0.00,adelante,1.00
0,30,95,-0.93550,0.00311,0.00195,0.06704,-0.53924,-0.01909,0.00,0.00,0.00,adelante,1.00
0,30,96,-0.93117,-0.01251,0.02098,0.06536,-0.59376,-0.04979,0.00,0.00,0.00,adelante,1.00
0,30,97,-0.94105,-0.01946,0.03294,0.01542,-0.61636,-0.04200,0.00,0.00,0.00,adelante,1.00
0,30,98,-0.92787,-0.00165,0.02477,-0.04505,-0.63194,-0.07147,0.00,0.00,0.00,adelante,1.00
0,30,99,-0.93476,0.00110,0.05155,-0.00779,-0.68661,-0.06720,0.00,0.00,0.00,adelante,1.00
0,30,100,-0.92208,0.02397,0.05215,0.01481,-0.75365,-0.12706,0.00,0.00,0.00,adelante,1.00
0,30,101,-0.91646,0.05112,0.06545,0.02596,-0.80451,-0.11668,0.00,0.00,0.00,adelante,1.00
0,30,102,-0.91183,0.07942,0.07290,0.11240,-0.89889,-0.13500,0.00,0.00,0.00,adelante,1.00
0,30,103,-0.89036,0.09644,0.08949,0.22862,-1.00518,-0.14951,0.00,0.00,0.00,adelante,1.00
0,30,104,-0.88401,0.10712,0.10077,0.31215,-1.11605,-0.12721,0.00,0.00,0.00,adelante,1.00
0,30,105,-0.91689,0.09028,0.09101,0.36163,-1.15454,-0.06078,0.00,0.00,0.00,adelante,1.00
0,30,106,-0.93989,0.05209,0.09132,0.36744,-1.17485,-0.01512,0.00,0.00,0.00,adelante,1.00
0,30,107,-0.96288,0.01275,0.08571,0.32299,-1.17607,0.02566,0.00,0.00,0.00,adelante,1.00
0,30,108,-0.96966,-0.00573,0.12438,0.29642,-1.18966,0.05406,0.00,0.00,0.00,adelante,1.00
0,30,109,-1.04767,-0.03654,0.10553,0.24923,-1.12445,0.02001,0.00,0.00,0.00,adelante,1.00
0,30,110,-1.07378,-0.06350,0.11492,0.10873,-0.96242,-0.00489,0.00,0.00,0.00,adelante,1.00
0,30,111,-1.06567,-0.03221,0.13139,0.06903,-0.89385,-0.07926,0.00,0.00,0.00,adelante,1.00
0,30,112,-0.99503,-0.03636,0.18367,0.11668,-0.93646,-0.26634,0.00,0.00,0.00,adelante,1.00
0,30,113,-0.92055,-0.01598,0.22661,0.04047,-0.98471,-0.37110,0.00,0.00,0.00,adelante,1.00
0,30,114,-0.87657,0.00268,0.23156,0.04459,-1.15774,-0.42654,0.00,0.00,0.00,adelante,1.00
0,30,115,-0.84467,0.02568,0.24077,0.04307,-1.33611,-0.42883,0.00,0.00,0.00,adelante,1.00
0,30,116,-0.82582,0.02769,0.23290,0.04383,-1.47692,-0.34865,0.00,0.00,0.00,adelante,1.00
0,30,117,-0.82978,0.00836,0.23174,0.00947,-1.61772,-0.26481,0.00,0.00,0.00,adelante,1.00
0,30,118,-0.84107,-0.00793,0.22808,-0.01359,-1.73394,-0.15715,0.00,0.00,0.00,adelante,1.00
0,30,119,-0.94398,0.00335,0.21917,-0.04062,-1.72737,-0.03879,0.00,0.00,0.00,adelante,1.00
0,30,120,-0.98796,0.02574,0.23522,-0.01680,-1.61803,0.05452,0.00,0.00,0.00,adelante,1.00
0,30,121,-0.95325,0.03483,0.31086,0.00305,-1.57130,0.06445,0.00,0.00,0.00,adelante,1.00
0,30,122,-0.91354,0.05258,0.35051,0.08415,-1.61330,0.02169,0.00,0.00,0.00,adelante,1.00
0,30,123,-0.89420,0.06423,0.37149,0.17272,-1.70599,0.00580,0.00,0.00,0.00,adelante,1.00
0,30,124,-0.87986,0.05344,0.37527,0.19303,-1.74433,0.04230,0.00,0.00,0.00,adelante,1.00
0,30,125,-0.84406,0.01690,0.39803,0.19364,-1.84359,0.10293,0.00,0.00,0.00,adelante,1.00
0,30,126,-0.83857,-0.02696,0.39070,0.15394,-1.93889,0.16524,0.00,0.00,0.00,adelante,1.00
0,30,127,-0.77488,-0.06899,0.40766,0.03497,-2.03724,0.24343,0.00,0.00,0.00,adelante,1.00
0,30,128,-0.71937,-0.09534,0.48251,-0.10095,-2.15498,0.31704,0.00,0.00,0.00,adelante,1.00
0,30,129,-0.70687,-0.10541,0.47946,-0.21625,-2.34053,0.32635,0.00,0.00,0.00,adelante,1.00
0,30,130,-0.80178,-0.08247,0.48001,-0.38591,-2.40467,0.37522,0.00,0.00,0.00,adelante,1.00
0,30,131,-0.93672,-0.02239,0.47482,-0.40775,-2.31854,0.36117,0.00,0.00,0.00,adelante,1.00
0,30,132,-0.95996,0.01434,0.50575,-0.44089,-2.17667,0.28329,0.00,0.00,0.00,adelante,1.00
0,30,133,-0.97234,0.03282,0.51917,-0.42593,-2.11420,0.17776,0.00,0.00,0.00,adelante,1.00
0,30,134,-0.97502,0.03751,0.53973,-0.33598,-2.04136,0.09102,0.00,0.00,0.00,adelante,1.00
0,30,135,-1.00870,0.03270,0.52222,-0.23640,-1.89093,0.00443,0.00,0.00,0.00,adelante,1.00
0,30,136,-0.97228,0.02233,0.53906,-0.20113,-1.68736,-0.02306,0.00,0.00,0.00,adelante,1.00
0,30,137,-0.93281,0.01305,0.57895,-0.09514,-1.66766,-0.06231,0.00,0.00,0.00,adelante,1.00
0,30,138,-0.91329,-0.05124,0.54662,-0.14554,-1.54900,-0.05498,0.00,0.00,0.00,adelante,1.00
0,30,139,-0.87035,-0.05710,0.60860,-0.18708,-1.49433,-0.10736,0.00,0.00,0.00,adelante,1.00
0,30,140,-0.89463,-0.03465,0.60183,-0.18066,-1.45646,-0.19670,0.00,0.00,0.00,adelante,1.00
0,30,141,-0.91207,-0.00805,0.59951,-0.19395,-1.34604,-0.27947,0.00,0.00,0.00,adelante,1.00
0,30,142,-0.96563,0.00427,0.55797,-0.18005,-1.22509,-0.27642,0.00,0.00,0.00,adelante,1.00
0,30,143,-0.94251,-0.02946,0.57456,-0.13806,-1.03404,-0.34224,0.00,0.00,0.00,adelante,1.00
0,30,144,-0.89090,0.00183,0.63769,-0.13149,-0.88545,-0.42470,0.00,0.00,0.00,adelante,1.00
0,30,145,-0.80856,-0.04691,0.70547,-0.02123,-0.88438,-0.54917,0.00,0.00,0.00,adelante,1.00
0,30,146,-0.74884,-0.03013,0.73249,0.01527,-0.97830,-0.69455,0.00,0.00,0.00,adelante,1.00
0,30,147,-0.73981,-0.02550,0.69894,-0.00672,-1.05985,-0.71563,0.00,0.00,0.00,adelante,1.00
0,30,148,-0.71510,-0.01287,0.70028,0.01665,-1.16232,-0.66905,0.00,0.00,0.00,adelante,1.00
0,30,149,-0.68460,0.00037,0.68344,0.03879,-1.24326,-0.53710,0.00,0.00,0.00,adelante,1.00
0,30,150,-0.67198,-0.00122,0.67326,-0.03436,-1.27396,-0.36133,0.00,0.00,0.00,adelante,1.00
0,30,151,-0.67899,0.01751,0.65904,-0.04551,-1.31809,-0.16035,0.00,0.00,0.00,adelante,1.00
0,30,152,-0.67368,0.02995,0.63739,-0.11118,-1.26098,0.07025,0.00,0.00,0.00,adelante,1.00
0,30,153,-0.68924,0.05228,0.63556,-0.12675,-1.19806,0.28787,0.00,0.00,0.00,adelante,1.00
0,30,154,-0.70461,0.08241,0.61482,-0.12507,-1.08780,0.56016,0.00,0.00,0.00,adelante,1.00
0,30,155,-0.72364,0.09851,0.62690,-0.11576,-0.96303,0.83169,0.00,0.00,0.00,adelante,1.00
0,30,156,-0.68704,0.06850,0.68003,-0.03482,-0.91019,0.98013,0.00,0.00,0.00,adelante,1.00
0,30,157,-0.67661,0.02056,0.70638,0.08063,-0.89751,0.99815,0.00,0.00,0.00,adelante,1.00
0,30,158,-0.64324,-0.01397,0.70364,0.12034,-0.89935,0.88301,0.00,0.00,0.00,adelante,1.00
0,30,159,-0.67216,-0.04740,0.73609,0.11988,-0.86667,0.78481,0.00,0.00,0.00,adelante,1.00
0,30,160,-0.65618,-0.04642,0.75957,0.10858,-0.93371,0.67745,0.00,0.00,0.00,adelante,1.00
0,30,161,-0.62513,-0.02208,0.76299,0.05803,-0.96135,0.59300,0.00,0.00,0.00,adelante,1.00
0,30,162,-0.65508,0.01086,0.76195,0.05895,-0.98349,0.58261,0.00,0.00,0.00,adelante,1.00
0,30,163,-0.67484,-0.00372,0.72248,0.06613,-0.93401,0.57513,0.00,0.00,0.00,adelante,1.00
0,30,164,-0.68485,-0.04788,0.75585,-0.01084,-0.81902,0.58704,0.00,0.00,0.00,adelante,1.00
0,30,165,-0.67704,-0.07302,0.78537,-0.06567,-0.80970,0.43753,0.00,0.00,0.00,adelante,1.00
0,30,166,-0.68832,-0.05209,0.77598,-0.19334,-0.76465,0.38347,0.00,0.00,0.00,adelante,1.00
0,30,167,-0.71980,0.00769,0.76640,-0.18372,-0.68692,0.36240,0.00,0.00,0.00,adelante,1.00
0,30,168,-0.66703,0.01372,0.82984,-0.14264,-0.60216,0.38836,0.00,0.00,0.00,adelante,1.00
0,30,169,-0.60927,0.00988,0.85132,-0.10415,-0.62430,0.31628,0.00,0.00,0.00,adelante,1.00
0,30,170,-0.59262,0.01592,0.85528,-0.09132,-0.68356,0.27840,0.00,0.00,0.00,adelante,1.00
0,30,171,-0.60976,0.01269,0.82295,-0.06063,-0.72250,0.30009,0.00,0.00,0.00,adelante,1.00
0,30,172,-0.62318,0.02098,0.83027,-0.05513,-0.71059,0.37064,0.00,0.00,0.00,adelante,1.00
0,30,173,-0.64019,-0.01031,0.83533,-0.09682,-0.66035,0.42913,0.00,0.00,0.00,adelante,1.00
0,30,174,-0.65740,-0.02653,0.82393,-0.12660,-0.62614,0.40057,0.00,0.00,0.00,adelante,1.00
0,30,175,-0.68979,-0.03276,0.80172,-0.18097,-0.54123,0.34880,0.00,0.00,0.00,adelante,1.00
0,30,176,-0.71760,-0.02367,0.80221,-0.18265,-0.44502,0.29260,0.00,0.00,0.00,adelante,1.00
0,30,177,-0.66100,-0.01696,0.82881,-0.18952,-0.37003,0.22541,0.00,0.00,0.00,adelante,1.00
0,30,178,-0.65105,0.01324,0.83643,-0.20159,-0.30620,0.17226,0.00,0.00,0.00,adelante,1.00
0,30,179,-0.67930,0.06942,0.83430,-0.14340,-0.25030,0.17165,0.00,0.00,0.00,adelante,1.00
0,30,180,-0.67283,0.10352,0.83814,-0.06643,-0.11744,0.23702,0.00,0.00,0.00,adelante,1.00
0,30,181,-0.67753,0.09083,0.83643,0.01451,-0.02703,0.25916,0.00,0.00,0.00,adelante,1.00
0,30,182,-0.69223,0.06283,0.85723,0.14630,0.01726,0.17150,0.00,0.00,0.00,adelante,1.00
0,30,183,-0.69375,0.03471,0.84125,0.19624,0.06750,0.05116,0.00,0.00,0.00,adelante,1.00
0,30,184,-0.72980,0.04099,0.81856,0.21166,0.16600,-0.04032,0.00,0.00,0.00,adelante,1.00
0,30,185,-0.75640,0.06173,0.81764,0.23900,0.28955,-0.06475,0.00,0.00,0.00,adelante,1.00
0,30,186,-0.72700,0.06844,0.81337,0.25137,0.45219,-0.02489,0.00,0.00,0.00,adelante,1.00
0,30,187,-0.74463,0.07924,0.82515,0.26939,0.60521,0.02963,0.00,0.00,0.00,adelante,1.00
0,30,188,-0.78983,0.10913,0.80581,0.34651,0.74632,0.12416,0.00,0.00,0.00,adelante,1.00
0,30,189,-0.80148,0.11315,0.82533,0.36805,0.95341,0.19868,0.00,0.00,0.00,adelante,1.00
0,30,190,-0.82143,0.11126,0.81398,0.47403,1.13041,0.15195,0.00,0.00,0.00,adelante,1.00
0,30,191,-0.87517,0.09266,0.75835,0.58750,1.25350,0.04536,0.00,0.00,0.00,adelante,1.00
0,30,192,-0.92598,0.08150,0.69333,0.65805,1.51250,0.02169,0.00,0.00,0.00,adelante,1.00
0,30,193,-0.87529,0.07698,0.71102,0.62858,1.79274,0.14080,0.00,0.00,0.00,adelante,1.00
0,30,194,-0.83826,0.05148,0.73877,0.65011,1.99356,0.29077,0.00,0.00,0.00,adelante,1.00
0,30,195,-0.77781,0.05899,0.78544,0.57559,2.17193,0.54810,0.00,0.00,0.00,adelante,1.00
0,30,196,-0.72999,0.07143,0.84296,0.46899,2.22065,0.85872,0.00,0.00,0.00,adelante,1.00
0,30,197,-0.64343,0.07283,0.88053,0.44120,2.12031,0.95692,0.00,0.00,0.00,adelante,1.00
0,30,198,-0.64989,0.07594,0.84351,0.41554,1.99570,0.95845,0.00,0.00,0.00,adelante,1.00
0,31,1,-0.98259,0.05661,-0.08955,0.03803,-0.04765,-0.04398,0.00,0.00,0.00,atrás,0.25
0,31,2,-0.98161,0.04685,-0.08747,0.02382,-0.04154,-0.05360,0.00,0.00,0.00,atrás,0.25
0,31,3,-0.96667,0.05533,-0.08491,0.00519,-0.05681,-0.07911,0.00,0.00,0.00,atrás,0.25
0,31,4,-0.95691,0.05941,-0.08894,-0.02001,-0.01130,-0.04581,0.00,0.00,0.00,atrás,0.25
0,31,5,-0.97356,0.06027,-0.07936,0.00397,-0.04322,-0.05559,0.00,0.00,0.00,atrás,0.25
0,31,6,-0.96356,0.06539,-0.09510,0.02459,-0.06979,-0.05818,0.00,0.00,0.00,atrás,0.25
0,31,7,-0.97405,0.07418,-0.09546,0.01023,-0.04093,-0.06658,0.00,0.00,0.00,atrás,0.25
0,31,8,-0.98741,0.07485,-0.08326,0.00321,-0.04123,-0.03299,0.00,0.00,0.00,atrás,0.25
0,31,9,-0.97484,0.05941,-0.08760,0.06017,-0.04398,-0.04917,0.00,0.00,0.00,atrás,0.25
0,31,10,-0.97130,0.05557,-0.08211,0.04154,-0.03818,-0.05101,0.00,0.00,0.00,atrás,0.25
0,31,11,-0.97307,0.04685,-0.07637,0.03406,-0.04215,-0.05605,0.00,0.00,0.00,atrás,0.25
0,31,12,-0.97277,0.05167,-0.08015,0.02902,-0.04917,-0.06185,0.00,0.00,0.00,atrás,0.25
0,31,13,-0.98228,0.05533,-0.09187,0.01802,-0.03375,-0.05345,0.00,0.00,0.00,atrás,0.25
0,31,14,-0.97722,0.05752,-0.08936,0.05269,-0.06704,-0.07193,0.00,0.00,0.00,atrás,0.25
0,31,15,-0.98112,0.06564,-0.08217,0.03787,-0.04719,-0.04811,0.00,0.00,0.00,atrás,0.25
0,31,16,-0.98009,0.07094,-0.08082,0.03421,-0.02001,-0.01451,0.00,0.00,0.00,atrás,0.25
0,31,17,-0.98332,0.06246,-0.08381,0.06735,-0.05971,-0.04261,0.00,0.00,0.00,atrás,0.25
0,31,18,-0.97960,0.06179,-0.09046,0.04581,-0.03207,-0.03757,0.00,0.00,0.00,atrás,0.25
0,31,19,-0.97899,0.05520,-0.09187,0.05681,-0.00031,-0.04322,0.00,0.00,0.00,atrás,0.25
0,31,20,-0.97582,0.05008,-0.07619,0.03818,-0.02413,-0.04612,0.00,0.00,0.00,atrás,0.25
0,31,21,-0.96886,0.05581,-0.09333,0.04246,-0.04352,-0.07055,0.00,0.00,0.00,atrás,0.25
0,31,22,-0.97893,0.05575,-0.10071,0.02505,-0.03406,-0.06918,0.00,0.00,0.00,atrás,0.25
0,31,23,-0.96740,0.05789,-0.09571,0.02932,-0.04475,-0.05757,0.00,0.00,0.00,atrás,0.25
0,31,24,-0.96844,0.06185,-0.08625,0.00932,-0.02153,-0.03360,0.00,0.00,0.00,atrás,0.25
0,31,25,-0.97112,0.05783,-0.08595,0.02749,-0.04032,-0.00214,0.00,0.00,0.00,atrás,0.25
0,31,26,-0.97283,0.06100,-0.10449,0.02779,-0.05788,-0.03726,0.00,0.00,0.00,atrás,0.25
0,31,27,-0.97228,0.06320,-0.09095,0.01374,-0.03054,-0.02642,0.00,0.00,0.00,atrás,0.25
0,31,28,-0.97124,0.05563,-0.08351,0.02566,-0.03864,-0.02749,0.00,0.00,0.00,atrás,0.25
0,31,29,-0.97228,0.06106,-0.09010,0.02199,-0.05238,-0.02275,0.00,0.00,0.00,atrás,0.25
0,31,30,-0.97691,0.06234,-0.09217,0.01206,-0.03650,-0.01878,0.00,0.00,0.00,atrás,0.25
0,31,31,-0.98222,0.05917,-0.09363,0.04123,-0.05269,-0.03268,0.00,0.00,0.00,atrás,0.25
0,31,32,-0.97740,0.06411,-0.08516,0.04429,-0.05147,-0.05880,0.00,0.00,0.00,atrás,0.25
0,31,33,-0.98234,0.06478,-0.08662,0.02107,-0.02398,-0.02123,0.00,0.00,0.00,atrás,0.25
0,31,34,-0.97862,0.06191,-0.08217,0.06139,-0.04979,-0.04688,0.00,0.00,0.00,atrás,0.25
0,31,35,-0.98210,0.05789,-0.09431,0.04444,-0.03864,-0.04444,0.00,0.00,0.00,atrás,0.25
0,31,36,-0.98301,0.06082,-0.09193,0.06139,-0.04261,-0.05696,0.00,0.00,0.00,atrás,0.25
0,31,37,-0.97984,0.05777,-0.08540,0.06552,-0.02459,-0.03619,0.00,0.00,0.00,atrás,0.25
0,31,38,-0.98735,0.05673,-0.08473,0.05147,-0.01283,-0.02734,0.00,0.00,0.00,atrás,0.25
0,31,39,-0.98149,0.05197,-0.08436,0.05437,-0.03314,-0.04490,0.00,0.00,0.00,atrás,0.25
0,31,40,-0.97325,0.05234,-0.08717,0.05849,-0.07117,-0.06353,0.00,0.00,0.00,atrás,0.25
0,31,41,-0.98997,0.05069,-0.08479,0.04001,-0.00611,-0.03680,0.00,0.00,0.00,atrás,0.25
0,31,42,-0.98704,0.04544,-0.09687,0.04780,-0.00473,-0.04520,0.00,0.00,0.00,atrás,0.25
0,31,43,-0.98979,0.04508,-0.10218,0.05788,-0.02749,-0.06597,0.00,0.00,0.00,atrás,0.25
0,31,44,-0.99869,0.05002,-0.07869,0.02367,0.01680,-0.04078,0.00,0.00,0.00,atrás,0.25
0,31,45,-1.00998,0.04843,-0.08595,0.01374,0.01161,-0.02947,0.00,0.00,0.00,atrás,0.25
0,31,46,-0.99820,0.05136,-0.10571,0.00504,0.01741,-0.02138,0.00,0.00,0.00,atrás,0.25
0,31,47,-1.00552,0.05197,-0.09778,-0.00275,0.04322,-0.00305,0.00,0.00,0.00,atrás,0.25
0,31,48,-0.99985,0.05051,-0.08272,0.01252,0.03818,-0.00718,0.00,0.00,0.00,atrás,0.25
0,31,49,-1.00235,0.04782,-0.09229,0.02077,0.03131,-0.01283,0.00,0.00,0.00,atrás,0.25
0,31,50,-1.01059,0.04325,-0.10096,-0.00794,0.07162,-0.00382,0.00,0.00,0.00,atrás,0.25
0,31,51,-1.01449,0.03276,-0.09595,-0.01038,0.08476,0.02367,0.00,0.00,0.00,atrás,0.25
0,31,52,-1.01455,0.05307,-0.10480,-0.00443,0.09682,-0.02535,0.00,0.00,0.00,atrás,0.25
0,31,53,-1.01181,0.05667,-0.09498,-0.01863,0.12477,-0.02902,0.00,0.00,0.00,atrás,0.25
0,31,54,-1.02700,0.05478,-0.11791,0.02275,0.10553,-0.05559,0.00,0.00,0.00,atrás,0.25
0,31,55,-1.03035,0.05972,-0.10425,-0.00443,0.17532,-0.03268,0.00,0.00,0.00,atrás,0.25
0,31,56,-1.05280,0.05130,-0.11578,-0.01894,0.20097,-0.02749,0.00,0.00,0.00,atrás,0.25
0,31,57,-1.06116,0.04331,-0.11883,0.01390,0.19334,-0.05666,0.00,0.00,0.00,atrás,0.25
0,31,58,-1.06402,0.03831,-0.13389,-0.03497,0.28054,-0.01054,0.00,0.00,0.00,atrás,0.25
0,31,59,-1.06848,0.03660,-0.13243,-0.07605,0.34651,0.00916,0.00,0.00,0.00,atrás,0.25
0,31,60,-1.06823,0.04978,-0.13536,-0.06552,0.37049,0.00000,0.00,0.00,0.00,atrás,0.25
0,31,61,-1.05750,0.05484,-0.13627,-0.11500,0.45250,0.02611,0.00,0.00,0.00,atrás,0.25
0,31,62,-1.04475,0.04996,-0.14829,-0.11133,0.50167,0.00580,0.00,0.00,0.00,atrás,0.25
0,31,63,-1.03840,0.06326,-0.15384,-0.07773,0.51252,-0.03329,0.00,0.00,0.00,atrás,0.25
0,31,64,-1.02120,0.07814,-0.13640,-0.10461,0.58567,-0.01680,0.00,0.00,0.00,atrás,0.25
0,31,65,-1.01278,0.06765,-0.14756,-0.08140,0.60033,-0.03803,0.00,0.00,0.00,atrás,0.25
0,31,66,-1.00260,0.06887,-0.14012,-0.08186,0.60079,-0.07468,0.00,0.00,0.00,atrás,0.25
0,31,67,-1.00955,0.08638,-0.15287,-0.11698,0.63744,-0.05360,0.00,0.00,0.00,atrás,0.25
0,31,68,-1.03913,0.09998,-0.17208,-0.04062,0.63026,-0.08094,0.00,0.00,0.00,atrás,0.25
0,31,69,-1.04255,0.07924,-0.18599,0.01008,0.69684,-0.05696,0.00,0.00,0.00,atrás,0.25
0,31,70,-1.02803,0.06740,-0.19111,-0.01588,0.78527,-0.01191,0.00,0.00,0.00,atrás,0.25
0,31,71,-1.02840,0.05124,-0.18391,0.00657,0.80390,-0.02092,0.00,0.00,0.00,atrás,0.25
0,31,72,-1.04969,0.06039,-0.18617,-0.02260,0.87018,-0.00916,0.00,0.00,0.00,atrás,0.25
0,31,73,-1.08257,0.08412,-0.20014,-0.02245,0.94990,-0.01084,0.00,0.00,0.00,atrás,0.25
0,32,1,-0.98228,-0.01116,-0.01616,0.03772,-0.03360,-0.02795,0.00,0.00,0.00,atrás,0.50
0,32,2,-0.98131,-0.02043,-0.01000,0.03635,-0.05406,-0.05437,0.00,0.00,0.00,atrás,0.50
0,32,3,-0.98576,-0.00769,-0.01995,-0.00580,-0.02001,-0.03238,0.00,0.00,0.00,atrás,0.50
0,32,4,-0.98887,0.00006,-0.00128,0.02566,-0.00367,-0.05574,0.00,0.00,0.00,atrás,0.50
0,32,5,-0.98137,0.00592,-0.01183,0.03742,-0.04246,-0.04688,0.00,0.00,0.00,atrás,0.50
0,32,6,-0.97795,-0.00451,-0.01086,0.01374,-0.02474,-0.03024,0.00,0.00,0.00,atrás,0.50
0,32,7,-0.99332,-0.00409,-0.01104,0.03451,-0.04246,-0.02398,0.00,0.00,0.00,atrás,0.50
0,32,8,-0.98234,-0.00586,-0.00976,0.01863,-0.03680,-0.01405,0.00,0.00,0.00,atrás,0.50
0,32,9,-0.99131,-0.01019,-0.01104,0.00092,-0.02657,-0.01191,0.00,0.00,0.00,atrás,0.50
0,32,10,-0.98747,-0.00714,-0.02251,0.01527,-0.04979,-0.03574,0.00,0.00,0.00,atrás,0.50
0,32,11,-0.98070,0.00335,-0.00756,0.01252,-0.04383,-0.04322,0.00,0.00,0.00,atrás,0.50
0,32,12,-0.99332,0.00604,-0.01879,0.00458,-0.02443,-0.03818,0.00,0.00,0.00,atrás,0.50
0,32,13,-0.98710,0.00464,-0.02068,0.02611,-0.03238,-0.06597,0.00,0.00,0.00,atrás,0.50
0,32,14,-0.99064,0.00891,-0.01452,-0.00473,0.00794,-0.03910,0.00,0.00,0.00,atrás,0.50
0,32,15,-0.98204,0.01013,-0.00671,0.02153,-0.01268,-0.04643,0.00,0.00,0.00,atrás,0.50
0,32,16,-0.99137,0.01598,-0.01153,0.02734,-0.02199,-0.05742,0.00,0.00,0.00,atrás,0.50
0,32,17,-0.98466,0.02233,-0.01055,0.01939,-0.00809,-0.02703,0.00,0.00,0.00,atrás,0.50
0,32,18,-0.99351,0.01568,-0.02013,0.03528,0.00367,-0.02459,0.00,0.00,0.00,atrás,0.50
0,32,19,-0.98399,0.01189,-0.01135,0.07071,-0.00504,-0.03711,0.00,0.00,0.00,atrás,0.50
0,32,20,-0.98820,0.01128,-0.01720,0.04261,0.03238,-0.04276,0.00,0.00,0.00,atrás,0.50
0,32,21,-0.99308,0.00256,-0.00732,0.07010,0.01390,-0.05574,0.00,0.00,0.00,atrás,0.50
0,32,22,-0.97277,-0.00579,-0.01311,0.07132,0.01100,-0.06949,0.00,0.00,0.00,atrás,0.50
0,32,23,-0.96093,-0.00641,-0.02513,0.04001,0.00305,-0.07147,0.00,0.00,0.00,atrás,0.50
0,32,24,-0.95941,-0.00012,-0.00872,0.10446,-0.07453,-0.11820,0.00,0.00,0.00,atrás,0.50
0,32,25,-0.95721,0.00451,-0.01952,0.03711,-0.04123,-0.07590,0.00,0.00,0.00,atrás,0.50
0,32,26,-0.96410,0.01116,-0.02971,0.06124,-0.06063,-0.05727,0.00,0.00,0.00,atrás,0.50
0,32,27,-0.97429,0.01171,-0.02922,0.08369,-0.05452,-0.02886,0.00,0.00,0.00,atrás,0.50
0,32,28,-0.97350,0.01220,-0.01263,0.07743,-0.04154,-0.03421,0.00,0.00,0.00,atrás,0.50
0,32,29,-0.98960,-0.00470,-0.00494,0.07330,-0.02245,0.02398,0.00,0.00,0.00,atrás,0.50
0,32,30,-0.99137,-0.02196,-0.01635,0.09117,-0.00641,0.00061,0.00,0.00,0.00,atrás,0.50
0,32,31,-0.99625,-0.04233,-0.02050,0.05070,-0.02779,0.00107,0.00,0.00,0.00,atrás,0.50
0,32,32,-0.99619,-0.03642,-0.01677,0.02947,-0.00031,-0.01283,0.00,0.00,0.00,atrás,0.50
0,32,33,-0.99491,-0.02287,-0.01763,0.02046,-0.02123,-0.05330,0.00,0.00,0.00,atrás,0.50
0,32,34,-0.98582,-0.01592,-0.02062,-0.01619,0.00687,-0.06139,0.00,0.00,0.00,atrás,0.50
0,32,35,-0.97942,-0.00390,-0.00945,-0.00794,0.03100,-0.07132,0.00,0.00,0.00,atrás,0.50
0,32,36,-0.97155,0.00299,-0.00964,-0.00870,-0.01481,-0.10705,0.00,0.00,0.00,atrás,0.50
0,32,37,-0.96844,0.01696,-0.01421,-0.01558,-0.01069,-0.04352,0.00,0.00,0.00,atrás,0.50
0,32,38,-0.97112,0.01244,-0.02446,0.01115,-0.02520,-0.01115,0.00,0.00,0.00,atrás,0.50
0,32,39,-0.97777,0.01690,-0.01867,0.02825,-0.01359,-0.01176,0.00,0.00,0.00,atrás,0.50
0,32,40,-0.98722,0.01025,-0.01970,0.04291,0.00031,-0.01573,0.00,0.00,0.00,atrás,0.50
0,32,41,-0.98625,0.00098,-0.01275,0.06857,0.01084,-0.03680,0.00,0.00,0.00,atrás,0.50
0,32,42,-0.98033,-0.00872,-0.01806,0.07789,0.01084,-0.06231,0.00,0.00,0.00,atrás,0.50
0,32,43,-0.98210,-0.01385,-0.01677,0.05238,0.00092,-0.07773,0.00,0.00,0.00,atrás,0.50
0,32,44,-0.98484,-0.01470,-0.01494,0.08354,-0.00137,-0.12798,0.00,0.00,0.00,atrás,0.50
0,32,45,-0.98747,-0.01708,-0.02538,0.05483,-0.00244,-0.12431,0.00,0.00,0.00,atrás,0.50
0,32,46,-0.99436,-0.01568,-0.03776,0.05116,0.02123,-0.09270,0.00,0.00,0.00,atrás,0.50
0,32,47,-1.01522,-0.02287,-0.02824,0.05345,0.02871,-0.09743,0.00,0.00,0.00,atrás,0.50
0,32,48,-1.01602,-0.01257,-0.02501,0.03482,0.01741,-0.09529,0.00,0.00,0.00,atrás,0.50
0,32,49,-1.02022,-0.00006,-0.01519,0.01436,0.10308,-0.05299,0.00,0.00,0.00,atrás,0.50
0,32,50,-1.01376,-0.01836,-0.02977,0.00809,0.10599,-0.05986,0.00,0.00,0.00,atrás,0.50
0,32,51,-1.01888,-0.03392,-0.04026,0.00962,0.14600,-0.06506,0.00,0.00,0.00,atrás,0.50
0,32,52,-1.04316,-0.03508,-0.03995,-0.04383,0.20953,-0.03635,0.00,0.00,0.00,atrás,0.50
0,32,53,-1.03499,-0.03800,-0.03489,-0.02856,0.21640,-0.06628,0.00,0.00,0.00,atrás,0.50
0,32,54,-1.03206,-0.03447,-0.03892,-0.07682,0.25137,-0.07941,0.00,0.00,0.00,atrás,0.50
0,32,55,-1.02950,-0.02702,-0.02824,-0.08735,0.25152,-0.10934,0.00,0.00,0.00,atrás,0.50
0,32,56,-1.02962,-0.02300,-0.03227,-0.07666,0.20174,-0.15226,0.00,0.00,0.00,atrás,0.50
0,32,57,-1.06073,-0.00909,-0.06966,-0.12507,0.32437,-0.12721,0.00,0.00,0.00,atrás,0.50
0,32,58,-1.10117,-0.00671,-0.06747,-0.12156,0.42745,-0.10858,0.00,0.00,0.00,atrás,0.50
0,32,59,-1.09971,-0.00061,-0.07485,-0.08262,0.48976,-0.12889,0.00,0.00,0.00,atrás,0.50
0,32,60,-1.09440,-0.00079,-0.07558,-0.06765,0.57314,-0.13042,0.00,0.00,0.00,atrás,0.50
0,32,61,-1.08305,-0.00659,-0.06204,-0.06628,0.69013,-0.10476,0.00,0.00,0.00,atrás,0.50
0,32,62,-1.04060,-0.01446,-0.06417,-0.04780,0.65332,-0.14432,0.00,0.00,0.00,atrás,0.50
0,32,63,-1.05255,-0.00665,-0.06295,-0.08522,0.70952,-0.11026,0.00,0.00,0.00,atrás,0.50
0,32,64,-1.04749,-0.00579,-0.07405,-0.02642,0.71410,-0.13378,0.00,0.00,0.00,atrás,0.50
0,32,65,-1.03584,-0.00604,-0.10169,-0.04704,0.71532,-0.11698,0.00,0.00,0.00,atrás,0.50
0,32,66,-1.02645,-0.01153,-0.09711,-0.04062,0.73915,-0.09865,0.00,0.00,0.00,atrás,0.50
0,32,67,-1.04639,-0.02013,-0.11596,-0.03344,0.71654,-0.10247,0.00,0.00,0.00,atrás,0.50
0,32,68,-1.06890,-0.01909,-0.11572,-0.05651,0.77565,-0.09697,0.00,0.00,0.00,atrás,0.50
0,32,69,-1.08598,0.00756,-0.12035,-0.03100,0.83963,-0.11270,0.00,0.00,0.00,atrás,0.50
0,32,70,-1.12850,0.02782,-0.14634,0.05773,0.88010,-0.13042,0.00,0.00,0.00,atrás,0.50
0,32,71,-1.13796,0.03410,-0.18068,0.10736,0.99357,-0.10797,0.00,0.00,0.00,atrás,0.50
0,32,72,-1.14460,0.04197,-0.17281,0.18326,1.13178,-0.06506,0.00,0.00,0.00,atrás,0.50
0,32,73,-1.14967,0.02959,-0.20106,0.28008,1.22433,-0.05452,0.00,0.00,0.00,atrás,0.50
0,32,74,-1.15192,0.01708,-0.19672,0.28527,1.37017,0.01038,0.00,0.00,0.00,atrás,0.50
0,32,75,-1.13655,-0.00939,-0.18428,0.32193,1.45416,0.01115,0.00,0.00,0.00,atrás,0.50
0,32,76,-1.12893,-0.03361,-0.21197,0.30604,1.54075,0.00305,0.00,0.00,0.00,atrás,0.50
0,32,77,-1.10672,-0.05295,-0.22832,0.26649,1.61971,-0.00993,0.00,0.00,0.00,atrás,0.50
0,33,1,-0.97691,-0.02202,-0.02117,-0.00626,-0.04429,-0.03604,0.00,0.00,0.00,atrás,0.75
0,33,2,-0.98765,-0.01043,-0.00549,0.03787,-0.07086,-0.06002,0.00,0.00,0.00,atrás,0.75
0,33,3,-0.98204,-0.00671,-0.02391,0.03146,-0.06475,-0.04856,0.00,0.00,0.00,atrás,0.75
0,33,4,-0.98655,-0.00714,-0.00738,0.03574,-0.05376,0.00137,0.00,0.00,0.00,atrás,0.75
0,33,5,-0.98417,-0.01488,-0.01177,0.07086,-0.08048,0.00428,0.00,0.00,0.00,atrás,0.75
0,33,6,-0.99009,-0.02312,-0.03373,0.04291,-0.05253,0.00214,0.00,0.00,0.00,atrás,0.75
0,33,7,-0.99619,-0.02775,-0.00817,0.03787,-0.03910,0.04734,0.00,0.00,0.00,atrás,0.75
0,33,8,-0.99765,-0.02745,0.00049,0.04658,-0.06109,0.01008,0.00,0.00,0.00,atrás,0.75
0,33,9,-0.99820,-0.02037,-0.00494,0.00916,-0.02734,-0.01206,0.00,0.00,0.00,atrás,0.75
0,33,10,-0.99625,-0.02025,-0.00787,0.00993,-0.00702,-0.04566,0.00,0.00,0.00,atrás,0.75
0,33,11,-0.99643,-0.02470,-0.00073,0.02825,-0.04307,-0.09484,0.00,0.00,0.00,atrás,0.75
0,33,12,-0.99887,-0.00543,-0.00317,-0.01268,0.00229,-0.05681,0.00,0.00,0.00,atrás,0.75
0,33,13,-1.01406,-0.00061,0.00085,0.01252,0.02902,-0.04322,0.00,0.00,0.00,atrás,0.75
0,33,14,-0.99631,0.00165,-0.01055,0.02993,-0.00748,-0.05712,0.00,0.00,0.00,atrás,0.75
0,33,15,-0.98954,0.00744,-0.01025,0.01741,0.01802,-0.03283,0.00,0.00,0.00,atrás,0.75
0,33,16,-0.98057,0.00116,-0.00049,0.03818,0.03711,-0.00947,0.00,0.00,0.00,atrás,0.75
0,33,17,-0.97874,-0.00628,-0.02227,0.07269,0.00718,-0.05009,0.00,0.00,0.00,atrás,0.75
0,33,18,-0.97600,-0.00842,-0.00354,0.03528,0.00015,-0.03390,0.00,0.00,0.00,atrás,0.75
0,33,19,-0.96276,-0.00848,-0.00500,0.06781,-0.00076,-0.07361,0.00,0.00,0.00,atrás,0.75
0,33,20,-0.95794,-0.00842,-0.00945,0.04841,-0.00550,-0.06949,0.00,0.00,0.00,atrás,0.75
0,33,21,-0.95001,-0.00268,-0.01293,0.04994,-0.01054,-0.08018,0.00,0.00,0.00,atrás,0.75
0,33,22,-0.95038,-0.00842,-0.01665,0.07529,-0.04688,-0.09927,0.00,0.00,0.00,atrás,0.75
0,33,23,-0.94843,-0.00439,-0.02922,0.07605,-0.03039,-0.08231,0.00,0.00,0.00,atrás,0.75
0,33,24,-0.95849,-0.00823,-0.01098,0.09163,-0.03833,-0.07376,0.00,0.00,0.00,atrás,0.75
0,33,25,-0.95813,-0.01812,-0.02233,0.08079,-0.04276,-0.05620,0.00,0.00,0.00,atrás,0.75
0,33,26,-0.97020,-0.02794,-0.03215,0.09759,-0.03955,-0.03207,0.00,0.00,0.00,atrás,0.75
0,33,27,-0.97106,-0.03873,-0.00092,0.07407,-0.02917,-0.01038,0.00,0.00,0.00,atrás,0.75
0,33,28,-0.97027,-0.04050,-0.01055,0.05849,-0.04246,0.00657,0.00,0.00,0.00,atrás,0.75
0,33,29,-0.96642,-0.04666,-0.00939,0.00932,-0.03299,0.01939,0.00,0.00,0.00,atrás,0.75
0,33,30,-0.97887,-0.03825,-0.02086,-0.02123,-0.03955,0.01023,0.00,0.00,0.00,atrás,0.75
0,33,31,-0.99674,-0.03575,-0.00976,0.00825,-0.05895,-0.03696,0.00,0.00,0.00,atrás,0.75
0,33,32,-1.00443,-0.02062,-0.01958,-0.00993,-0.02306,-0.03268,0.00,0.00,0.00,atrás,0.75
0,33,33,-1.01431,-0.02257,-0.00067,0.06200,-0.05498,-0.08369,0.00,0.00,0.00,atrás,0.75
0,33,34,-1.00003,-0.02166,0.01165,0.01054,-0.01115,-0.08170,0.00,0.00,0.00,atrás,0.75
0,33,35,-0.99406,-0.01537,0.00903,-0.01878,0.01054,-0.05773,0.00,0.00,0.00,atrás,0.75
0,33,36,-0.98234,-0.00903,0.01647,-0.00687,-0.01176,-0.05315,0.00,0.00,0.00,atrás,0.75
0,33,37,-0.97496,0.01324,-0.01616,0.00993,-0.02214,-0.10690,0.00,0.00,0.00,atrás,0.75
0,33,38,-0.97618,0.00079,-0.00055,-0.03650,-0.00031,-0.04597,0.00,0.00,0.00,atrás,0.75
0,33,39,-0.99399,0.00201,-0.01202,0.04795,-0.00641,-0.07208,0.00,0.00,0.00,atrás,0.75
0,33,40,-1.00333,0.00793,-0.00537,0.07391,0.00901,-0.07086,0.00,0.00,0.00,atrás,0.75
0,33,41,-0.99741,0.00409,-0.00689,0.08491,0.02642,-0.06307,0.00,0.00,0.00,atrás,0.75
0,33,42,-0.98850,-0.00933,0.00433,0.12462,0.00244,-0.04811,0.00,0.00,0.00,atrás,0.75
0,33,43,-0.97472,-0.01677,0.00878,0.10568,0.00993,-0.06643,0.00,0.00,0.00,atrás,0.75
0,33,44,-0.97112,-0.03251,-0.01061,0.08567,-0.03619,-0.07223,0.00,0.00,0.00,atrás,0.75
0,33,45,-0.99332,-0.03233,-0.00958,0.10690,-0.04215,-0.09194,0.00,0.00,0.00,atrás,0.75
0,33,46,-1.00790,-0.03471,-0.02416,0.08858,-0.01451,-0.08216,0.00,0.00,0.00,atrás,0.75
0,33,47,-1.04371,-0.02965,-0.00964,0.04505,0.04078,-0.06796,0.00,0.00,0.00,atrás,0.75
0,33,48,-1.06451,-0.02251,-0.01434,0.08720,0.06063,-0.09804,0.00,0.00,0.00,atrás,0.75
0,33,49,-1.04566,-0.02013,-0.01549,0.05818,0.12538,-0.08033,0.00,0.00,0.00,atrás,0.75
0,33,50,-1.02907,-0.02855,-0.01555,0.07651,0.14386,-0.08537,0.00,0.00,0.00,atrás,0.75
0,33,51,-1.02742,-0.04788,-0.00927,0.07071,0.13653,-0.09514,0.00,0.00,0.00,atrás,0.75
0,33,52,-1.02761,-0.04142,-0.02946,0.02657,0.13882,-0.08995,0.00,0.00,0.00,atrás,0.75
0,33,53,-1.05493,-0.03770,-0.02635,0.02245,0.15455,-0.07147,0.00,0.00,0.00,atrás,0.75
0,33,54,-1.07476,-0.02434,-0.04178,0.02810,0.19594,-0.07407,0.00,0.00,0.00,atrás,0.75
0,33,55,-1.07970,-0.01793,-0.05832,0.00168,0.26634,-0.04108,0.00,0.00,0.00,atrás,0.75
0,33,56,-1.09184,-0.01934,-0.04520,0.07055,0.30864,-0.05620,0.00,0.00,0.00,atrás,0.75
0,33,57,-1.08354,-0.02629,-0.06625,0.04902,0.32467,-0.06170,0.00,0.00,0.00,atrás,0.75
0,33,58,-1.08074,-0.03251,-0.07613,0.03360,0.45433,-0.03696,0.00,0.00,0.00,atrás,0.75
0,33,59,-1.08897,-0.03928,-0.07125,0.06964,0.48686,-0.08170,0.00,0.00,0.00,atrás,0.75
0,33,60,-1.07458,-0.04258,-0.08070,0.01985,0.57681,-0.06399,0.00,0.00,0.00,atrás,0.75
0,33,61,-1.06701,-0.03587,-0.06399,-0.00275,0.64064,-0.05131,0.00,0.00,0.00,atrás,0.75
0,33,62,-1.04145,-0.04099,-0.07015,0.03268,0.64263,-0.05666,0.00,0.00,0.00,atrás,0.75
0,33,63,-1.01961,-0.03288,-0.07503,0.00626,0.66661,-0.03787,0.00,0.00,0.00,atrás,0.75
0,33,64,-1.00302,-0.02934,-0.06783,0.01710,0.64981,-0.04414,0.00,0.00,0.00,atrás,0.75
0,33,65,-1.00058,-0.02355,-0.08211,0.02413,0.63408,-0.04276,0.00,0.00,0.00,atrás,0.75
0,33,66,-0.99625,-0.01879,-0.10053,0.01527,0.64950,-0.01680,0.00,0.00,0.00,atrás,0.75
0,33,67,-1.00900,-0.01128,-0.08296,0.03558,0.65729,-0.00718,0.00,0.00,0.00,atrás,0.75
0,33,68,-1.02529,-0.02257,-0.10663,0.09667,0.64217,0.02535,0.00,0.00,0.00,atrás,0.75
0,33,69,-1.06506,-0.03794,-0.11925,0.06888,0.74709,0.04933,0.00,0.00,0.00,atrás,0.75
0,33,70,-1.07183,-0.04935,-0.14378,0.02123,0.83108,0.06032,0.00,0.00,0.00,atrás,0.75
0,33,71,-1.06872,-0.05392,-0.13524,0.05559,0.85384,0.00382,0.00,0.00,0.00,atrás,0.75
0,33,72,-1.04414,-0.05948,-0.13859,0.01970,0.92470,-0.02352,0.00,0.00,0.00,atrás,0.75
0,33,73,-1.03358,-0.05966,-0.11877,-0.01833,0.96349,-0.01436,0.00,0.00,0.00,atrás,0.75
0,33,74,-1.04993,-0.04868,-0.13688,-0.07376,0.99281,-0.07529,0.00,0.00,0.00,atrás,0.75
0,33,75,-1.05091,-0.04837,-0.16360,-0.08415,1.05267,-0.09820,0.00,0.00,0.00,atrás,0.75
0,33,76,-1.05280,-0.03617,-0.17763,-0.06552,1.05787,-0.10095,0.00,0.00,0.00,atrás,0.75
0,33,77,-1.05554,-0.04477,-0.20630,-0.08277,1.13621,-0.08705,0.00,0.00,0.00,atrás,0.75
0,33,78,-1.06048,-0.04782,-0.21820,-0.14936,1.25182,-0.04154,0.00,0.00,0.00,atrás,0.75
0,33,79,-1.03889,-0.05801,-0.19685,-0.15791,1.28282,-0.04016,0.00,0.00,0.00,atrás,0.75
0,33,80,-1.02645,-0.04142,-0.21021,-0.20143,1.40316,-0.00916,0.00,0.00,0.00,atrás,0.75
0,33,81,-1.01791,-0.02800,-0.23485,-0.23946,1.44515,0.01252,0.00,0.00,0.00,atrás,0.75
0,33,82,-0.98643,-0.01055,-0.23467,-0.18265,1.44454,-0.03344,0.00,0.00,0.00,atrás,0.75
0,33,83,-0.91964,0.00921,-0.23979,-0.18265,1.44179,-0.02902,0.00,0.00,0.00,atrás,0.75
0,33,84,-0.87504,0.00799,-0.23644,-0.13347,1.34375,-0.01222,0.00,0.00,0.00,atrás,0.75
0,33,85,-0.89871,-0.00482,-0.27401,-0.15455,1.30939,0.03803,0.00,0.00,0.00,atrás,0.75
0,33,86,-0.92452,0.00207,-0.31531,-0.19853,1.35475,0.05895,0.00,0.00,0.00,atrás,0.75
0,33,87,-0.95794,0.00171,-0.31915,-0.17532,1.38529,0.11438,0.00,0.00,0.00,atrás,0.75
0,33,88,-0.93135,-0.00226,-0.33385,-0.11408,1.39781,0.10782,0.00,0.00,0.00,atrás,0.75
0,34,1,-0.96941,0.01244,-0.04276,0.01909,-0.05376,-0.02947,0.00,0.00,0.00,atrás,1.00
0,34,2,-0.97807,0.01086,-0.04337,0.03772,-0.07743,-0.04658,0.00,0.00,0.00,atrás,1.00
0,34,3,-0.97771,0.01684,-0.05472,0.04062,-0.08751,-0.05528,0.00,0.00,0.00,atrás,1.00
0,34,4,-0.97063,0.01714,-0.04666,0.02550,-0.04200,-0.03192,0.00,0.00,0.00,atrás,1.00
0,34,5,-0.97771,0.00817,-0.03788,0.04536,-0.06536,-0.01741,0.00,0.00,0.00,atrás,1.00
0,34,6,-0.99180,0.00323,-0.03013,0.05757,-0.07010,-0.01237,0.00,0.00,0.00,atrás,1.00
0,34,7,-0.98765,0.00396,-0.04587,0.04872,-0.07025,0.03650,0.00,0.00,0.00,atrás,1.00
0,34,8,-0.98643,0.00543,-0.03349,0.05971,-0.06292,0.00153,0.00,0.00,0.00,atrás,1.00
0,34,9,-1.00693,-0.01061,-0.04849,0.05040,-0.04658,-0.02291,0.00,0.00,0.00,atrás,1.00
0,34,10,-0.99765,-0.01421,-0.03361,0.02275,-0.02275,-0.02184,0.00,0.00,0.00,atrás,1.00
0,34,11,-0.98692,-0.01006,-0.03398,0.02459,-0.04704,-0.05788,0.00,0.00,0.00,atrás,1.00
0,34,12,-0.97667,-0.00275,-0.04465,0.01939,-0.04139,-0.10629,0.00,0.00,0.00,atrás,1.00
0,34,13,-0.97795,0.00769,-0.03148,-0.03207,-0.03940,-0.06048,0.00,0.00,0.00,atrás,1.00
0,34,14,-0.95569,0.01708,-0.02916,0.00779,-0.05528,-0.06429,0.00,0.00,0.00,atrás,1.00
0,34,15,-0.96593,0.02239,-0.04892,-0.00260,-0.04062,-0.03574,0.00,0.00,0.00,atrás,1.00
0,34,16,-0.97216,0.03044,-0.04172,0.03238,-0.07804,-0.03696,0.00,0.00,0.00,atrás,1.00
0,34,17,-0.98497,0.02397,-0.03215,0.05040,-0.05574,-0.02352,0.00,0.00,0.00,atrás,1.00
0,34,18,-0.98576,0.03306,-0.03873,0.05253,-0.04047,-0.02275,0.00,0.00,0.00,atrás,1.00
0,34,19,-0.98552,0.01952,-0.02721,0.08919,-0.02841,-0.02902,0.00,0.00,0.00,atrás,1.00
0,34,20,-0.97887,-0.01336,-0.02806,0.09621,-0.04795,-0.06338,0.00,0.00,0.00,atrás,1.00
0,34,21,-0.97990,-0.00061,-0.02836,0.06277,-0.03619,-0.05864,0.00,0.00,0.00,atrás,1.00
0,34,22,-0.96862,-0.00128,-0.01128,0.04841,-0.05101,-0.05635,0.00,0.00,0.00,atrás,1.00
0,34,23,-0.96715,0.00006,-0.03691,0.03864,-0.05880,-0.07193,0.00,0.00,0.00,atrás,1.00
0,34,24,-0.97258,0.00317,-0.03788,0.02016,-0.04352,-0.06154,0.00,0.00,0.00,atrás,1.00
0,34,25,-0.96740,0.00531,-0.03733,0.04872,-0.06857,-0.06475,0.00,0.00,0.00,atrás,1.00
0,34,26,-0.97258,0.00964,-0.04368,0.07559,-0.07376,-0.04658,0.00,0.00,0.00,atrás,1.00
0,34,27,-0.96301,0.01873,-0.04636,0.04337,-0.06475,-0.04108,0.00,0.00,0.00,atrás,1.00
0,34,28,-0.97075,0.01171,-0.04544,0.06384,-0.07147,-0.02230,0.00,0.00,0.00,atrás,1.00
0,34,29,-0.96715,0.01800,-0.04142,0.06216,-0.06216,-0.00947,0.00,0.00,0.00,atrás,1.00
0,34,30,-0.98009,0.02836,-0.02733,0.05895,-0.05131,-0.00764,0.00,0.00,0.00,atrás,1.00
0,34,31,-0.97155,0.00372,-0.03880,0.05085,-0.05192,-0.02092,0.00,0.00,0.00,atrás,1.00
0,34,32,-0.98911,-0.00329,-0.04947,0.06643,-0.10934,-0.04490,0.00,0.00,0.00,atrás,1.00
0,34,33,-1.01406,-0.01013,-0.01635,0.02230,-0.04184,-0.01497,0.00,0.00,0.00,atrás,1.00
0,34,34,-1.02553,0.00634,-0.03526,0.04291,-0.04093,-0.05024,0.00,0.00,0.00,atrás,1.00
0,34,35,-1.03450,0.01000,-0.03087,0.01726,-0.00825,-0.04963,0.00,0.00,0.00,atrás,1.00
0,34,36,-1.02626,0.01318,-0.03837,0.04429,0.02367,-0.06689,0.00,0.00,0.00,atrás,1.00
0,34,37,-1.02846,0.01183,-0.02220,0.08002,0.01726,-0.09270,0.00,0.00,0.00,atrás,1.00
0,34,38,-1.02504,0.01025,-0.01854,0.05589,0.04749,-0.05391,0.00,0.00,0.00,atrás,1.00
0,34,39,-1.04096,-0.00506,-0.01732,0.05803,0.07391,-0.02718,0.00,0.00,0.00,atrás,1.00
0,34,40,-1.06530,-0.01275,-0.03373,0.05727,0.07911,-0.06475,0.00,0.00,0.00,atrás,1.00
0,34,41,-1.08769,-0.01177,-0.04447,0.01130,0.16448,-0.06048,0.00,0.00,0.00,atrás,1.00
0,34,42,-1.07586,-0.01409,-0.02245,0.01100,0.22174,-0.09148,0.00,0.00,0.00,atrás,1.00
0,34,43,-1.03993,-0.02879,-0.03819,0.03787,0.22892,-0.17257,0.00,0.00,0.00,atrás,1.00
0,34,44,-1.00339,-0.01043,-0.02159,-0.01390,0.25565,-0.16432,0.00,0.00,0.00,atrás,1.00
0,34,45,-0.98210,0.00579,-0.03477,0.00428,0.20739,-0.16616,0.00,0.00,0.00,atrás,1.00
0,34,46,-0.96764,0.01702,-0.02885,-0.02657,0.21564,-0.12645,0.00,0.00,0.00,atrás,1.00
0,34,47,-0.97374,0.02653,-0.04880,-0.02550,0.17242,-0.09759,0.00,0.00,0.00,atrás,1.00
0,34,48,-0.98600,0.02739,-0.07308,0.01894,0.14478,-0.07453,0.00,0.00,0.00,atrás,1.00
0,34,49,-0.99119,0.03630,-0.07436,-0.03176,0.20601,-0.01619,0.00,0.00,0.00,atrás,1.00
0,34,50,-1.00003,0.02428,-0.08802,0.03131,0.22999,-0.01191,0.00,0.00,0.00,atrás,1.00
0,34,51,-1.01480,0.00586,-0.07967,0.06261,0.25168,-0.02443,0.00,0.00,0.00,atrás,1.00
0,34,52,-1.01040,-0.00464,-0.09272,0.05559,0.29276,-0.02459,0.00,0.00,0.00,atrás,1.00
0,34,53,-1.02602,-0.01275,-0.07302,0.05269,0.31582,-0.03558,0.00,0.00,0.00,atrás,1.00
0,34,54,-1.04017,-0.00842,-0.07997,0.04230,0.33537,-0.03925,0.00,0.00,0.00,atrás,1.00
0,34,55,-1.04377,-0.01446,-0.08930,-0.00199,0.40592,-0.03650,0.00,0.00,0.00,atrás,1.00
0,34,56,-1.03999,-0.01287,-0.10870,-0.01008,0.44731,-0.07789,0.00,0.00,0.00,atrás,1.00
0,34,57,-1.04127,-0.02147,-0.09919,0.03574,0.45662,-0.07437,0.00,0.00,0.00,atrás,1.00
0,34,58,-1.04286,-0.01793,-0.11181,-0.03833,0.52962,-0.06139,0.00,0.00,0.00,atrás,1.00
0,34,59,-1.06427,-0.01848,-0.12054,-0.04398,0.58368,-0.05330,0.00,0.00,0.00,atrás,1.00
0,34,60,-1.10239,-0.00427,-0.13091,-0.00748,0.64523,-0.08018,0.00,0.00,0.00,atrás,1.00
0,34,61,-1.15321,0.01080,-0.16281,0.00977,0.79596,-0.08537,0.00,0.00,0.00,atrás,1.00
0,34,62,-1.20481,0.01482,-0.18629,0.05498,1.01709,-0.13164,0.00,0.00,0.00,atrás,1.00
0,34,63,-1.19383,0.00531,-0.18818,0.12156,1.24968,-0.21930,0.00,0.00,0.00,atrás,1.00
0,34,64,-1.15979,-0.00335,-0.17208,0.15149,1.37353,-0.27886,0.00,0.00,0.00,atrás,1.00
0,34,65,-1.11051,-0.02788,-0.15018,0.19212,1.44393,-0.35476,0.00,0.00,0.00,atrás,1.00
0,34,66,-1.07146,-0.04075,-0.12035,0.15974,1.47112,-0.35781,0.00,0.00,0.00,atrás,1.00
0,34,67,-1.05201,-0.02403,-0.15451,0.09743,1.49570,-0.31475,0.00,0.00,0.00,atrás,1.00
0,34,68,-1.05140,-0.01732,-0.16897,0.12874,1.47448,-0.30406,0.00,0.00,0.00,atrás,1.00
0,34,69,-1.02870,-0.01086,-0.19733,0.09438,1.48013,-0.23427,0.00,0.00,0.00,atrás,1.00
0,34,70,-1.00449,-0.01263,-0.20063,0.11255,1.46027,-0.17990,0.00,0.00,0.00,atrás,1.00
0,34,71,-1.01022,-0.02422,-0.23052,0.06765,1.44974,-0.12660,0.00,0.00,0.00,atrás,1.00
0,34,72,-1.03816,-0.03117,-0.26053,0.04612,1.49479,-0.04520,0.00,0.00,0.00,atrás,1.00
0,34,73,-1.04645,-0.04215,-0.26071,0.01405,1.55832,-0.00382,0.00,0.00,0.00,atrás,1.00
0,34,74,-1.02120,-0.04740,-0.27310,0.01665,1.58749,-0.01283,0.00,0.00,0.00,atrás,1.00
0,34,75,-0.99277,-0.05167,-0.27548,-0.02260,1.61482,-0.02291,0.00,0.00,0.00,atrás,1.00
0,34,76,-0.95428,-0.06210,-0.28670,-0.05116,1.62231,-0.02092,0.00,0.00,0.00,atrás,1.00
0,34,77,-0.94398,-0.05252,-0.27114,-0.11454,1.61192,-0.05544,0.00,0.00,0.00,atrás,1.00
0,34,78,-0.88932,-0.03349,-0.29189,-0.17791,1.53907,-0.08002,0.00,0.00,0.00,atrás,1.00
0,34,79,-0.87108,-0.01549,-0.29914,-0.17119,1.45646,-0.07269,0.00,0.00,0.00,atrás,1.00
0,34,80,-0.87852,0.00549,-0.34215,-0.17028,1.40881,-0.03100,0.00,0.00,0.00,atrás,1.00
0,34,81,-0.91305,0.03074,-0.35880,-0.16157,1.37521,0.00947,0.00,0.00,0.00,atrás,1.00
0,34,82,-0.95160,0.01501,-0.39235,-0.11805,1.46852,0.03390,0.00,0.00,0.00,atrás,1.00
0,34,83,-0.91860,-0.01531,-0.40980,-0.11194,1.55053,0.03497,0.00,0.00,0.00,atrás,1.00
0,34,84,-0.87492,-0.04081,-0.40169,-0.13515,1.57970,0.02459,0.00,0.00,0.00,atrás,1.00
0,34,85,-0.82881,-0.04740,-0.38997,-0.14371,1.51907,-0.05101,0.00,0.00,0.00,atrás,1.00
0,34,86,-0.79343,-0.02422,-0.39522,-0.18265,1.44882,-0.05101,0.00,0.00,0.00,atrás,1.00
0,35,1,-0.97149,-0.03843,-0.06216,0.05284,-0.02245,-0.03543,0.00,0.00,0.00,izquierda,0.25
0,35,2,-0.96471,-0.04630,-0.05148,0.05177,-0.03742,-0.02810,0.00,0.00,0.00,izquierda,0.25
0,35,3,-0.97935,-0.03398,-0.04917,0.03360,-0.02367,0.02963,0.00,0.00,0.00,izquierda,0.25
0,35,4,-0.97685,-0.05222,-0.05862,0.04123,-0.02856,-0.02107,0.00,0.00,0.00,izquierda,0.25
0,35,5,-0.98137,-0.04801,-0.05661,0.01268,-0.00748,-0.01909,0.00,0.00,0.00,izquierda,0.25
0,35,6,-0.98893,-0.04087,-0.03733,0.06842,-0.04352,-0.06338,0.00,0.00,0.00,izquierda,0.25
0,35,7,-0.99399,-0.03666,-0.04770,0.07055,-0.03650,-0.06521,0.00,0.00,0.00,izquierda,0.25
0,35,8,-1.00034,-0.03898,-0.04520,0.06154,-0.01909,-0.05070,0.00,0.00,0.00,izquierda,0.25
0,35,9,-0.99967,-0.04477,-0.04715,0.08002,-0.00458,-0.02993,0.00,0.00,0.00,izquierda,0.25
0,35,10,-0.99521,-0.05520,-0.05405,0.08445,0.03497,-0.02535,0.00,0.00,0.00,izquierda,0.25
0,35,11,-0.99985,-0.06069,-0.04587,0.06582,0.01497,-0.00702,0.00,0.00,0.00,izquierda,0.25
0,35,12,-1.01736,-0.05819,-0.05478,0.06918,0.02917,-0.01833,0.00,0.00,0.00,izquierda,0.25
0,35,13,-1.01565,-0.05783,-0.05685,0.08354,0.04184,-0.05834,0.00,0.00,0.00,izquierda,0.25
0,35,14,-1.00626,-0.05771,-0.06118,0.02153,0.10110,-0.03238,0.00,0.00,0.00,izquierda,0.25
0,35,15,-0.98625,-0.04294,-0.03989,0.07086,0.03543,-0.08873,0.00,0.00,0.00,izquierda,0.25
0,35,16,-0.98198,-0.03904,-0.04148,0.05101,0.08247,-0.07055,0.00,0.00,0.00,izquierda,0.25
0,35,17,-0.96160,-0.05783,-0.05588,0.03482,0.08048,0.00962,0.00,0.00,0.00,izquierda,0.25
0,35,18,-0.98308,-0.06161,-0.06307,0.04872,0.04169,0.02566,0.00,0.00,0.00,izquierda,0.25
0,35,19,-0.97350,-0.04837,-0.05228,0.00015,0.07010,0.06078,0.00,0.00,0.00,izquierda,0.25
0,35,20,-0.96837,-0.04752,-0.06137,-0.01374,0.05055,0.06063,0.00,0.00,0.00,izquierda,0.25
0,35,21,-0.96728,-0.04477,-0.07985,0.02367,0.03512,0.03024,0.00,0.00,0.00,izquierda,0.25
0,35,22,-0.96282,-0.03453,-0.08388,0.02474,0.06231,0.03680,0.00,0.00,0.00,izquierda,0.25
0,35,23,-0.98350,-0.03050,-0.07723,0.04322,0.06597,0.02902,0.00,0.00,0.00,izquierda,0.25
0,35,24,-0.96325,-0.04374,-0.07485,0.06597,0.05391,0.00260,0.00,0.00,0.00,izquierda,0.25
0,35,25,-0.95990,-0.05051,-0.08229,0.03253,0.08292,0.03467,0.00,0.00,0.00,izquierda,0.25
0,35,26,-0.94745,-0.04880,-0.06460,0.04658,0.03146,0.01038,0.00,0.00,0.00,izquierda,0.25
0,35,27,-0.95538,-0.03794,-0.05813,0.03436,0.01023,0.02123,0.00,0.00,0.00,izquierda,0.25
0,35,28,-0.96795,-0.01854,-0.06490,-0.00504,0.02352,0.10003,0.00,0.00,0.00,izquierda,0.25
0,35,29,-0.98686,-0.01135,-0.08552,0.04123,0.01283,0.19960,0.00,0.00,0.00,izquierda,0.25
0,35,30,-0.98320,0.00403,-0.07454,0.04566,0.04749,0.30727,0.00,0.00,0.00,izquierda,0.25
0,35,31,-1.01114,-0.00885,-0.07723,0.07773,0.08766,0.39508,0.00,0.00,0.00,izquierda,0.25
0,35,32,-1.01199,-0.02159,-0.07290,0.09132,0.11316,0.45051,0.00,0.00,0.00,izquierda,0.25
0,35,33,-1.00083,0.00018,-0.06899,0.10873,0.14355,0.51435,0.00,0.00,0.00,izquierda,0.25
0,35,34,-0.99497,0.00945,-0.07363,0.11316,0.16860,0.59712,0.00,0.00,0.00,izquierda,0.25
0,35,35,-0.98112,0.00244,-0.07235,0.12080,0.15852,0.65515,0.00,0.00,0.00,izquierda,0.25
0,35,36,-0.98155,-0.00537,-0.06393,0.14294,0.12920,0.70830,0.00,0.00,0.00,izquierda,0.25
0,35,37,-0.96252,0.01592,-0.06991,0.12187,0.11102,0.76221,0.00,0.00,0.00,izquierda,0.25
0,35,38,-0.97362,0.04069,-0.06637,0.13638,0.10721,0.84315,0.00,0.00,0.00,izquierda,0.25
0,35,39,-0.97691,0.07107,-0.08882,0.17837,0.08125,0.90179,0.00,0.00,0.00,izquierda,0.25
0,35,40,-0.98576,0.06393,-0.08796,0.17929,0.09896,0.99357,0.00,0.00,0.00,izquierda,0.25
0,35,41,-0.97319,0.07533,-0.07802,0.21319,0.08231,1.07512,0.00,0.00,0.00,izquierda,0.25
0,35,42,-0.98454,0.11200,-0.07155,0.20128,0.08934,1.18187,0.00,0.00,0.00,izquierda,0.25
0,35,43,-0.99772,0.15030,-0.08180,0.19731,0.10171,1.33321,0.00,0.00,0.00,izquierda,0.25
0,35,44,-1.00668,0.16110,-0.09382,0.30742,0.10797,1.47402,0.00,0.00,0.00,izquierda,0.25
0,35,45,-1.01736,0.15335,-0.11389,0.32880,0.17547,1.58688,0.00,0.00,0.00,izquierda,0.25
0,35,46,-1.01486,0.14012,-0.09766,0.37690,0.20846,1.66247,0.00,0.00,0.00,izquierda,0.25
0,36,1,-0.97600,-0.03087,-0.09870,0.04108,-0.05528,-0.02092,0.00,0.00,0.00,izquierda,0.50
0,36,2,-0.99088,-0.04038,-0.09315,0.01176,-0.02947,-0.01985,0.00,0.00,0.00,izquierda,0.50
0,36,3,-0.98253,-0.03398,-0.10852,0.00367,-0.03283,-0.04581,0.00,0.00,0.00,izquierda,0.50
0,36,4,-0.97746,-0.04331,-0.10370,0.02566,-0.03176,-0.05406,0.00,0.00,0.00,izquierda,0.50
0,36,5,-0.98716,-0.03898,-0.09882,0.00321,-0.03390,-0.08079,0.00,0.00,0.00,izquierda,0.50
0,36,6,-0.97990,-0.03733,-0.10492,0.02107,-0.06826,-0.09102,0.00,0.00,0.00,izquierda,0.50
0,36,7,-0.97569,-0.03373,-0.09107,0.04688,-0.06414,-0.09835,0.00,0.00,0.00,izquierda,0.50
0,36,8,-0.97222,-0.03221,-0.11169,0.03299,-0.03940,-0.06506,0.00,0.00,0.00,izquierda,0.50
0,36,9,-0.98771,-0.04142,-0.09919,0.03604,-0.04856,-0.07239,0.00,0.00,0.00,izquierda,0.50
0,36,10,-0.99796,-0.03599,-0.10669,0.06643,-0.07804,-0.09911,0.00,0.00,0.00,izquierda,0.50
0,36,11,-0.98875,-0.03532,-0.10102,0.03299,-0.04261,-0.06872,0.00,0.00,0.00,izquierda,0.50
0,36,12,-0.98875,-0.03251,-0.11084,0.03283,-0.02810,-0.00489,0.00,0.00,0.00,izquierda,0.50
0,36,13,-0.98503,-0.03684,-0.09516,0.04872,-0.04307,-0.03635,0.00,0.00,0.00,izquierda,0.50
0,36,14,-0.97307,-0.03434,-0.11419,0.01939,-0.02688,0.00901,0.00,0.00,0.00,izquierda,0.50
0,36,15,-0.99820,-0.03306,-0.10590,0.02902,-0.01512,-0.00504,0.00,0.00,0.00,izquierda,0.50
0,36,16,-0.98259,-0.03575,-0.09559,0.04078,-0.00718,-0.01878,0.00,0.00,0.00,izquierda,0.50
0,36,17,-0.98985,-0.03886,-0.10565,0.00641,0.00916,-0.05070,0.00,0.00,0.00,izquierda,0.50
0,36,18,-0.98661,-0.03977,-0.08985,0.01634,-0.00535,-0.04459,0.00,0.00,0.00,izquierda,0.50
0,36,19,-0.95459,-0.01940,-0.08882,0.02520,-0.02779,-0.03344,0.00,0.00,0.00,izquierda,0.50
0,36,20,-0.96624,-0.02050,-0.09522,-0.00229,-0.00993,0.01191,0.00,0.00,0.00,izquierda,0.50
0,36,21,-0.96837,-0.01800,-0.10236,0.02291,-0.02520,0.03497,0.00,0.00,0.00,izquierda,0.50
0,36,22,-0.98405,-0.02653,-0.09717,0.03375,-0.03329,0.03711,0.00,0.00,0.00,izquierda,0.50
0,36,23,-0.98838,-0.03410,-0.10474,0.01542,-0.00199,0.03207,0.00,0.00,0.00,izquierda,0.50
0,36,24,-0.98527,-0.04221,-0.09144,0.02306,0.03329,-0.01970,0.00,0.00,0.00,izquierda,0.50
0,36,25,-0.97441,-0.04197,-0.10498,0.01497,-0.00275,-0.05757,0.00,0.00,0.00,izquierda,0.50
0,36,26,-0.97124,-0.03745,-0.09418,0.00321,-0.03100,-0.09697,0.00,0.00,0.00,izquierda,0.50
0,36,27,-0.95697,-0.02916,-0.08198,0.01436,-0.03283,-0.06399,0.00,0.00,0.00,izquierda,0.50
0,36,28,-0.94739,-0.01702,-0.10858,0.01313,-0.05452,-0.03894,0.00,0.00,0.00,izquierda,0.50
0,36,29,-0.95672,-0.01232,-0.09980,-0.00290,-0.07559,0.01924,0.00,0.00,0.00,izquierda,0.50
0,36,30,-0.95715,-0.00518,-0.09424,0.04658,-0.07437,0.11683,0.00,0.00,0.00,izquierda,0.50
0,36,31,-0.96252,-0.01299,-0.09748,0.03619,-0.06399,0.13195,0.00,0.00,0.00,izquierda,0.50
0,36,32,-0.97405,-0.00939,-0.08961,0.04291,-0.06613,0.16096,0.00,0.00,0.00,izquierda,0.50
0,36,33,-0.99790,-0.02507,-0.09455,0.08109,-0.07682,0.11729,0.00,0.00,0.00,izquierda,0.50
0,36,34,-0.99253,-0.03483,-0.10949,0.06567,-0.02734,0.09667,0.00,0.00,0.00,izquierda,0.50
0,36,35,-0.99570,-0.04337,-0.08882,0.03680,0.01084,0.05544,0.00,0.00,0.00,izquierda,0.50
0,36,36,-0.97350,-0.04227,-0.11468,0.05620,0.00153,-0.00489,0.00,0.00,0.00,izquierda,0.50
0,36,37,-0.96539,-0.03141,-0.11090,0.02963,-0.00260,-0.06063,0.00,0.00,0.00,izquierda,0.50
0,36,38,-0.95733,-0.01257,-0.09424,0.01726,-0.02398,-0.03558,0.00,0.00,0.00,izquierda,0.50
0,36,39,-0.94928,0.00891,-0.10968,0.04123,-0.03482,0.01283,0.00,0.00,0.00,izquierda,0.50
0,36,40,-0.95032,0.01793,-0.11023,0.03024,-0.03879,0.09071,0.00,0.00,0.00,izquierda,0.50
0,36,41,-0.94044,0.02580,-0.09931,0.08491,-0.08216,0.15501,0.00,0.00,0.00,izquierda,0.50
0,36,42,-0.94721,0.02769,-0.08869,0.10476,-0.09927,0.27886,0.00,0.00,0.00,izquierda,0.50
0,36,43,-0.96154,0.03129,-0.10047,0.13225,-0.09377,0.37553,0.00,0.00,0.00,izquierda,0.50
0,36,44,-0.98722,0.02111,-0.09974,0.12263,-0.08247,0.45372,0.00,0.00,0.00,izquierda,0.50
0,36,45,-0.99015,0.02300,-0.10992,0.18219,-0.06368,0.50534,0.00,0.00,0.00,izquierda,0.50
0,36,46,-1.00516,0.01586,-0.09851,0.17730,-0.02443,0.57192,0.00,0.00,0.00,izquierda,0.50
0,36,47,-0.99027,0.01891,-0.07454,0.19074,-0.02718,0.60705,0.00,0.00,0.00,izquierda,0.50
0,36,48,-0.98594,0.02458,-0.10614,0.17013,-0.01405,0.68692,0.00,0.00,0.00,izquierda,0.50
0,36,49,-0.97374,0.03227,-0.08089,0.17242,-0.03238,0.71884,0.00,0.00,0.00,izquierda,0.50
0,36,50,-0.97313,0.05594,-0.10022,0.18860,-0.04734,0.80252,0.00,0.00,0.00,izquierda,0.50
0,36,51,-0.97844,0.06795,-0.08290,0.19960,-0.04520,0.89767,0.00,0.00,0.00,izquierda,0.50
0,36,52,-0.97966,0.06795,-0.10876,0.18723,-0.04765,0.97845,0.00,0.00,0.00,izquierda,0.50
0,36,53,-0.98625,0.06905,-0.11962,0.21548,-0.03711,1.08383,0.00,0.00,0.00,izquierda,0.50
0,36,54,-0.96398,0.06533,-0.09967,0.18280,-0.02963,1.09879,0.00,0.00,0.00,izquierda,0.50
0,36,55,-0.94257,0.08223,-0.09888,0.15653,-0.03589,1.12567,0.00,0.00,0.00,izquierda,0.50
0,36,56,-0.95233,0.09760,-0.09717,0.17898,-0.08002,1.10903,0.00,0.00,0.00,izquierda,0.50
0,36,57,-0.97240,0.10925,-0.11614,0.17623,-0.06933,1.10567,0.00,0.00,0.00,izquierda,0.50
0,36,58,-0.98253,0.12462,-0.09016,0.18998,-0.06490,1.09772,0.00,0.00,0.00,izquierda,0.50
0,36,59,-0.98521,0.14963,-0.11688,0.19028,-0.04307,1.09986,0.00,0.00,0.00,izquierda,0.50
0,36,60,-0.98314,0.15036,-0.10803,0.22144,-0.07468,1.09452,0.00,0.00,0.00,izquierda,0.50
0,36,61,-0.98057,0.14963,-0.09961,0.20907,-0.01756,1.10200,0.00,0.00,0.00,izquierda,0.50
0,36,62,-0.96520,0.16208,-0.09156,0.22938,-0.04047,1.14583,0.00,0.00,0.00,izquierda,0.50
0,36,63,-0.96252,0.18184,-0.08754,0.18387,-0.02062,1.19103,0.00,0.00,0.00,izquierda,0.50
0,36,64,-0.97527,0.18044,-0.10529,0.21319,-0.04184,1.19653,0.00,0.00,0.00,izquierda,0.50
0,36,65,-0.98820,0.19410,-0.10608,0.23976,-0.02779,1.18050,0.00,0.00,0.00,izquierda,0.50
0,36,66,-0.99540,0.19032,-0.10992,0.22312,0.01008,1.15316,0.00,0.00,0.00,izquierda,0.50
0,36,67,-0.98899,0.24430,-0.09144,0.26786,0.01817,1.15102,0.00,0.00,0.00,izquierda,0.50
0,36,68,-0.96496,0.29353,-0.08528,0.27703,0.01634,1.22005,0.00,0.00,0.00,izquierda,0.50
0,36,69,-0.95770,0.35563,-0.09431,0.27245,0.06261,1.42652,0.00,0.00,0.00,izquierda,0.50
0,36,70,-0.98594,0.39827,-0.12279,0.37721,0.08262,1.69362,0.00,0.00,0.00,izquierda,0.50
0,37,1,-0.97045,-0.05398,-0.12517,0.04917,-0.08063,-0.05818,0.00,0.00,0.00,izquierda,0.75
0,37,2,-0.96996,-0.05374,-0.12102,0.03604,-0.07957,-0.05895,0.00,0.00,0.00,izquierda,0.75
0,37,3,-0.97307,-0.05661,-0.11828,0.03283,-0.06613,-0.00076,0.00,0.00,0.00,izquierda,0.75
0,37,4,-0.97130,-0.05118,-0.11340,0.04581,-0.07330,-0.02627,0.00,0.00,0.00,izquierda,0.75
0,37,5,-0.98454,-0.05557,-0.11657,0.04307,-0.09652,-0.02627,0.00,0.00,0.00,izquierda,0.75
0,37,6,-0.99082,-0.06374,-0.09565,0.06429,-0.08201,-0.03558,0.00,0.00,0.00,izquierda,0.75
0,37,7,-0.98308,-0.05697,-0.10675,0.05162,-0.04933,-0.03192,0.00,0.00,0.00,izquierda,0.75
0,37,8,-0.97728,-0.06966,-0.11029,0.01390,-0.03604,-0.03390,0.00,0.00,0.00,izquierda,0.75
0,37,9,-0.97307,-0.07027,-0.09376,0.03054,-0.05589,-0.05223,0.00,0.00,0.00,izquierda,0.75
0,37,10,-0.98698,-0.06015,-0.09516,0.00565,-0.05192,-0.04780,0.00,0.00,0.00,izquierda,0.75
0,37,11,-0.99040,-0.04807,-0.11218,-0.00550,-0.01695,-0.01588,0.00,0.00,0.00,izquierda,0.75
0,37,12,-0.99820,-0.05295,-0.09760,0.00993,-0.03482,-0.03451,0.00,0.00,0.00,izquierda,0.75
0,37,13,-0.98277,-0.06002,-0.10797,0.04673,-0.04093,-0.04551,0.00,0.00,0.00,izquierda,0.75
0,37,14,-0.98131,-0.04923,-0.08296,0.02001,-0.01680,-0.01924,0.00,0.00,0.00,izquierda,0.75
0,37,15,-0.97033,-0.04569,-0.09461,0.05101,-0.04688,-0.02245,0.00,0.00,0.00,izquierda,0.75
0,37,16,-0.96435,-0.04423,-0.11120,0.04444,-0.03910,-0.00153,0.00,0.00,0.00,izquierda,0.75
0,37,17,-0.97130,-0.05557,-0.10596,0.04307,-0.06292,-0.01772,0.00,0.00,0.00,izquierda,0.75
0,37,18,-0.97844,-0.06118,-0.10144,0.07559,-0.07147,-0.00382,0.00,0.00,0.00,izquierda,0.75
0,37,19,-0.98057,-0.05838,-0.10157,0.04719,-0.04688,-0.02443,0.00,0.00,0.00,izquierda,0.75
0,37,20,-0.98503,-0.05563,-0.10797,0.05055,-0.04383,-0.03864,0.00,0.00,0.00,izquierda,0.75
0,37,21,-0.98527,-0.05868,-0.10718,0.03589,-0.03619,-0.03100,0.00,0.00,0.00,izquierda,0.75
0,37,22,-0.97173,-0.04111,-0.11090,0.04414,-0.05818,-0.03833,0.00,0.00,0.00,izquierda,0.75
0,37,23,-0.97472,-0.04008,-0.10815,0.05544,-0.05345,0.00214,0.00,0.00,0.00,izquierda,0.75
0,37,24,-0.97325,-0.05118,-0.11858,0.06002,-0.04902,0.03803,0.00,0.00,0.00,izquierda,0.75
0,37,25,-0.97966,-0.06917,-0.11169,0.04032,-0.04429,0.05101,0.00,0.00,0.00,izquierda,0.75
0,37,26,-0.99082,-0.07716,-0.09955,0.05253,-0.06781,0.01802,0.00,0.00,0.00,izquierda,0.75
0,37,27,-0.98899,-0.06899,-0.10522,0.04780,-0.04658,-0.03024,0.00,0.00,0.00,izquierda,0.75
0,37,28,-0.97820,-0.06686,-0.11120,0.00809,-0.00382,-0.05376,0.00,0.00,0.00,izquierda,0.75
0,37,29,-0.96459,-0.06216,-0.11706,0.03176,-0.03192,-0.07514,0.00,0.00,0.00,izquierda,0.75
0,37,30,-0.95916,-0.05600,-0.10504,0.02734,-0.03803,-0.07117,0.00,0.00,0.00,izquierda,0.75
0,37,31,-0.93739,-0.04130,-0.10644,0.01649,-0.04734,-0.02947,0.00,0.00,0.00,izquierda,0.75
0,37,32,-0.94922,-0.04252,-0.11395,0.03314,-0.07162,0.00825,0.00,0.00,0.00,izquierda,0.75
0,37,33,-0.94227,-0.04105,-0.10242,0.03726,-0.09163,0.05910,0.00,0.00,0.00,izquierda,0.75
0,37,34,-0.94751,-0.03812,-0.10163,0.03894,-0.10705,0.09927,0.00,0.00,0.00,izquierda,0.75
0,37,35,-0.96471,-0.03337,-0.09004,0.06735,-0.13806,0.10446,0.00,0.00,0.00,izquierda,0.75
0,37,36,-0.98423,-0.02135,-0.12005,0.08216,-0.12431,0.13057,0.00,0.00,0.00,izquierda,0.75
0,37,37,-1.01504,-0.02721,-0.11810,0.09942,-0.07239,0.15440,0.00,0.00,0.00,izquierda,0.75
0,37,38,-1.02944,-0.04514,-0.12603,0.16829,-0.05941,0.10201,0.00,0.00,0.00,izquierda,0.75
0,37,39,-1.01297,-0.05600,-0.10388,0.14859,-0.01298,0.09606,0.00,0.00,0.00,izquierda,0.75
0,37,40,-0.98552,-0.04697,-0.10242,0.12935,0.01527,0.12370,0.00,0.00,0.00,izquierda,0.75
0,37,41,-0.96929,-0.03916,-0.09620,0.12049,-0.03833,0.16264,0.00,0.00,0.00,izquierda,0.75
0,37,42,-0.96349,-0.01787,-0.09736,0.10125,-0.01268,0.24465,0.00,0.00,0.00,izquierda,0.75
0,37,43,-0.95355,0.01232,-0.09729,0.10675,-0.01542,0.37263,0.00,0.00,0.00,izquierda,0.75
0,37,44,-0.96984,0.05618,-0.10352,0.15547,-0.03131,0.52825,0.00,0.00,0.00,izquierda,0.75
0,37,45,-0.99369,0.07418,-0.14036,0.19914,0.01588,0.73945,0.00,0.00,0.00,izquierda,0.75
0,37,46,-1.02364,0.07546,-0.11572,0.28573,0.10400,0.96181,0.00,0.00,0.00,izquierda,0.75
0,37,47,-1.03456,0.04343,-0.12694,0.36056,0.10873,1.11101,0.00,0.00,0.00,izquierda,0.75
0,37,48,-0.99497,0.00677,-0.09668,0.34911,0.16738,1.24510,0.00,0.00,0.00,izquierda,0.75
0,37,49,-0.96740,-0.00482,-0.09052,0.32590,0.11851,1.24021,0.00,0.00,0.00,izquierda,0.75
0,37,50,-0.95892,-0.00988,-0.08418,0.28130,0.07086,1.21272,0.00,0.00,0.00,izquierda,0.75
0,37,51,-0.94574,0.00695,-0.09180,0.23427,0.00794,1.16156,0.00,0.00,0.00,izquierda,0.75
0,37,52,-0.95154,0.01165,-0.10016,0.21594,-0.01833,1.12109,0.00,0.00,0.00,izquierda,0.75
0,37,53,-0.95398,0.02031,-0.11230,0.20174,-0.07239,1.03878,0.00,0.00,0.00,izquierda,0.75
0,37,54,-0.95270,0.04105,-0.11889,0.16448,-0.08415,0.99220,0.00,0.00,0.00,izquierda,0.75
0,37,55,-0.97746,0.07491,-0.09668,0.14340,-0.08170,0.96318,0.00,0.00,0.00,izquierda,0.75
0,37,56,-0.96740,0.12352,-0.12163,0.17058,-0.07437,0.93982,0.00,0.00,0.00,izquierda,0.75
0,37,57,-0.98015,0.16183,-0.12237,0.21319,-0.05986,0.95997,0.00,0.00,0.00,izquierda,0.75
0,37,58,-0.99741,0.18574,-0.11566,0.30192,-0.04352,1.03954,0.00,0.00,0.00,izquierda,0.75
0,37,59,-0.99637,0.19056,-0.11871,0.34514,-0.00977,1.13758,0.00,0.00,0.00,izquierda,0.75
0,37,60,-0.99180,0.19624,-0.12883,0.34911,0.04688,1.31748,0.00,0.00,0.00,izquierda,0.75
0,37,61,-1.00125,0.20874,-0.11682,0.39034,0.07101,1.48730,0.00,0.00,0.00,izquierda,0.75
0,37,62,-0.99375,0.22210,-0.13267,0.36331,0.11423,1.67850,0.00,0.00,0.00,izquierda,0.75
0,37,63,-0.99845,0.21899,-0.11541,0.38317,0.14111,1.84115,0.00,0.00,0.00,izquierda,0.75
0,37,64,-0.98924,0.20783,-0.12102,0.41997,0.16081,1.93843,0.00,0.00,0.00,izquierda,0.75
0,37,65,-0.97716,0.19953,-0.12230,0.40668,0.16646,1.94041,0.00,0.00,0.00,izquierda,0.75
0,37,66,-0.97228,0.21746,-0.10681,0.39691,0.13836,1.89781,0.00,0.00,0.00,izquierda,0.75
0,37,67,-0.96526,0.25919,-0.10431,0.40577,0.12950,1.87749,0.00,0.00,0.00,izquierda,0.75
0,37,68,-0.95855,0.31659,-0.10949,0.37751,0.14890,1.94316,0.00,0.00,0.00,izquierda,0.75
0,37,69,-0.96154,0.35837,-0.13951,0.44883,0.13225,2.03998,0.00,0.00,0.00,izquierda,0.75
0,37,70,-0.97429,0.34306,-0.14890,0.48732,0.20036,2.15895,0.00,0.00,0.00,izquierda,0.75
0,37,71,-0.98301,0.33520,-0.12694,0.47922,0.26008,2.28769,0.00,0.00,0.00,izquierda,0.75
0,37,72,-0.98765,0.32446,-0.14183,0.47678,0.28665,2.31915,0.00,0.00,0.00,izquierda,0.75
0,37,73,-0.93476,0.33562,-0.14140,0.44089,0.29291,2.29365,0.00,0.00,0.00,izquierda,0.75
0,37,74,-0.92128,0.37118,-0.14738,0.38408,0.31093,2.33015,0.00,0.00,0.00,izquierda,0.75
0,38,1,-0.96593,0.04752,-0.09144,0.05147,-0.06964,-0.03192,0.00,0.00,0.00,izquierda,1.00
0,38,2,-0.96715,0.03983,-0.10516,0.02321,-0.06017,-0.00962,0.00,0.00,0.00,izquierda,1.00
0,38,3,-0.96252,0.04111,-0.08211,0.05085,-0.07865,-0.00626,0.00,0.00,0.00,izquierda,1.00
0,38,4,-0.97185,0.04563,-0.08772,0.05513,-0.08277,-0.02550,0.00,0.00,0.00,izquierda,1.00
0,38,5,-0.99155,0.03459,-0.07991,0.02428,-0.05147,-0.01741,0.00,0.00,0.00,izquierda,1.00
0,38,6,-0.99247,0.03245,-0.09406,0.01558,-0.04093,-0.03696,0.00,0.00,0.00,izquierda,1.00
0,38,7,-0.97984,0.03117,-0.08607,0.01359,-0.04215,-0.06811,0.00,0.00,0.00,izquierda,1.00
0,38,8,-0.98942,0.03306,-0.08540,0.02245,-0.02886,-0.08491,0.00,0.00,0.00,izquierda,1.00
0,38,9,-0.99229,0.03593,-0.08241,0.01970,-0.03787,-0.09423,0.00,0.00,0.00,izquierda,1.00
0,38,10,-0.98643,0.04935,-0.08802,0.01588,-0.02673,-0.06735,0.00,0.00,0.00,izquierda,1.00
0,38,11,-0.97850,0.05337,-0.08540,0.04719,-0.03497,-0.05040,0.00,0.00,0.00,izquierda,1.00
0,38,12,-0.98820,0.05270,-0.07149,0.04291,-0.04215,-0.01420,0.00,0.00,0.00,izquierda,1.00
0,38,13,-0.97960,0.05307,-0.09833,0.02260,-0.02520,0.04765,0.00,0.00,0.00,izquierda,1.00
0,38,14,-0.98057,0.04093,-0.09937,0.01802,-0.02398,0.06842,0.00,0.00,0.00,izquierda,1.00
0,38,15,-0.98301,0.03434,-0.09668,0.06261,-0.03131,0.04108,0.00,0.00,0.00,izquierda,1.00
0,38,16,-0.98405,0.03270,-0.08284,0.04688,-0.04444,-0.03528,0.00,0.00,0.00,izquierda,1.00
0,38,17,-0.97698,0.03672,-0.10382,0.03100,-0.03054,-0.01924,0.00,0.00,0.00,izquierda,1.00
0,38,18,-0.97643,0.03855,-0.08461,0.05330,-0.05162,-0.02459,0.00,0.00,0.00,izquierda,1.00
0,38,19,-0.97210,0.04026,-0.07271,0.03131,-0.05834,-0.03054,0.00,0.00,0.00,izquierda,1.00
0,38,20,-0.94794,0.03562,-0.06082,0.03253,-0.10660,-0.03131,0.00,0.00,0.00,izquierda,1.00
0,38,21,-0.96990,0.04624,-0.08296,0.00229,-0.11759,0.01649,0.00,0.00,0.00,izquierda,1.00
0,38,22,-0.98405,0.06271,-0.10425,-0.00672,-0.09911,0.08018,0.00,0.00,0.00,izquierda,1.00
0,38,23,-1.00839,0.08400,-0.08558,0.02932,-0.07743,0.14019,0.00,0.00,0.00,izquierda,1.00
0,38,24,-1.01919,0.09187,-0.10754,0.08583,-0.04414,0.19578,0.00,0.00,0.00,izquierda,1.00
0,38,25,-1.01242,0.08900,-0.09028,0.10858,0.03742,0.26848,0.00,0.00,0.00,izquierda,1.00
0,38,26,-0.99204,0.06631,-0.09949,0.12294,0.06032,0.29535,0.00,0.00,0.00,izquierda,1.00
0,38,27,-0.97630,0.04483,-0.06753,0.13149,0.03314,0.28466,0.00,0.00,0.00,izquierda,1.00
0,38,28,-0.96008,0.05276,-0.08528,0.07850,0.02841,0.31154,0.00,0.00,0.00,izquierda,1.00
0,38,29,-0.96545,0.06801,-0.09028,0.07773,0.01405,0.38072,0.00,0.00,0.00,izquierda,1.00
0,38,30,-0.96770,0.09455,-0.10083,0.08537,-0.00993,0.39691,0.00,0.00,0.00,izquierda,1.00
0,38,31,-0.96441,0.11736,-0.10443,0.07544,0.03238,0.50748,0.00,0.00,0.00,izquierda,1.00
0,38,32,-0.96667,0.12609,-0.08497,0.12477,0.02199,0.59895,0.00,0.00,0.00,izquierda,1.00
0,38,33,-0.96844,0.12822,-0.11053,0.15623,0.01359,0.68570,0.00,0.00,0.00,izquierda,1.00
0,38,34,-0.97100,0.11675,-0.09595,0.18051,0.03986,0.76282,0.00,0.00,0.00,izquierda,1.00
0,38,35,-0.98112,0.09845,-0.09193,0.21838,0.02749,0.76129,0.00,0.00,0.00,izquierda,1.00
0,38,36,-0.98320,0.10248,-0.07814,0.16509,0.01374,0.77946,0.00,0.00,0.00,izquierda,1.00
0,38,37,-0.98869,0.16665,-0.09205,0.15180,0.06185,0.86667,0.00,0.00,0.00,izquierda,1.00
0,38,38,-1.00156,0.18574,-0.09260,0.20846,0.08720,1.04183,0.00,0.00,0.00,izquierda,1.00
0,38,39,-0.97667,0.18574,-0.11151,0.23839,0.11240,1.25273,0.00,0.00,0.00,izquierda,1.00
0,38,40,-0.96447,0.16586,-0.08168,0.20876,0.14875,1.47554,0.00,0.00,0.00,izquierda,1.00
0,38,41,-0.94696,0.14323,-0.09485,0.22694,0.13393,1.60398,0.00,0.00,0.00,izquierda,1.00
0,38,42,-0.93794,0.12383,-0.10419,0.15501,0.10018,1.63406,0.00,0.00,0.00,izquierda,1.00
0,38,43,-0.93788,0.11242,-0.09961,0.09728,0.06536,1.56809,0.00,0.00,0.00,izquierda,1.00
0,38,44,-0.93458,0.13914,-0.09046,0.04169,0.02810,1.47692,0.00,0.00,0.00,izquierda,1.00
0,38,45,-0.93519,0.19538,-0.12474,-0.02520,0.03879,1.47356,0.00,0.00,0.00,izquierda,1.00
0,38,46,-0.93330,0.21728,-0.11248,0.00718,0.02428,1.46058,0.00,0.00,0.00,izquierda,1.00
0,38,47,-0.93251,0.23284,-0.09736,0.00550,0.00748,1.45187,0.00,0.00,0.00,izquierda,1.00
0,38,48,-0.92970,0.29115,-0.12047,-0.00840,0.01970,1.48624,0.00,0.00,0.00,izquierda,1.00
0,38,49,-0.95178,0.29689,-0.10620,0.04123,0.00183,1.49922,0.00,0.00,0.00,izquierda,1.00
0,38,50,-0.91616,0.30982,-0.10712,0.05986,0.02214,1.52854,0.00,0.00,0.00,izquierda,1.00
0,38,51,-0.91628,0.32836,-0.08595,0.06216,-0.00977,1.53404,0.00,0.00,0.00,izquierda,1.00
0,38,52,-0.91628,0.34642,-0.08290,0.07086,-0.01649,1.53556,0.00,0.00,0.00,izquierda,1.00
0,38,53,-0.93373,0.40547,-0.12633,0.07346,-0.02398,1.61986,0.00,0.00,0.00,izquierda,1.00
0,38,54,-0.94550,0.47848,-0.12725,0.13088,0.01512,1.78922,0.00,0.00,0.00,izquierda,1.00
0,38,55,-0.94788,0.48342,-0.14445,0.22358,0.07559,1.99845,0.00,0.00,0.00,izquierda,1.00
0,38,56,-0.93251,0.46195,-0.13444,0.28298,0.11255,2.15238,0.00,0.00,0.00,izquierda,1.00
0,38,57,-0.90622,0.45945,-0.11505,0.30833,0.14248,2.27104,0.00,0.00,0.00,izquierda,1.00
0,38,58,-0.90060,0.44847,-0.11755,0.31154,0.14508,2.34007,0.00,0.00,0.00,izquierda,1.00
0,38,59,-0.87230,0.46555,-0.11352,0.29658,0.13622,2.37535,0.00,0.00,0.00,izquierda,1.00
0,38,60,-0.86974,0.49544,-0.10730,0.29932,0.13607,2.39138,0.00,0.00,0.00,izquierda,1.00
0,38,61,-0.85681,0.51850,-0.12871,0.27581,0.12859,2.46728,0.00,0.00,0.00,izquierda,1.00
0,38,62,-0.87132,0.57316,-0.14860,0.31765,0.13439,2.56701,0.00,0.00,0.00,izquierda,1.00
0,38,63,-0.86498,0.60244,-0.15122,0.32758,0.20418,2.69117,0.00,0.00,0.00,izquierda,1.00
0,38,64,-0.85687,0.58408,-0.16531,0.39996,0.23060,2.73622,0.00,0.00,0.00,izquierda,1.00
0,38,65,-0.82008,0.59554,-0.14225,0.38271,0.29154,2.74080,0.00,0.00,0.00,izquierda,1.00
0,38,66,-0.79880,0.62104,-0.14774,0.38149,0.30314,2.83472,0.00,0.00,0.00,izquierda,1.00
0,38,67,-0.78178,0.63269,-0.14896,0.40531,0.30345,2.89138,0.00,0.00,0.00,izquierda,1.00
0,38,68,-0.76146,0.61262,-0.15061,0.34560,0.35613,2.96774,0.00,0.00,0.00,izquierda,1.00
0,39,1,-0.95953,0.07052,-0.03392,0.00580,-0.04749,-0.02367,0.00,0.00,0.00,derecha,0.25
0,39,2,-0.96160,0.07405,-0.04130,0.01680,-0.06261,0.00473,0.00,0.00,0.00,derecha,0.25
0,39,3,-0.96520,0.07387,-0.03837,0.03009,-0.07346,0.02016,0.00,0.00,0.00,derecha,0.25
0,39,4,-0.97618,0.07692,-0.03910,0.00825,-0.07162,0.05147,0.00,0.00,0.00,derecha,0.25
0,39,5,-0.98393,0.06673,-0.03995,0.03742,-0.08018,0.06689,0.00,0.00,0.00,derecha,0.25
0,39,6,-0.99509,0.06643,-0.04764,0.03436,-0.05131,0.06109,0.00,0.00,0.00,derecha,0.25
0,39,7,-0.99936,0.06094,-0.03666,0.01481,-0.00916,0.06338,0.00,0.00,0.00,derecha,0.25
0,39,8,-0.99680,0.05350,-0.03465,0.03986,-0.01924,0.01374,0.00,0.00,0.00,derecha,0.25
0,39,9,-1.00083,0.04557,-0.03379,0.07651,-0.01741,-0.01374,0.00,0.00,0.00,derecha,0.25
0,39,10,-0.98454,0.03983,-0.03837,-0.00244,-0.03207,-0.03879,0.00,0.00,0.00,derecha,0.25
0,39,11,-0.98027,0.05258,-0.02843,0.00214,-0.02077,-0.06093,0.00,0.00,0.00,derecha,0.25
0,39,12,-0.98033,0.06435,-0.03800,-0.00122,-0.02398,-0.07590,0.00,0.00,0.00,derecha,0.25
0,39,13,-0.97502,0.07412,-0.04520,-0.01130,0.00214,-0.05849,0.00,0.00,0.00,derecha,0.25
0,39,14,-0.97722,0.07430,-0.03160,0.00565,-0.00535,-0.05513,0.00,0.00,0.00,derecha,0.25
0,39,15,-0.96941,0.08320,-0.03837,0.01344,-0.01252,-0.04352,0.00,0.00,0.00,derecha,0.25
0,39,16,-0.97057,0.07302,-0.03434,0.01283,0.00260,-0.01283,0.00,0.00,0.00,derecha,0.25
0,39,17,-0.98137,0.06625,-0.02916,0.05299,-0.03467,-0.03650,0.00,0.00,0.00,derecha,0.25
0,39,18,-0.98283,0.05386,-0.04111,0.02505,-0.01023,-0.03344,0.00,0.00,0.00,derecha,0.25
0,39,19,-0.98106,0.04910,-0.03910,0.01084,-0.00855,-0.05513,0.00,0.00,0.00,derecha,0.25
0,39,20,-0.98179,0.05264,-0.03184,0.01985,-0.02825,-0.08460,0.00,0.00,0.00,derecha,0.25
0,39,21,-0.99302,0.05642,-0.05155,-0.00702,-0.00657,-0.09682,0.00,0.00,0.00,derecha,0.25
0,39,22,-0.99009,0.06911,-0.04044,-0.01436,0.01206,-0.11958,0.00,0.00,0.00,derecha,0.25
0,39,23,-0.98021,0.08357,-0.02641,0.02138,-0.01741,-0.14218,0.00,0.00,0.00,derecha,0.25
0,39,24,-0.96850,0.08754,-0.03532,0.03451,-0.02199,-0.10782,0.00,0.00,0.00,derecha,0.25
0,39,25,-0.96667,0.08668,-0.03934,0.03467,-0.01405,-0.04704,0.00,0.00,0.00,derecha,0.25
0,39,26,-0.97307,0.07686,-0.04666,0.05941,-0.04016,-0.01451,0.00,0.00,0.00,derecha,0.25
0,39,27,-0.98497,0.06606,-0.03184,0.04016,-0.02398,0.03879,0.00,0.00,0.00,derecha,0.25
0,39,28,-0.97588,0.06344,-0.04892,0.03024,0.02230,0.05498,0.00,0.00,0.00,derecha,0.25
0,39,29,-0.98301,0.05826,-0.06478,0.03467,-0.01680,0.01084,0.00,0.00,0.00,derecha,0.25
0,39,30,-0.98228,0.05691,-0.05466,0.00932,0.00580,-0.03925,0.00,0.00,0.00,derecha,0.25
0,39,31,-0.96819,0.06301,-0.03544,0.02764,-0.00397,-0.07972,0.00,0.00,0.00,derecha,0.25
0,39,32,-0.97643,0.07168,-0.04294,0.05666,-0.02398,-0.13928,0.00,0.00,0.00,derecha,0.25
0,39,33,-0.98503,0.07308,-0.05447,0.03848,0.01451,-0.12553,0.00,0.00,0.00,derecha,0.25
0,39,34,-0.99058,0.08473,-0.04459,0.06384,0.00611,-0.09529,0.00,0.00,0.00,derecha,0.25
0,39,35,-1.00729,0.07765,-0.05490,0.11072,0.01680,-0.12370,0.00,0.00,0.00,derecha,0.25
0,39,36,-1.01236,0.07363,-0.04807,0.07346,0.06796,-0.10873,0.00,0.00,0.00,derecha,0.25
0,39,37,-0.98039,0.06149,-0.04154,0.13531,0.02734,-0.14172,0.00,0.00,0.00,derecha,0.25
0,39,38,-0.97088,0.05026,-0.03794,0.07865,0.04337,-0.13164,0.00,0.00,0.00,derecha,0.25
0,39,39,-0.97325,0.05887,-0.03483,0.06093,0.05009,-0.13607,0.00,0.00,0.00,derecha,0.25
0,39,40,-0.96941,0.04050,-0.03928,0.07407,0.02184,-0.14875,0.00,0.00,0.00,derecha,0.25
0,39,41,-0.96569,0.02952,-0.06551,0.03818,0.01405,-0.18708,0.00,0.00,0.00,derecha,0.25
0,39,42,-0.97112,0.01476,-0.05374,0.02734,-0.00351,-0.22846,0.00,0.00,0.00,derecha,0.25
0,39,43,-0.97521,0.00897,-0.05557,0.00672,-0.00122,-0.31169,0.00,0.00,0.00,derecha,0.25
0,39,44,-0.98186,-0.00122,-0.05392,-0.02275,-0.01619,-0.43142,0.00,0.00,0.00,derecha,0.25
0,39,45,-0.96917,-0.00037,-0.05765,-0.05162,-0.00672,-0.53863,0.00,0.00,0.00,derecha,0.25
0,39,46,-0.96234,0.01555,-0.03892,-0.04780,-0.05544,-0.64568,0.00,0.00,0.00,derecha,0.25
0,39,47,-0.96490,0.01635,-0.04002,-0.06872,-0.05727,-0.68646,0.00,0.00,0.00,derecha,0.25
0,39,48,-0.97911,0.01580,-0.04069,-0.04826,-0.07850,-0.73029,0.00,0.00,0.00,derecha,0.25
0,39,49,-0.99381,0.00506,-0.04569,-0.06506,-0.08338,-0.74678,0.00,0.00,0.00,derecha,0.25
0,39,50,-1.01162,-0.00293,-0.07363,-0.08934,-0.04994,-0.75763,0.00,0.00,0.00,derecha,0.25
0,39,51,-1.01504,-0.01098,-0.03477,-0.08903,-0.00076,-0.78939,0.00,0.00,0.00,derecha,0.25
0,39,52,-1.00632,-0.01275,-0.04807,-0.08735,-0.03436,-0.88973,0.00,0.00,0.00,derecha,0.25
0,39,53,-0.99552,-0.02733,-0.04331,-0.10247,0.01405,-0.88117,0.00,0.00,0.00,derecha,0.25
0,39,54,-0.99064,-0.02977,-0.05191,-0.09697,0.01206,-0.90897,0.00,0.00,0.00,derecha,0.25
0,39,55,-0.98472,-0.02385,-0.03489,-0.07498,-0.00932,-0.96624,0.00,0.00,0.00,derecha,0.25
0,39,56,-0.97240,-0.02641,-0.04618,-0.10186,0.01649,-0.93340,0.00,0.00,0.00,derecha,0.25
0,39,57,-0.96654,-0.04972,-0.04764,-0.05818,-0.02764,-0.95692,0.00,0.00,0.00,derecha,0.25
0,39,58,-0.96508,-0.09668,-0.04788,-0.07666,-0.05818,-0.98746,0.00,0.00,0.00,derecha,0.25
0,39,59,-0.96734,-0.12389,-0.03849,-0.13210,-0.06781,-1.05191,0.00,0.00,0.00,derecha,0.25
0,39,60,-0.97978,-0.14359,-0.03270,-0.16463,-0.09239,-1.15698,0.00,0.00,0.00,derecha,0.25
0,39,61,-0.98655,-0.16696,-0.06338,-0.21304,-0.06597,-1.30114,0.00,0.00,0.00,derecha,0.25
0,40,1,-0.95380,0.13871,-0.03251,0.03024,-0.02963,-0.02642,0.00,0.00,0.00,derecha,0.50
0,40,2,-0.95367,0.14561,-0.05380,0.02749,-0.05024,-0.01481,0.00,0.00,0.00,derecha,0.50
0,40,3,-0.96465,0.15043,-0.04093,0.01115,-0.03925,-0.02016,0.00,0.00,0.00,derecha,0.50
0,40,4,-0.97667,0.15110,-0.04703,0.00977,-0.05483,-0.02352,0.00,0.00,0.00,derecha,0.50
0,40,5,-0.97228,0.15317,-0.04477,0.04414,-0.07117,-0.03314,0.00,0.00,0.00,derecha,0.50
0,40,6,-0.97155,0.16000,-0.03733,0.01756,-0.06292,-0.02016,0.00,0.00,0.00,derecha,0.50
0,40,7,-0.98369,0.15982,-0.04892,0.01817,-0.03696,0.01008,0.00,0.00,0.00,derecha,0.50
0,40,8,-0.98033,0.15707,-0.04374,0.04948,-0.07086,-0.03742,0.00,0.00,0.00,derecha,0.50
0,40,9,-0.98503,0.15860,-0.05502,0.03115,-0.03604,-0.02978,0.00,0.00,0.00,derecha,0.50
0,40,10,-0.99430,0.16238,-0.03300,0.03680,-0.01619,-0.01497,0.00,0.00,0.00,derecha,0.50
0,40,11,-1.00009,0.16635,-0.04654,0.05742,-0.00702,-0.03054,0.00,0.00,0.00,derecha,0.50
0,40,12,-0.98844,0.16263,-0.04429,0.04169,0.01848,-0.03054,0.00,0.00,0.00,derecha,0.50
0,40,13,-0.98722,0.16909,-0.04386,0.05253,0.01298,-0.05498,0.00,0.00,0.00,derecha,0.50
0,40,14,-0.96301,0.15573,-0.04362,0.01894,0.02321,-0.06429,0.00,0.00,0.00,derecha,0.50
0,40,15,-0.96441,0.15421,-0.05411,0.03314,0.00993,-0.10721,0.00,0.00,0.00,derecha,0.50
0,40,16,-0.95965,0.15518,-0.05130,0.05880,-0.03497,-0.11332,0.00,0.00,0.00,derecha,0.50
0,40,17,-0.95941,0.16702,-0.04679,0.04322,-0.01237,-0.07498,0.00,0.00,0.00,derecha,0.50
0,40,18,-0.96557,0.17037,-0.05008,0.01374,0.00199,-0.05513,0.00,0.00,0.00,derecha,0.50
0,40,19,-0.97521,0.17098,-0.04709,0.04627,-0.01772,-0.04551,0.00,0.00,0.00,derecha,0.50
0,40,20,-0.97435,0.16842,-0.04776,0.06536,-0.00519,-0.06261,0.00,0.00,0.00,derecha,0.50
0,40,21,-0.97063,0.15714,-0.04124,0.06643,0.01588,-0.04719,0.00,0.00,0.00,derecha,0.50
0,40,22,-0.96923,0.14805,-0.04075,0.08125,0.02596,-0.06429,0.00,0.00,0.00,derecha,0.50
0,40,23,-0.95910,0.14896,-0.04172,0.07743,-0.00336,-0.11622,0.00,0.00,0.00,derecha,0.50
0,40,24,-0.96642,0.14646,-0.03154,0.08308,-0.02214,-0.06918,0.00,0.00,0.00,derecha,0.50
0,40,25,-0.97966,0.13914,-0.03636,0.06994,0.00702,-0.01481,0.00,0.00,0.00,derecha,0.50
0,40,26,-0.96478,0.12664,-0.04746,0.05971,-0.04276,-0.02566,0.00,0.00,0.00,derecha,0.50
0,40,27,-0.97704,0.13524,-0.04557,0.03772,-0.05162,-0.00641,0.00,0.00,0.00,derecha,0.50
0,40,28,-0.97429,0.13420,-0.04435,0.06445,-0.04444,0.00870,0.00,0.00,0.00,derecha,0.50
0,40,29,-0.97600,0.12420,-0.05270,0.02489,-0.01069,-0.00657,0.00,0.00,0.00,derecha,0.50
0,40,30,-0.97716,0.13377,-0.04862,0.02199,0.00473,-0.02260,0.00,0.00,0.00,derecha,0.50
0,40,31,-0.98137,0.13688,-0.04374,0.06078,-0.02352,-0.10369,0.00,0.00,0.00,derecha,0.50
0,40,32,-0.97435,0.14463,-0.05130,0.06704,0.00244,-0.11194,0.00,0.00,0.00,derecha,0.50
0,40,33,-0.97545,0.14164,-0.03788,0.02871,0.01558,-0.12187,0.00,0.00,0.00,derecha,0.50
0,40,34,-0.97277,0.14134,-0.04215,0.01588,0.01130,-0.12034,0.00,0.00,0.00,derecha,0.50
0,40,35,-0.98674,0.14067,-0.05880,-0.00412,0.01710,-0.13011,0.00,0.00,0.00,derecha,0.50
0,40,36,-0.99479,0.15177,-0.06734,0.02688,0.06338,-0.13439,0.00,0.00,0.00,derecha,0.50
0,40,37,-0.97332,0.15165,-0.06960,0.02123,0.10064,-0.14172,0.00,0.00,0.00,derecha,0.50
0,40,38,-0.95941,0.13646,-0.05441,0.03696,0.06994,-0.19456,0.00,0.00,0.00,derecha,0.50
0,40,39,-0.94788,0.13060,-0.02653,0.03650,0.08079,-0.21640,0.00,0.00,0.00,derecha,0.50
0,40,40,-0.95069,0.13353,-0.05020,0.03131,0.03772,-0.27107,0.00,0.00,0.00,derecha,0.50
0,40,41,-0.95087,0.12505,-0.05063,-0.01054,0.05895,-0.31154,0.00,0.00,0.00,derecha,0.50
0,40,42,-0.95593,0.10571,-0.06783,0.01100,0.02062,-0.35629,0.00,0.00,0.00,derecha,0.50
0,40,43,-0.96575,0.08662,-0.06411,-0.01451,-0.02749,-0.45952,0.00,0.00,0.00,derecha,0.50
0,40,44,-0.96398,0.07814,-0.03959,-0.07300,0.02321,-0.52336,0.00,0.00,0.00,derecha,0.50
0,40,45,-0.97356,0.08040,-0.06472,-0.09117,0.00870,-0.65118,0.00,0.00,0.00,derecha,0.50
0,40,46,-0.96667,0.09626,-0.06728,-0.09010,0.00596,-0.75060,0.00,0.00,0.00,derecha,0.50
0,40,47,-0.97801,0.10925,-0.04551,-0.09056,0.00473,-0.81581,0.00,0.00,0.00,derecha,0.50
0,40,48,-0.97350,0.11986,-0.05045,-0.06765,-0.01038,-0.86865,0.00,0.00,0.00,derecha,0.50
0,40,49,-0.98430,0.12188,-0.06710,-0.06475,-0.00809,-0.84452,0.00,0.00,0.00,derecha,0.50
0,40,50,-0.99546,0.10352,-0.05972,-0.05223,0.01604,-0.83154,0.00,0.00,0.00,derecha,0.50
0,40,51,-1.00839,0.08333,-0.05819,-0.02611,0.01420,-0.85353,0.00,0.00,0.00,derecha,0.50
0,40,52,-1.00851,0.08388,-0.05661,-0.00702,0.01222,-0.90729,0.00,0.00,0.00,derecha,0.50
0,40,53,-1.01913,0.07655,-0.06088,-0.03589,0.05971,-0.90866,0.00,0.00,0.00,derecha,0.50
0,40,54,-1.01431,0.06063,-0.07314,0.00382,0.05391,-0.95936,0.00,0.00,0.00,derecha,0.50
0,40,55,-0.99765,0.06094,-0.06265,-0.00458,0.10919,-0.96731,0.00,0.00,0.00,derecha,0.50
0,40,56,-0.99308,0.02812,-0.06570,-0.00489,0.08201,-1.04992,0.00,0.00,0.00,derecha,0.50
0,40,57,-0.97966,-0.01074,-0.06679,-0.01268,0.05024,-1.11987,0.00,0.00,0.00,derecha,0.50
0,40,58,-0.97429,-0.02025,-0.06094,-0.08323,0.05742,-1.17851,0.00,0.00,0.00,derecha,0.50
0,40,59,-0.97624,-0.01366,-0.05728,-0.10507,0.00886,-1.25548,0.00,0.00,0.00,derecha,0.50
0,40,60,-0.98118,-0.01568,-0.06740,-0.08476,-0.02611,-1.31825,0.00,0.00,0.00,derecha,0.50
0,40,61,-0.98137,-0.03648,-0.06789,-0.12309,-0.00137,-1.35108,0.00,0.00,0.00,derecha,0.50
0,40,62,-0.98704,-0.07936,-0.06667,-0.11225,-0.03131,-1.45432,0.00,0.00,0.00,derecha,0.50
0,40,63,-0.99650,-0.10053,-0.05612,-0.13057,-0.03283,-1.58764,0.00,0.00,0.00,derecha,0.50
0,40,64,-1.02297,-0.09638,-0.07180,-0.19319,0.01772,-1.68507,0.00,0.00,0.00,derecha,0.50
0,40,65,-1.02230,-0.09754,-0.08217,-0.14478,0.01069,-1.81152,0.00,0.00,0.00,derecha,0.50
0,40,66,-1.01016,-0.09662,-0.07887,-0.14065,0.03497,-1.86421,0.00,0.00,0.00,derecha,0.50
0,40,67,-0.99637,-0.08882,-0.07857,-0.15669,0.08002,-1.84420,0.00,0.00,0.00,derecha,0.50
0,40,68,-0.99137,-0.08772,-0.06368,-0.09438,0.06109,-1.84161,0.00,0.00,0.00,derecha,0.50
0,41,1,-0.98332,0.10175,-0.05350,0.01268,-0.00596,-0.06063,0.00,0.00,0.00,derecha,0.75
0,41,2,-0.97185,0.10108,-0.06039,0.05864,-0.03192,-0.07651,0.00,0.00,0.00,derecha,0.75
0,41,3,-0.96447,0.10035,-0.03434,0.04749,-0.03680,-0.06613,0.00,0.00,0.00,derecha,0.75
0,41,4,-0.96770,0.10449,-0.05142,0.03604,-0.00550,-0.05391,0.00,0.00,0.00,derecha,0.75
0,41,5,-0.96502,0.10175,-0.04178,0.06231,-0.07117,-0.07865,0.00,0.00,0.00,derecha,0.75
0,41,6,-0.96917,0.09882,-0.06015,0.03604,-0.05925,-0.05147,0.00,0.00,0.00,derecha,0.75
0,41,7,-0.98417,0.09614,-0.05771,0.03482,-0.04154,-0.01939,0.00,0.00,0.00,derecha,0.75
0,41,8,-0.98033,0.09534,-0.03788,0.03100,-0.04383,-0.07162,0.00,0.00,0.00,derecha,0.75
0,41,9,-0.97155,0.10742,-0.04880,0.02092,-0.01680,-0.08292,0.00,0.00,0.00,derecha,0.75
0,41,10,-0.97563,0.10724,-0.05155,0.05880,-0.03085,-0.11011,0.00,0.00,0.00,derecha,0.75
0,41,11,-0.96288,0.10937,-0.04270,0.06628,-0.00993,-0.12187,0.00,0.00,0.00,derecha,0.75
0,41,12,-0.95276,0.09870,-0.03623,0.03696,-0.00580,-0.14691,0.00,0.00,0.00,derecha,0.75
0,41,13,-0.96301,0.09376,-0.04612,0.05681,-0.03421,-0.15638,0.00,0.00,0.00,derecha,0.75
0,41,14,-0.96423,0.09778,-0.03928,0.05880,-0.05024,-0.15424,0.00,0.00,0.00,derecha,0.75
0,41,15,-0.96606,0.12096,-0.04856,0.04948,-0.05651,-0.14737,0.00,0.00,0.00,derecha,0.75
0,41,16,-0.97594,0.10998,-0.03087,0.01161,-0.05605,-0.11209,0.00,0.00,0.00,derecha,0.75
0,41,17,-0.97838,0.10461,-0.03660,0.06231,-0.07391,-0.10354,0.00,0.00,0.00,derecha,0.75
0,41,18,-0.99033,0.09742,-0.04868,0.03268,-0.04078,-0.07941,0.00,0.00,0.00,derecha,0.75
0,41,19,-0.99259,0.08418,-0.03770,0.04551,-0.02291,-0.09255,0.00,0.00,0.00,derecha,0.75
0,41,20,-0.99723,0.08662,-0.03764,0.07254,-0.04429,-0.15974,0.00,0.00,0.00,derecha,0.75
0,41,21,-1.00955,0.07064,-0.04435,0.03039,0.00092,-0.17669,0.00,0.00,0.00,derecha,0.75
0,41,22,-1.00119,0.07570,-0.04917,0.04505,-0.01970,-0.24251,0.00,0.00,0.00,derecha,0.75
0,41,23,-1.00479,0.09296,-0.05405,0.04933,0.00382,-0.28023,0.00,0.00,0.00,derecha,0.75
0,41,24,-1.00028,0.09528,-0.04105,0.05421,0.03833,-0.27733,0.00,0.00,0.00,derecha,0.75
0,41,25,-0.98430,0.08869,-0.03148,0.08216,0.01542,-0.28497,0.00,0.00,0.00,derecha,0.75
0,41,26,-0.96990,0.08601,-0.03855,0.07010,0.01542,-0.29306,0.00,0.00,0.00,derecha,0.75
0,41,27,-0.97502,0.08430,-0.06173,0.04719,0.02214,-0.28222,0.00,0.00,0.00,derecha,0.75
0,41,28,-0.97588,0.08040,-0.05734,0.05544,0.01390,-0.31154,0.00,0.00,0.00,derecha,0.75
0,41,29,-0.99601,0.07332,-0.06533,0.06506,0.02673,-0.29963,0.00,0.00,0.00,derecha,0.75
0,41,30,-1.00766,0.06045,-0.06210,0.05651,0.10339,-0.32712,0.00,0.00,0.00,derecha,0.75
0,41,31,-1.00674,0.06185,-0.07387,0.11301,0.05986,-0.44440,0.00,0.00,0.00,derecha,0.75
0,41,32,-0.98454,0.06039,-0.06734,0.09239,0.13607,-0.48350,0.00,0.00,0.00,derecha,0.75
0,41,33,-0.97685,0.06039,-0.05002,0.10522,0.12492,-0.56917,0.00,0.00,0.00,derecha,0.75
0,41,34,-0.96783,0.04063,-0.05935,0.11805,0.08873,-0.63316,0.00,0.00,0.00,derecha,0.75
0,41,35,-0.98112,0.01708,-0.07100,0.08980,0.10553,-0.68814,0.00,0.00,0.00,derecha,0.75
0,41,36,-0.99650,-0.01049,-0.03953,0.08063,0.10522,-0.79092,0.00,0.00,0.00,derecha,0.75
0,41,37,-1.00406,-0.02782,-0.05911,0.06765,0.09988,-0.95448,0.00,0.00,0.00,derecha,0.75
0,41,38,-1.00522,-0.03605,-0.07027,0.01100,0.13271,-1.12017,0.00,0.00,0.00,derecha,0.75
0,41,39,-0.99717,-0.03300,-0.06887,0.02489,0.10919,-1.26663,0.00,0.00,0.00,derecha,0.75
0,41,40,-0.98558,-0.01702,-0.05002,0.00565,0.08399,-1.37445,0.00,0.00,0.00,derecha,0.75
0,41,41,-0.97332,-0.00805,-0.05588,-0.00596,0.11912,-1.35246,0.00,0.00,0.00,derecha,0.75
0,41,42,-0.98887,-0.01543,-0.05215,0.02688,0.08445,-1.34039,0.00,0.00,0.00,derecha,0.75
0,41,43,-0.98783,-0.02184,-0.06618,0.02520,0.08491,-1.29763,0.00,0.00,0.00,derecha,0.75
0,41,44,-0.99253,-0.02714,-0.06515,0.01710,0.10125,-1.20463,0.00,0.00,0.00,derecha,0.75
0,41,45,-0.98838,-0.04862,-0.05935,0.04963,0.09820,-1.16721,0.00,0.00,0.00,derecha,0.75
0,41,46,-0.99259,-0.07369,-0.09065,0.04856,0.11866,-1.15820,0.00,0.00,0.00,derecha,0.75
0,41,47,-0.99284,-0.11383,-0.07113,0.05055,0.13347,-1.22448,0.00,0.00,0.00,derecha,0.75
0,41,48,-0.98326,-0.14469,-0.06948,0.08094,0.10003,-1.38224,0.00,0.00,0.00,derecha,0.75
0,41,49,-0.98009,-0.16220,-0.07033,0.03131,0.11347,-1.52411,0.00,0.00,0.00,derecha,0.75
0,41,50,-0.98064,-0.15152,-0.07064,-0.00092,0.11500,-1.66064,0.00,0.00,0.00,derecha,0.75
0,41,51,-0.96673,-0.14866,-0.07698,0.01710,0.06032,-1.74219,0.00,0.00,0.00,derecha,0.75
0,41,52,-0.94593,-0.14048,-0.06887,-0.02016,0.05589,-1.72829,0.00,0.00,0.00,derecha,0.75
0,41,53,-0.92988,-0.16647,-0.07838,-0.02428,0.07773,-1.71806,0.00,0.00,0.00,derecha,0.75
0,41,54,-0.94788,-0.19026,-0.09156,-0.03497,0.00046,-1.74341,0.00,0.00,0.00,derecha,0.75
0,41,55,-0.94666,-0.20685,-0.09266,-0.04093,-0.01710,-1.76174,0.00,0.00,0.00,derecha,0.75
0,41,56,-0.96471,-0.20118,-0.06686,-0.03406,-0.02718,-1.78403,0.00,0.00,0.00,derecha,0.75
0,41,57,-0.96301,-0.18086,-0.08278,-0.00916,-0.01833,-1.73959,0.00,0.00,0.00,derecha,0.75
0,41,58,-0.95526,-0.19813,-0.08784,0.01176,0.07621,-1.62505,0.00,0.00,0.00,derecha,0.75
0,41,59,-0.92958,-0.22161,-0.07119,0.08506,-0.00489,-1.57283,0.00,0.00,0.00,derecha,0.75
0,41,60,-0.93178,-0.23686,-0.07503,0.10797,0.00901,-1.48242,0.00,0.00,0.00,derecha,0.75
0,41,61,-0.93428,-0.25065,-0.09571,0.10140,0.04291,-1.39277,0.00,0.00,0.00,derecha,0.75
0,41,62,-0.92866,-0.27840,-0.07649,0.17593,0.00870,-1.34910,0.00,0.00,0.00,derecha,0.75
0,41,63,-0.93141,-0.30677,-0.08680,0.18326,0.02596,-1.27793,0.00,0.00,0.00,derecha,0.75
0,41,64,-0.91811,-0.33056,-0.08497,0.15653,0.06994,-1.20570,0.00,0.00,0.00,derecha,0.75
0,41,65,-0.92269,-0.36429,-0.07540,0.18433,0.05284,-1.22524,0.00,0.00,0.00,derecha,0.75
0,41,66,-0.90622,-0.38485,-0.09492,0.17959,0.04795,-1.28037,0.00,0.00,0.00,derecha,0.75
0,42,1,-0.98613,0.10053,-0.06008,0.02749,-0.03146,-0.05299,0.00,0.00,0.00,derecha,1.00
0,42,2,-0.98332,0.10077,-0.06539,0.03986,-0.04887,-0.06048,0.00,0.00,0.00,derecha,1.00
0,42,3,-0.98649,0.10431,-0.05850,0.02291,-0.01665,-0.04246,0.00,0.00,0.00,derecha,1.00
0,42,4,-0.97716,0.09717,-0.03068,0.03329,-0.03360,-0.04016,0.00,0.00,0.00,derecha,1.00
0,42,5,-0.97478,0.10797,-0.06460,0.03238,-0.03803,-0.05040,0.00,0.00,0.00,derecha,1.00
0,42,6,-0.97777,0.09876,-0.03270,0.02718,-0.05055,-0.05956,0.00,0.00,0.00,derecha,1.00
0,42,7,-0.98619,0.09589,-0.05984,0.04047,-0.04490,-0.06093,0.00,0.00,0.00,derecha,1.00
0,42,8,-0.99308,0.09687,-0.05551,0.04093,-0.03803,-0.07941,0.00,0.00,0.00,derecha,1.00
0,42,9,-0.99674,0.09980,-0.05923,0.01283,0.01512,-0.07315,0.00,0.00,0.00,derecha,1.00
0,42,10,-0.99040,0.10041,-0.04459,0.05085,-0.02657,-0.14493,0.00,0.00,0.00,derecha,1.00
0,42,11,-0.97911,0.10852,-0.04880,0.03146,-0.00046,-0.15959,0.00,0.00,0.00,derecha,1.00
0,42,12,-0.95813,0.11053,-0.05703,0.03146,-0.03009,-0.16585,0.00,0.00,0.00,derecha,1.00
0,42,13,-0.97057,0.11376,-0.05496,0.08354,-0.05070,-0.18876,0.00,0.00,0.00,derecha,1.00
0,42,14,-0.96624,0.11395,-0.06466,0.06170,-0.02673,-0.12553,0.00,0.00,0.00,derecha,1.00
0,42,15,-0.97161,0.10754,-0.05880,0.07391,-0.03680,-0.10247,0.00,0.00,0.00,derecha,1.00
0,42,16,-0.98423,0.09034,-0.04758,0.07162,-0.02932,-0.10110,0.00,0.00,0.00,derecha,1.00
0,42,17,-0.98253,0.07912,-0.06753,0.04627,-0.01420,-0.12706,0.00,0.00,0.00,derecha,1.00
0,42,18,-0.98930,0.06381,-0.05716,0.04016,0.00458,-0.18066,0.00,0.00,0.00,derecha,1.00
0,42,19,-0.99406,0.04343,-0.06259,0.04215,-0.00107,-0.30604,0.00,0.00,0.00,derecha,1.00
0,42,20,-1.01431,0.03953,-0.08912,0.01405,0.06231,-0.43142,0.00,0.00,0.00,derecha,1.00
0,42,21,-1.00400,0.01800,-0.06021,0.01359,0.07178,-0.56536,0.00,0.00,0.00,derecha,1.00
0,42,22,-0.98088,0.00769,-0.05295,-0.00351,0.09453,-0.71395,0.00,0.00,0.00,derecha,1.00
0,42,23,-0.98619,-0.01470,-0.05941,-0.11148,0.10644,-0.89904,0.00,0.00,0.00,derecha,1.00
0,42,24,-1.00089,0.00891,-0.05167,-0.14539,0.08170,-1.04947,0.00,0.00,0.00,derecha,1.00
0,42,25,-1.00528,-0.00116,-0.05618,-0.10873,0.06460,-1.25334,0.00,0.00,0.00,derecha,1.00
0,42,26,-1.00369,0.00659,-0.06063,-0.13912,0.08644,-1.37078,0.00,0.00,0.00,derecha,1.00
0,42,27,-0.99332,0.00769,-0.06332,-0.13057,0.06078,-1.49723,0.00,0.00,0.00,derecha,1.00
0,42,28,-0.97698,0.01854,-0.04368,-0.16661,0.05620,-1.51327,0.00,0.00,0.00,derecha,1.00
0,42,29,-0.97978,0.02782,-0.06667,-0.14478,0.05330,-1.48959,0.00,0.00,0.00,derecha,1.00
0,42,30,-0.99424,0.01330,-0.06088,-0.13164,0.10996,-1.43294,0.00,0.00,0.00,derecha,1.00
0,42,31,-1.00058,-0.02812,-0.07637,-0.10079,0.07834,-1.43446,0.00,0.00,0.00,derecha,1.00
0,42,32,-1.02639,-0.04880,-0.07857,-0.08751,0.10766,-1.51281,0.00,0.00,0.00,derecha,1.00
0,42,33,-1.03297,-0.07198,-0.07729,-0.03192,0.12569,-1.65774,0.00,0.00,0.00,derecha,1.00
0,42,34,-1.03389,-0.09498,-0.10303,-0.04291,0.19273,-1.79335,0.00,0.00,0.00,derecha,1.00
0,42,35,-1.00839,-0.09095,-0.08125,-0.02474,0.21655,-1.90590,0.00,0.00,0.00,derecha,1.00
0,42,36,-0.98783,-0.09650,-0.08479,0.03528,0.18524,-1.96638,0.00,0.00,0.00,derecha,1.00
0,42,37,-0.97081,-0.12767,-0.07222,0.02688,0.19471,-2.02257,0.00,0.00,0.00,derecha,1.00
0,42,38,-0.97576,-0.15829,-0.05777,0.01512,0.17272,-2.08137,0.00,0.00,0.00,derecha,1.00
0,42,39,-0.99338,-0.17903,-0.08644,0.02489,0.14096,-2.15758,0.00,0.00,0.00,derecha,1.00
0,42,40,-1.00113,-0.19020,-0.09248,0.01863,0.17730,-2.20721,0.00,0.00,0.00,derecha,1.00
0,42,41,-1.02431,-0.19130,-0.10602,0.03696,0.22266,-2.30067,0.00,0.00,0.00,derecha,1.00
0,42,42,-1.00449,-0.23040,-0.12151,0.07682,0.25152,-2.30785,0.00,0.00,0.00,derecha,1.00
0,42,43,-0.99772,-0.26096,-0.10766,0.03711,0.32315,-2.31640,0.00,0.00,0.00,derecha,1.00
0,42,44,-0.98570,-0.27493,-0.09168,0.03497,0.34025,-2.35489,0.00,0.00,0.00,derecha,1.00
0,42,45,-0.98454,-0.29085,-0.11053,0.01833,0.38530,-2.31121,0.00,0.00,0.00,derecha,1.00
0,42,46,-0.96722,-0.31927,-0.10455,-0.05208,0.44853,-2.25318,0.00,0.00,0.00,derecha,1.00
0,42,47,-0.92934,-0.32787,-0.09431,-0.03482,0.42226,-2.11650,0.00,0.00,0.00,derecha,1.00
0,42,48,-0.89890,-0.34904,-0.11370,-0.01573,0.40149,-1.99692,0.00,0.00,0.00,derecha,1.00
0,42,49,-0.90719,-0.39211,-0.10724,-0.05712,0.43875,-1.93996,0.00,0.00,0.00,derecha,1.00
0,42,50,-0.91476,-0.43786,-0.11712,-0.06246,0.38897,-1.99295,0.00,0.00,0.00,derecha,1.00
0,42,51,-0.90933,-0.48239,-0.12359,-0.08491,0.41814,-2.09802,0.00,0.00,0.00,derecha,1.00
0,42,52,-0.89005,-0.48574,-0.10870,-0.11393,0.41890,-2.24065,0.00,0.00,0.00,derecha,1.00
0,42,53,-0.86553,-0.47403,-0.10888,-0.09285,0.36591,-2.37718,0.00,0.00,0.00,derecha,1.00
0,42,54,-0.84332,-0.47293,-0.12182,-0.09988,0.34957,-2.45934,0.00,0.00,0.00,derecha,1.00
